_model	model.x	model.y	foc_minimum_features	soc_vector	soc_length_num	tokens	type	LEMMAPATH	LEMMAREL	foc_boundaries	foc_context_words	foc_foc_pos	foc_foc_win	foc_ppmi	soc_soc_win	foc_base	stress	pam_cluster	is_medoid
schaal.BOWbound10lex.PPMIweight.LENGTH5000.SOCPOSnav	-0.0478370958976683	-0.06320671264550021	1	nav_5000	5000	311	schaal	NA	NA	bound	557	lex	10_10	weight	4_4	BOW	0.20041423608630132	c1	0
schaal.BOWbound10lex.PPMIweight.LENGTH5000.SOCPOSall	-0.123539486736736	-0.09958591944361041	1	all_5000	5000	311	schaal	NA	NA	bound	557	lex	10_10	weight	4_4	BOW	0.23720610580784915	c1	0
schaal.BOWbound10lex.PPMIweight.LENGTHFOC.SOCPOSnav	0.010784559731240513	-0.08032964942846467	1	nav_FOC	447	311	schaal	NA	NA	bound	557	lex	10_10	weight	4_4	BOW	0.2112339031625977	c2	0
schaal.BOWbound10lex.PPMIweight.LENGTHFOC.SOCPOSall	0.007176136891852633	-0.07090094248639454	1	all_FOC	557	311	schaal	NA	NA	bound	557	lex	10_10	weight	4_4	BOW	0.21047282556674884	c2	0
schaal.BOWbound10lex.PPMIselection.LENGTH5000.SOCPOSnav	0.07916124903671914	-0.06660797746923497	1	nav_5000	5000	311	schaal	NA	NA	bound	557	lex	10_10	selection	4_4	BOW	0.22074816626387342	c3	0
schaal.BOWbound10lex.PPMIselection.LENGTH5000.SOCPOSall	0.021029964884396783	-0.2454693171501932	1	all_5000	5000	311	schaal	NA	NA	bound	557	lex	10_10	selection	4_4	BOW	0.24905440084143682	c3	0
schaal.BOWbound10lex.PPMIselection.LENGTHFOC.SOCPOSnav	0.16635475022522742	-0.08748913570190475	1	nav_FOC	447	311	schaal	NA	NA	bound	557	lex	10_10	selection	4_4	BOW	0.22434915949539336	c3	0
schaal.BOWbound10lex.PPMIselection.LENGTHFOC.SOCPOSall	0.15899951412952776	-0.08158207027214132	1	all_FOC	557	311	schaal	NA	NA	bound	557	lex	10_10	selection	4_4	BOW	0.21928731816491906	c3	0
schaal.BOWbound10lex.PPMIno.LENGTH5000.SOCPOSnav	0.2162086477852109	-0.08350904082970778	1	nav_5000	5000	318	schaal	NA	NA	bound	1117	lex	10_10	no	4_4	BOW	0.2438741088262861	c4	0
schaal.BOWbound10lex.PPMIno.LENGTH5000.SOCPOSall	0.4392074505591337	-0.24655880595573534	1	all_5000	5000	318	schaal	NA	NA	bound	1117	lex	10_10	no	4_4	BOW	0.25975527585534874	c5	0
schaal.BOWbound10lex.PPMIno.LENGTHFOC.SOCPOSnav	0.2528530891067379	-0.07617783041381286	1	nav_FOC	880	318	schaal	NA	NA	bound	1117	lex	10_10	no	4_4	BOW	0.2396587540653311	c4	0
schaal.BOWbound10lex.PPMIno.LENGTHFOC.SOCPOSall	0.2599339229179532	-0.0743142052433475	1	all_FOC	1117	318	schaal	NA	NA	bound	1117	lex	10_10	no	4_4	BOW	0.23652047781988517	c4	0
schaal.BOWbound10all.PPMIweight.LENGTH5000.SOCPOSnav	-0.05695378349112592	-0.02656928105357705	1	nav_5000	5000	318	schaal	NA	NA	bound	708	all	10_10	weight	4_4	BOW	0.17294250098490896	c2	0
schaal.BOWbound10all.PPMIweight.LENGTH5000.SOCPOSall	-0.1104490945283154	-0.010057455215771	1	all_5000	5000	318	schaal	NA	NA	bound	708	all	10_10	weight	4_4	BOW	0.18745520728674694	c6	0
schaal.BOWbound10all.PPMIweight.LENGTHFOC.SOCPOSnav	0.01419406977399056	-0.0439553097485083	1	nav_FOC	447	318	schaal	NA	NA	bound	708	all	10_10	weight	4_4	BOW	0.19645417145698307	c2	0
schaal.BOWbound10all.PPMIweight.LENGTHFOC.SOCPOSall	0.006007775033666437	-0.03509407626290938	1	all_FOC	708	318	schaal	NA	NA	bound	708	all	10_10	weight	4_4	BOW	0.1929183133375536	c2	0
schaal.BOWbound10all.PPMIselection.LENGTH5000.SOCPOSnav	0.1903738771122358	0.09784696440492721	1	nav_5000	5000	318	schaal	NA	NA	bound	708	all	10_10	selection	4_4	BOW	0.24251758682727595	c7	0
schaal.BOWbound10all.PPMIselection.LENGTH5000.SOCPOSall	0.19467211445033028	0.35581118738631884	1	all_5000	5000	318	schaal	NA	NA	bound	708	all	10_10	selection	4_4	BOW	0.25174440402539416	c5	0
schaal.BOWbound10all.PPMIselection.LENGTHFOC.SOCPOSnav	0.23087026580166403	0.008127911251283823	1	nav_FOC	447	318	schaal	NA	NA	bound	708	all	10_10	selection	4_4	BOW	0.23651197134152063	c7	0
schaal.BOWbound10all.PPMIselection.LENGTHFOC.SOCPOSall	0.2280522272176811	0.02461830938244464	1	all_FOC	708	318	schaal	NA	NA	bound	708	all	10_10	selection	4_4	BOW	0.24088362668761865	c7	0
schaal.BOWbound10all.PPMIno.LENGTH5000.SOCPOSnav	0.3072173753930914	0.03200258378520346	1	nav_5000	5000	318	schaal	NA	NA	bound	1485	all	10_10	no	4_4	BOW	0.2537487096499723	c4	0
schaal.BOWbound10all.PPMIno.LENGTH5000.SOCPOSall	0.43326671115557075	0.3300517328165683	1	all_5000	5000	318	schaal	NA	NA	bound	1485	all	10_10	no	4_4	BOW	0.26031162337599645	c5	0
schaal.BOWbound10all.PPMIno.LENGTHFOC.SOCPOSnav	0.3189936949649289	3.3037805711389395e-4	1	nav_FOC	880	318	schaal	NA	NA	bound	1485	all	10_10	no	4_4	BOW	0.23689169209222907	c4	1
schaal.BOWbound10all.PPMIno.LENGTHFOC.SOCPOSall	0.34760042341133546	0.024032416767316305	1	all_FOC	1485	318	schaal	NA	NA	bound	1485	all	10_10	no	4_4	BOW	0.24012884969953888	c4	0
schaal.BOWbound5lex.PPMIweight.LENGTH5000.SOCPOSnav	-0.07441270421380054	-0.0737702854116225	1	nav_5000	5000	301	schaal	NA	NA	bound	412	lex	5_5	weight	4_4	BOW	0.20334507248621425	c1	0
schaal.BOWbound5lex.PPMIweight.LENGTH5000.SOCPOSall	-0.15325300681939963	-0.10862329593724301	1	all_5000	5000	301	schaal	NA	NA	bound	412	lex	5_5	weight	4_4	BOW	0.23225531115415146	c1	0
schaal.BOWbound5lex.PPMIweight.LENGTHFOC.SOCPOSnav	-0.019558164402032188	-0.09299515199564228	1	nav_FOC	330	301	schaal	NA	NA	bound	412	lex	5_5	weight	4_4	BOW	0.21673301305063547	c2	0
schaal.BOWbound5lex.PPMIweight.LENGTHFOC.SOCPOSall	-0.01785451353231469	-0.08298572031465043	1	all_FOC	412	301	schaal	NA	NA	bound	412	lex	5_5	weight	4_4	BOW	0.21786872884653868	c2	0
schaal.BOWbound5lex.PPMIselection.LENGTH5000.SOCPOSnav	-0.002454656154871279	-0.09470887168518793	1	nav_5000	5000	301	schaal	NA	NA	bound	412	lex	5_5	selection	4_4	BOW	0.22134131035808416	c3	0
schaal.BOWbound5lex.PPMIselection.LENGTH5000.SOCPOSall	-0.11213926062706489	-0.18776939184042973	1	all_5000	5000	301	schaal	NA	NA	bound	412	lex	5_5	selection	4_4	BOW	0.24233809322585306	c1	0
schaal.BOWbound5lex.PPMIselection.LENGTHFOC.SOCPOSnav	0.09305911764157068	-0.10421301247969121	1	nav_FOC	330	301	schaal	NA	NA	bound	412	lex	5_5	selection	4_4	BOW	0.23033791000647777	c3	0
schaal.BOWbound5lex.PPMIselection.LENGTHFOC.SOCPOSall	0.09094865428464395	-0.09642833938667845	1	all_FOC	412	301	schaal	NA	NA	bound	412	lex	5_5	selection	4_4	BOW	0.23380750502704334	c3	1
schaal.BOWbound5lex.PPMIno.LENGTH5000.SOCPOSnav	0.08584179196125495	-0.06903897208514596	1	nav_5000	5000	314	schaal	NA	NA	bound	673	lex	5_5	no	4_4	BOW	0.23670182607758247	c3	0
schaal.BOWbound5lex.PPMIno.LENGTH5000.SOCPOSall	0.0786517510044365	-0.3389818185085235	1	all_5000	5000	314	schaal	NA	NA	bound	673	lex	5_5	no	4_4	BOW	0.258255461175859	c5	0
schaal.BOWbound5lex.PPMIno.LENGTHFOC.SOCPOSnav	0.14361718180096864	-0.0651708402813681	1	nav_FOC	540	314	schaal	NA	NA	bound	673	lex	5_5	no	4_4	BOW	0.24675609514687807	c3	0
schaal.BOWbound5lex.PPMIno.LENGTHFOC.SOCPOSall	0.1486652211867263	-0.06182460997956021	1	all_FOC	673	314	schaal	NA	NA	bound	673	lex	5_5	no	4_4	BOW	0.24786436791857044	c3	0
schaal.BOWbound5all.PPMIweight.LENGTH5000.SOCPOSnav	-0.07641190464711453	-0.02640218221265591	1	nav_5000	5000	318	schaal	NA	NA	bound	522	all	5_5	weight	4_4	BOW	0.1700909916500405	c2	0
schaal.BOWbound5all.PPMIweight.LENGTH5000.SOCPOSall	-0.12125708694298314	-0.01095604952574429	1	all_5000	5000	318	schaal	NA	NA	bound	522	all	5_5	weight	4_4	BOW	0.18356661764791724	c6	0
schaal.BOWbound5all.PPMIweight.LENGTHFOC.SOCPOSnav	-0.010460044797407851	-0.04201918696659146	1	nav_FOC	330	318	schaal	NA	NA	bound	522	all	5_5	weight	4_4	BOW	0.20008443501808262	c2	0
schaal.BOWbound5all.PPMIweight.LENGTHFOC.SOCPOSall	-0.015007084763710033	-0.03145237442848234	1	all_FOC	522	318	schaal	NA	NA	bound	522	all	5_5	weight	4_4	BOW	0.19961126118664593	c2	0
schaal.BOWbound5all.PPMIselection.LENGTH5000.SOCPOSnav	0.04040586962720752	0.08093021400200945	1	nav_5000	5000	318	schaal	NA	NA	bound	522	all	5_5	selection	4_4	BOW	0.23125124528153027	c7	0
schaal.BOWbound5all.PPMIselection.LENGTH5000.SOCPOSall	0.0029419678691320426	0.2622374098947921	1	all_5000	5000	318	schaal	NA	NA	bound	522	all	5_5	selection	4_4	BOW	0.24239019176935223	c5	0
schaal.BOWbound5all.PPMIselection.LENGTHFOC.SOCPOSnav	0.13754162076718696	0.009575680089154322	1	nav_FOC	330	318	schaal	NA	NA	bound	522	all	5_5	selection	4_4	BOW	0.24377038496394615	c7	0
schaal.BOWbound5all.PPMIselection.LENGTHFOC.SOCPOSall	0.1257759542233294	0.0193213237379642	1	all_FOC	522	318	schaal	NA	NA	bound	522	all	5_5	selection	4_4	BOW	0.24019629395557432	c7	1
schaal.BOWbound5all.PPMIno.LENGTH5000.SOCPOSnav	0.12239891011579447	0.07538410509463046	1	nav_5000	5000	318	schaal	NA	NA	bound	889	all	5_5	no	4_4	BOW	0.24570086777027722	c7	0
schaal.BOWbound5all.PPMIno.LENGTH5000.SOCPOSall	0.15160064182678062	0.34616789612734383	1	all_5000	5000	318	schaal	NA	NA	bound	889	all	5_5	no	4_4	BOW	0.26460076367340907	c5	1
schaal.BOWbound5all.PPMIno.LENGTHFOC.SOCPOSnav	0.1778270410361416	0.025292680041732518	1	nav_FOC	540	318	schaal	NA	NA	bound	889	all	5_5	no	4_4	BOW	0.24553090606624628	c7	0
schaal.BOWbound5all.PPMIno.LENGTHFOC.SOCPOSall	0.20445392809001972	0.04886962487850249	1	all_FOC	889	318	schaal	NA	NA	bound	889	all	5_5	no	4_4	BOW	0.24298672879595096	c7	0
schaal.BOWbound3lex.PPMIweight.LENGTH5000.SOCPOSnav	-0.09700957603428514	-0.07631968705558526	1	nav_5000	5000	280	schaal	NA	NA	bound	287	lex	3_3	weight	4_4	BOW	0.19190399328977167	c1	1
schaal.BOWbound3lex.PPMIweight.LENGTH5000.SOCPOSall	-0.16365021061736815	-0.09512749930046221	1	all_5000	5000	280	schaal	NA	NA	bound	287	lex	3_3	weight	4_4	BOW	0.21507595436577273	c1	0
schaal.BOWbound3lex.PPMIweight.LENGTHFOC.SOCPOSnav	-0.05695102737157419	-0.09596415263192136	1	nav_FOC	233	280	schaal	NA	NA	bound	287	lex	3_3	weight	4_4	BOW	0.2115678872327221	c1	0
schaal.BOWbound3lex.PPMIweight.LENGTHFOC.SOCPOSall	-0.05985723237810522	-0.09444640935852731	1	all_FOC	287	280	schaal	NA	NA	bound	287	lex	3_3	weight	4_4	BOW	0.2073510474335901	c1	0
schaal.BOWbound3lex.PPMIselection.LENGTH5000.SOCPOSnav	-0.08642366239298487	-0.09470697300183972	1	nav_5000	5000	280	schaal	NA	NA	bound	287	lex	3_3	selection	4_4	BOW	0.21100796963335655	c1	0
schaal.BOWbound3lex.PPMIselection.LENGTH5000.SOCPOSall	-0.1655194904718796	-0.1238859193855165	1	all_5000	5000	280	schaal	NA	NA	bound	287	lex	3_3	selection	4_4	BOW	0.23103507528466688	c1	0
schaal.BOWbound3lex.PPMIselection.LENGTHFOC.SOCPOSnav	0.013752912392311594	-0.12302198731417163	1	nav_FOC	233	280	schaal	NA	NA	bound	287	lex	3_3	selection	4_4	BOW	0.2305065622153445	c3	0
schaal.BOWbound3lex.PPMIselection.LENGTHFOC.SOCPOSall	0.008268638512740414	-0.11845216882002879	1	all_FOC	287	280	schaal	NA	NA	bound	287	lex	3_3	selection	4_4	BOW	0.23381856525836645	c3	0
schaal.BOWbound3lex.PPMIno.LENGTH5000.SOCPOSnav	-0.04251802265770427	-0.10664846060873052	1	nav_5000	5000	296	schaal	NA	NA	bound	407	lex	3_3	no	4_4	BOW	0.23267280946753066	c1	0
schaal.BOWbound3lex.PPMIno.LENGTH5000.SOCPOSall	-0.1568354932092364	-0.20143138923564477	1	all_5000	5000	296	schaal	NA	NA	bound	407	lex	3_3	no	4_4	BOW	0.24933725794567407	c1	0
schaal.BOWbound3lex.PPMIno.LENGTHFOC.SOCPOSnav	0.06435354131020257	-0.12515834924500563	1	nav_FOC	329	296	schaal	NA	NA	bound	407	lex	3_3	no	4_4	BOW	0.24801252246120392	c3	0
schaal.BOWbound3lex.PPMIno.LENGTHFOC.SOCPOSall	0.06511933885795777	-0.1273452942315058	1	all_FOC	407	296	schaal	NA	NA	bound	407	lex	3_3	no	4_4	BOW	0.24740002864578878	c3	0
schaal.BOWbound3all.PPMIweight.LENGTH5000.SOCPOSnav	-0.11371705130999549	-0.04094830554274177	1	nav_5000	5000	317	schaal	NA	NA	bound	353	all	3_3	weight	4_4	BOW	0.17452830085631127	c6	0
schaal.BOWbound3all.PPMIweight.LENGTH5000.SOCPOSall	-0.1518125914704047	-0.027626873472710107	1	all_5000	5000	317	schaal	NA	NA	bound	353	all	3_3	weight	4_4	BOW	0.18695122482841506	c6	0
schaal.BOWbound3all.PPMIweight.LENGTHFOC.SOCPOSnav	-0.052139111296530836	-0.04398556049140575	1	nav_FOC	233	317	schaal	NA	NA	bound	353	all	3_3	weight	4_4	BOW	0.2079110501946046	c2	0
schaal.BOWbound3all.PPMIweight.LENGTHFOC.SOCPOSall	-0.05979581905216796	-0.03709508805896713	1	all_FOC	353	317	schaal	NA	NA	bound	353	all	3_3	weight	4_4	BOW	0.19254326251665618	c2	0
schaal.BOWbound3all.PPMIselection.LENGTH5000.SOCPOSnav	-0.053421540737062796	0.07674249120123632	1	nav_5000	5000	317	schaal	NA	NA	bound	353	all	3_3	selection	4_4	BOW	0.21896873418769422	c8	0
schaal.BOWbound3all.PPMIselection.LENGTH5000.SOCPOSall	-0.10379461007690811	0.16908301754504357	1	all_5000	5000	317	schaal	NA	NA	bound	353	all	3_3	selection	4_4	BOW	0.22169843047084156	c8	0
schaal.BOWbound3all.PPMIselection.LENGTHFOC.SOCPOSnav	0.051853908967998324	0.060817242867187565	1	nav_FOC	233	317	schaal	NA	NA	bound	353	all	3_3	selection	4_4	BOW	0.242823930235593	c7	0
schaal.BOWbound3all.PPMIselection.LENGTHFOC.SOCPOSall	0.03522143316647813	0.05406997994160872	1	all_FOC	353	317	schaal	NA	NA	bound	353	all	3_3	selection	4_4	BOW	0.2353479228407486	c7	0
schaal.BOWbound3all.PPMIno.LENGTH5000.SOCPOSnav	-0.021177517642872273	0.08316803002634564	1	nav_5000	5000	317	schaal	NA	NA	bound	538	all	3_3	no	4_4	BOW	0.22884613569154566	c8	0
schaal.BOWbound3all.PPMIno.LENGTH5000.SOCPOSall	-0.0683127374870667	0.21808342835771788	1	all_5000	5000	317	schaal	NA	NA	bound	538	all	3_3	no	4_4	BOW	0.2408507849273451	c8	0
schaal.BOWbound3all.PPMIno.LENGTHFOC.SOCPOSnav	0.07991495420831607	0.066362611350557	1	nav_FOC	329	317	schaal	NA	NA	bound	538	all	3_3	no	4_4	BOW	0.24732386532166958	c7	0
schaal.BOWbound3all.PPMIno.LENGTHFOC.SOCPOSall	0.07823574252472704	0.06869411037418545	1	all_FOC	538	317	schaal	NA	NA	bound	538	all	3_3	no	4_4	BOW	0.241918584939071	c7	0
schaal.BOWnobound10lex.PPMIweight.LENGTH5000.SOCPOSnav	-0.04240429233101512	-0.059044372418303105	1	nav_5000	5000	315	schaal	NA	NA	nobound	640	lex	10_10	weight	4_4	BOW	0.1952259086556956	c1	0
schaal.BOWnobound10lex.PPMIweight.LENGTH5000.SOCPOSall	-0.12196967494162497	-0.10276651980881907	1	all_5000	5000	315	schaal	NA	NA	nobound	640	lex	10_10	weight	4_4	BOW	0.23908525360479357	c1	0
schaal.BOWnobound10lex.PPMIweight.LENGTHFOC.SOCPOSnav	0.01764056192648871	-0.08376514155514125	1	nav_FOC	506	315	schaal	NA	NA	nobound	640	lex	10_10	weight	4_4	BOW	0.20696819002307434	c2	0
schaal.BOWnobound10lex.PPMIweight.LENGTHFOC.SOCPOSall	0.01113354003982634	-0.07416928616483152	1	all_FOC	640	315	schaal	NA	NA	nobound	640	lex	10_10	weight	4_4	BOW	0.2035627352167517	c2	0
schaal.BOWnobound10lex.PPMIselection.LENGTH5000.SOCPOSnav	0.1240781943209704	-0.07049335986074423	1	nav_5000	5000	315	schaal	NA	NA	nobound	640	lex	10_10	selection	4_4	BOW	0.22936281012863577	c3	0
schaal.BOWnobound10lex.PPMIselection.LENGTH5000.SOCPOSall	0.11725454708601245	-0.3092407781741144	1	all_5000	5000	315	schaal	NA	NA	nobound	640	lex	10_10	selection	4_4	BOW	0.25885061262873665	c3	0
schaal.BOWnobound10lex.PPMIselection.LENGTHFOC.SOCPOSnav	0.19081250649134607	-0.0906617719624145	1	nav_FOC	506	315	schaal	NA	NA	nobound	640	lex	10_10	selection	4_4	BOW	0.2183986762565995	c3	0
schaal.BOWnobound10lex.PPMIselection.LENGTHFOC.SOCPOSall	0.1794379893600926	-0.08252063574336779	1	all_FOC	640	315	schaal	NA	NA	nobound	640	lex	10_10	selection	4_4	BOW	0.21767825637809832	c3	0
schaal.BOWnobound10lex.PPMIno.LENGTH5000.SOCPOSnav	0.27367441040237517	-0.0912938080383931	1	nav_5000	5000	318	schaal	NA	NA	nobound	1410	lex	10_10	no	4_4	BOW	0.2361333553401993	c4	0
schaal.BOWnobound10lex.PPMIno.LENGTH5000.SOCPOSall	0.5948212840968657	-0.19818690444570705	1	all_5000	5000	318	schaal	NA	NA	nobound	1410	lex	10_10	no	4_4	BOW	0.2618116885196506	c5	0
schaal.BOWnobound10lex.PPMIno.LENGTHFOC.SOCPOSnav	0.2812253631609244	-0.08253219746583591	1	nav_FOC	1092	318	schaal	NA	NA	nobound	1410	lex	10_10	no	4_4	BOW	0.2331525014186162	c4	0
schaal.BOWnobound10lex.PPMIno.LENGTHFOC.SOCPOSall	0.28807154113274824	-0.0794559170962519	1	all_FOC	1410	318	schaal	NA	NA	nobound	1410	lex	10_10	no	4_4	BOW	0.22971488940272763	c4	0
schaal.BOWnobound10all.PPMIweight.LENGTH5000.SOCPOSnav	-0.0491633964280218	-0.028654760715229516	1	nav_5000	5000	318	schaal	NA	NA	nobound	809	all	10_10	weight	4_4	BOW	0.17399663556618405	c2	0
schaal.BOWnobound10all.PPMIweight.LENGTH5000.SOCPOSall	-0.10449328325059573	-0.008487852619818836	1	all_5000	5000	318	schaal	NA	NA	nobound	809	all	10_10	weight	4_4	BOW	0.19431763359535137	c6	0
schaal.BOWnobound10all.PPMIweight.LENGTHFOC.SOCPOSnav	0.020347383409264265	-0.049263111431517403	1	nav_FOC	506	318	schaal	NA	NA	nobound	809	all	10_10	weight	4_4	BOW	0.1934916922869705	c2	0
schaal.BOWnobound10all.PPMIweight.LENGTHFOC.SOCPOSall	0.010475424565298588	-0.04034732986280689	1	all_FOC	809	318	schaal	NA	NA	nobound	809	all	10_10	weight	4_4	BOW	0.19232559206518965	c2	0
schaal.BOWnobound10all.PPMIselection.LENGTH5000.SOCPOSnav	0.24117850048406417	0.08641291947919134	1	nav_5000	5000	318	schaal	NA	NA	nobound	809	all	10_10	selection	4_4	BOW	0.2449171669095234	c7	0
schaal.BOWnobound10all.PPMIselection.LENGTH5000.SOCPOSall	0.25002588060193276	0.3917531075112473	1	all_5000	5000	318	schaal	NA	NA	nobound	809	all	10_10	selection	4_4	BOW	0.2532594220962634	c5	0
schaal.BOWnobound10all.PPMIselection.LENGTHFOC.SOCPOSnav	0.26094755379509393	-0.0015377764955639593	1	nav_FOC	506	318	schaal	NA	NA	nobound	809	all	10_10	selection	4_4	BOW	0.22609033993652214	c4	0
schaal.BOWnobound10all.PPMIselection.LENGTHFOC.SOCPOSall	0.25772879540675814	0.012633878015072016	1	all_FOC	809	318	schaal	NA	NA	nobound	809	all	10_10	selection	4_4	BOW	0.2327462170416563	c4	0
schaal.BOWnobound10all.PPMIno.LENGTH5000.SOCPOSnav	0.365237985515646	0.00676864450066668	1	nav_5000	5000	318	schaal	NA	NA	nobound	1858	all	10_10	no	4_4	BOW	0.2343989395209329	c4	0
schaal.BOWnobound10all.PPMIno.LENGTH5000.SOCPOSall	0.5837205130368859	0.32536967877607853	1	all_5000	5000	318	schaal	NA	NA	nobound	1858	all	10_10	no	4_4	BOW	0.25148369987781327	c5	0
schaal.BOWnobound10all.PPMIno.LENGTHFOC.SOCPOSnav	0.3554902210602047	-0.01549955081226908	1	nav_FOC	1092	318	schaal	NA	NA	nobound	1858	all	10_10	no	4_4	BOW	0.21654317615217858	c4	0
schaal.BOWnobound10all.PPMIno.LENGTHFOC.SOCPOSall	0.3860356345910101	0.0042379375901788995	1	all_FOC	1858	318	schaal	NA	NA	nobound	1858	all	10_10	no	4_4	BOW	0.2194144651358644	c4	0
schaal.BOWnobound5lex.PPMIweight.LENGTH5000.SOCPOSnav	-0.07438682108326314	-0.08149377556676339	1	nav_5000	5000	305	schaal	NA	NA	nobound	440	lex	5_5	weight	4_4	BOW	0.2034601932668212	c1	0
schaal.BOWnobound5lex.PPMIweight.LENGTH5000.SOCPOSall	-0.15626837820083875	-0.11797359828822826	1	all_5000	5000	305	schaal	NA	NA	nobound	440	lex	5_5	weight	4_4	BOW	0.23452498207426434	c1	0
schaal.BOWnobound5lex.PPMIweight.LENGTHFOC.SOCPOSnav	-0.019493659062094864	-0.104043224375319	1	nav_FOC	352	305	schaal	NA	NA	nobound	440	lex	5_5	weight	4_4	BOW	0.21263455103059595	c2	0
schaal.BOWnobound5lex.PPMIweight.LENGTHFOC.SOCPOSall	-0.019823511767375644	-0.09413435275581516	1	all_FOC	440	305	schaal	NA	NA	nobound	440	lex	5_5	weight	4_4	BOW	0.2126084350077595	c2	0
schaal.BOWnobound5lex.PPMIselection.LENGTH5000.SOCPOSnav	0.007503000697420584	-0.10553340354877401	1	nav_5000	5000	305	schaal	NA	NA	nobound	440	lex	5_5	selection	4_4	BOW	0.2271247143663094	c3	0
schaal.BOWnobound5lex.PPMIselection.LENGTH5000.SOCPOSall	-0.1116725875117963	-0.2094840546401147	1	all_5000	5000	305	schaal	NA	NA	nobound	440	lex	5_5	selection	4_4	BOW	0.243540029528792	c1	0
schaal.BOWnobound5lex.PPMIselection.LENGTHFOC.SOCPOSnav	0.10062312941189855	-0.11483464122443449	1	nav_FOC	352	305	schaal	NA	NA	nobound	440	lex	5_5	selection	4_4	BOW	0.23229664750584325	c3	0
schaal.BOWnobound5lex.PPMIselection.LENGTHFOC.SOCPOSall	0.09417440310533222	-0.10705366578397274	1	all_FOC	440	305	schaal	NA	NA	nobound	440	lex	5_5	selection	4_4	BOW	0.2336846879893637	c3	0
schaal.BOWnobound5lex.PPMIno.LENGTH5000.SOCPOSnav	0.09389345154538019	-0.07176204081865609	1	nav_5000	5000	316	schaal	NA	NA	nobound	736	lex	5_5	no	4_4	BOW	0.2392325121238053	c3	0
schaal.BOWnobound5lex.PPMIno.LENGTH5000.SOCPOSall	0.09811409091844193	-0.3657112400892881	1	all_5000	5000	316	schaal	NA	NA	nobound	736	lex	5_5	no	4_4	BOW	0.2614264201850251	c5	0
schaal.BOWnobound5lex.PPMIno.LENGTHFOC.SOCPOSnav	0.15826304978635747	-0.07379373000843262	1	nav_FOC	590	316	schaal	NA	NA	nobound	736	lex	5_5	no	4_4	BOW	0.25031298716861694	c3	0
schaal.BOWnobound5lex.PPMIno.LENGTHFOC.SOCPOSall	0.16261113368581473	-0.07045407114688218	1	all_FOC	736	316	schaal	NA	NA	nobound	736	lex	5_5	no	4_4	BOW	0.2488523117821569	c3	0
schaal.BOWnobound5all.PPMIweight.LENGTH5000.SOCPOSnav	-0.07790115081294775	-0.030962671461568846	1	nav_5000	5000	318	schaal	NA	NA	nobound	557	all	5_5	weight	4_4	BOW	0.174200497420693	c2	0
schaal.BOWnobound5all.PPMIweight.LENGTH5000.SOCPOSall	-0.12439078767883809	-0.011653599070039255	1	all_5000	5000	318	schaal	NA	NA	nobound	557	all	5_5	weight	4_4	BOW	0.18663640249602126	c6	0
schaal.BOWnobound5all.PPMIweight.LENGTHFOC.SOCPOSnav	-0.012478373805450357	-0.04854457841507979	1	nav_FOC	352	318	schaal	NA	NA	nobound	557	all	5_5	weight	4_4	BOW	0.1982093397988968	c2	0
schaal.BOWnobound5all.PPMIweight.LENGTHFOC.SOCPOSall	-0.01597034935441457	-0.03584912046095402	1	all_FOC	557	318	schaal	NA	NA	nobound	557	all	5_5	weight	4_4	BOW	0.19617318266328834	c2	1
schaal.BOWnobound5all.PPMIselection.LENGTH5000.SOCPOSnav	0.059352024701142994	0.08527519831625864	1	nav_5000	5000	318	schaal	NA	NA	nobound	557	all	5_5	selection	4_4	BOW	0.23504417699974173	c7	0
schaal.BOWnobound5all.PPMIselection.LENGTH5000.SOCPOSall	0.028129652014549044	0.2881960488571241	1	all_5000	5000	318	schaal	NA	NA	nobound	557	all	5_5	selection	4_4	BOW	0.24478572147734182	c5	0
schaal.BOWnobound5all.PPMIselection.LENGTHFOC.SOCPOSnav	0.14789145516660795	0.0047374692816154204	1	nav_FOC	352	318	schaal	NA	NA	nobound	557	all	5_5	selection	4_4	BOW	0.23672861862776465	c7	0
schaal.BOWnobound5all.PPMIselection.LENGTHFOC.SOCPOSall	0.13540306478415112	0.012898022101800426	1	all_FOC	557	318	schaal	NA	NA	nobound	557	all	5_5	selection	4_4	BOW	0.2366520497772678	c7	0
schaal.BOWnobound5all.PPMIno.LENGTH5000.SOCPOSnav	0.14378656413538118	0.07442592335934609	1	nav_5000	5000	318	schaal	NA	NA	nobound	976	all	5_5	no	4_4	BOW	0.2527766769588316	c7	0
schaal.BOWnobound5all.PPMIno.LENGTH5000.SOCPOSall	0.17699573904370358	0.3746521063634342	1	all_5000	5000	318	schaal	NA	NA	nobound	976	all	5_5	no	4_4	BOW	0.26497707676460086	c5	0
schaal.BOWnobound5all.PPMIno.LENGTHFOC.SOCPOSnav	0.19381919954820787	0.020205373713142398	1	nav_FOC	590	318	schaal	NA	NA	nobound	976	all	5_5	no	4_4	BOW	0.24459018469132188	c7	0
schaal.BOWnobound5all.PPMIno.LENGTHFOC.SOCPOSall	0.2207381364958566	0.046580674628547064	1	all_FOC	976	318	schaal	NA	NA	nobound	976	all	5_5	no	4_4	BOW	0.24133342881599054	c4	0
schaal.BOWnobound3lex.PPMIweight.LENGTH5000.SOCPOSnav	-0.09770888261402187	-0.07649575531861448	1	nav_5000	5000	282	schaal	NA	NA	nobound	296	lex	3_3	weight	4_4	BOW	0.19597412451824706	c1	0
schaal.BOWnobound3lex.PPMIweight.LENGTH5000.SOCPOSall	-0.16636689964540605	-0.09431879072649832	1	all_5000	5000	282	schaal	NA	NA	nobound	296	lex	3_3	weight	4_4	BOW	0.2172541138922101	c1	0
schaal.BOWnobound3lex.PPMIweight.LENGTHFOC.SOCPOSnav	-0.05470461009874882	-0.08387046857275722	1	nav_FOC	241	282	schaal	NA	NA	nobound	296	lex	3_3	weight	4_4	BOW	0.2132688071213196	c1	0
schaal.BOWnobound3lex.PPMIweight.LENGTHFOC.SOCPOSall	-0.05679485959076749	-0.0830748842955314	1	all_FOC	296	282	schaal	NA	NA	nobound	296	lex	3_3	weight	4_4	BOW	0.21374407634878273	c1	0
schaal.BOWnobound3lex.PPMIselection.LENGTH5000.SOCPOSnav	-0.08693921564492128	-0.09525189081208431	1	nav_5000	5000	282	schaal	NA	NA	nobound	296	lex	3_3	selection	4_4	BOW	0.2119586383532738	c1	0
schaal.BOWnobound3lex.PPMIselection.LENGTH5000.SOCPOSall	-0.16855321654878297	-0.12323359187224658	1	all_5000	5000	282	schaal	NA	NA	nobound	296	lex	3_3	selection	4_4	BOW	0.2313731059179181	c1	0
schaal.BOWnobound3lex.PPMIselection.LENGTHFOC.SOCPOSnav	0.007854796136314285	-0.12165306768146182	1	nav_FOC	241	282	schaal	NA	NA	nobound	296	lex	3_3	selection	4_4	BOW	0.23073866274997948	c3	0
schaal.BOWnobound3lex.PPMIselection.LENGTHFOC.SOCPOSall	0.003039207435268358	-0.11557844728146001	1	all_FOC	296	282	schaal	NA	NA	nobound	296	lex	3_3	selection	4_4	BOW	0.23379738538722386	c3	0
schaal.BOWnobound3lex.PPMIno.LENGTH5000.SOCPOSnav	-0.041863640985705206	-0.10574310804981664	1	nav_5000	5000	296	schaal	NA	NA	nobound	424	lex	3_3	no	4_4	BOW	0.2313307855206329	c1	0
schaal.BOWnobound3lex.PPMIno.LENGTH5000.SOCPOSall	-0.15921502118684952	-0.2010997029950004	1	all_5000	5000	296	schaal	NA	NA	nobound	424	lex	3_3	no	4_4	BOW	0.24997798042014338	c1	0
schaal.BOWnobound3lex.PPMIno.LENGTHFOC.SOCPOSnav	0.05915159598641392	-0.12250447488469579	1	nav_FOC	342	296	schaal	NA	NA	nobound	424	lex	3_3	no	4_4	BOW	0.24803851386468914	c3	0
schaal.BOWnobound3lex.PPMIno.LENGTHFOC.SOCPOSall	0.06047317698339533	-0.12396188900952909	1	all_FOC	424	296	schaal	NA	NA	nobound	424	lex	3_3	no	4_4	BOW	0.24651382770824942	c3	0
schaal.BOWnobound3all.PPMIweight.LENGTH5000.SOCPOSnav	-0.11782727044139583	-0.04365118082063378	1	nav_5000	5000	317	schaal	NA	NA	nobound	366	all	3_3	weight	4_4	BOW	0.17617039010415472	c6	0
schaal.BOWnobound3all.PPMIweight.LENGTH5000.SOCPOSall	-0.15664452337142193	-0.03086436758897788	1	all_5000	5000	317	schaal	NA	NA	nobound	366	all	3_3	weight	4_4	BOW	0.18829576649329793	c6	0
schaal.BOWnobound3all.PPMIweight.LENGTHFOC.SOCPOSnav	-0.0575253523807871	-0.04982881977412494	1	nav_FOC	241	317	schaal	NA	NA	nobound	366	all	3_3	weight	4_4	BOW	0.20671601201038922	c2	0
schaal.BOWnobound3all.PPMIweight.LENGTHFOC.SOCPOSall	-0.06361081638671678	-0.04048177921638972	1	all_FOC	366	317	schaal	NA	NA	nobound	366	all	3_3	weight	4_4	BOW	0.19204343448786212	c2	0
schaal.BOWnobound3all.PPMIselection.LENGTH5000.SOCPOSnav	-0.049631191474716695	0.08078562902726982	1	nav_5000	5000	317	schaal	NA	NA	nobound	366	all	3_3	selection	4_4	BOW	0.2219545684744573	c8	0
schaal.BOWnobound3all.PPMIselection.LENGTH5000.SOCPOSall	-0.10208357321699618	0.17008901018239542	1	all_5000	5000	317	schaal	NA	NA	nobound	366	all	3_3	selection	4_4	BOW	0.22195607735442385	c8	0
schaal.BOWnobound3all.PPMIselection.LENGTHFOC.SOCPOSnav	0.0501895445915242	0.04343667354193066	1	nav_FOC	241	317	schaal	NA	NA	nobound	366	all	3_3	selection	4_4	BOW	0.24422954516838657	c7	0
schaal.BOWnobound3all.PPMIselection.LENGTHFOC.SOCPOSall	0.034810773603524144	0.042681960164029926	1	all_FOC	366	317	schaal	NA	NA	nobound	366	all	3_3	selection	4_4	BOW	0.23745921599804706	c7	0
schaal.BOWnobound3all.PPMIno.LENGTH5000.SOCPOSnav	-0.013245486845847561	0.09712416971347232	1	nav_5000	5000	318	schaal	NA	NA	nobound	566	all	3_3	no	4_4	BOW	0.2369726361324957	c8	0
schaal.BOWnobound3all.PPMIno.LENGTH5000.SOCPOSall	-0.061271441444375775	0.2316939026221597	1	all_5000	5000	318	schaal	NA	NA	nobound	566	all	3_3	no	4_4	BOW	0.24495083191688102	c5	0
schaal.BOWnobound3all.PPMIno.LENGTHFOC.SOCPOSnav	0.08334767250276155	0.06410220197197984	1	nav_FOC	342	318	schaal	NA	NA	nobound	566	all	3_3	no	4_4	BOW	0.25287207993919847	c7	0
schaal.BOWnobound3all.PPMIno.LENGTHFOC.SOCPOSall	0.0859899516589243	0.07658693153569195	1	all_FOC	566	318	schaal	NA	NA	nobound	566	all	3_3	no	4_4	BOW	0.24571021447772598	c7	0
schaal.LEMMAPATHselection2.PPMIweight.LENGTH5000.SOCPOSnav	-0.1376568058332964	-0.017553155691328197	1	nav_5000	5000	316	schaal	selection2	NA	bound	263	NA	NA	weight	4_4	LEMMAPATH	0.16757366844069263	c6	1
schaal.LEMMAPATHselection2.PPMIweight.LENGTH5000.SOCPOSall	-0.16810776689533138	0.008314061463793286	1	all_5000	5000	316	schaal	selection2	NA	bound	263	NA	NA	weight	4_4	LEMMAPATH	0.17727229200889102	c6	0
schaal.LEMMAPATHselection2.PPMIweight.LENGTHFOC.SOCPOSnav	-0.10249546540620416	-0.017961742770437168	1	nav_FOC	187	316	schaal	selection2	NA	bound	263	NA	NA	weight	4_4	LEMMAPATH	0.18872286047295947	c6	0
schaal.LEMMAPATHselection2.PPMIweight.LENGTHFOC.SOCPOSall	-0.12681325377997357	-0.01763918714175733	1	all_FOC	263	316	schaal	selection2	NA	bound	263	NA	NA	weight	4_4	LEMMAPATH	0.18025549572230332	c6	0
schaal.LEMMAPATHselection2.PPMIselection.LENGTH5000.SOCPOSnav	-0.12903782538178754	0.06302653940092967	1	nav_5000	5000	316	schaal	selection2	NA	bound	263	NA	NA	selection	4_4	LEMMAPATH	0.19095998270383485	c8	0
schaal.LEMMAPATHselection2.PPMIselection.LENGTH5000.SOCPOSall	-0.14398371160687237	0.13778599976214279	1	all_5000	5000	316	schaal	selection2	NA	bound	263	NA	NA	selection	4_4	LEMMAPATH	0.18381060126742882	c8	0
schaal.LEMMAPATHselection2.PPMIselection.LENGTHFOC.SOCPOSnav	-0.08135952760439882	0.05981121487093509	1	nav_FOC	187	316	schaal	selection2	NA	bound	263	NA	NA	selection	4_4	LEMMAPATH	0.21804183656765838	c8	0
schaal.LEMMAPATHselection2.PPMIselection.LENGTHFOC.SOCPOSall	-0.09738766209425541	0.05650132486194848	1	all_FOC	263	316	schaal	selection2	NA	bound	263	NA	NA	selection	4_4	LEMMAPATH	0.2034284326180629	c8	0
schaal.LEMMAPATHselection2.PPMIno.LENGTH5000.SOCPOSnav	-0.12865187485687227	0.055428873772183064	1	nav_5000	5000	317	schaal	selection2	NA	bound	392	NA	NA	no	4_4	LEMMAPATH	0.1997523124362461	c8	0
schaal.LEMMAPATHselection2.PPMIno.LENGTH5000.SOCPOSall	-0.1493577391520928	0.15982681454059275	1	all_5000	5000	317	schaal	selection2	NA	bound	392	NA	NA	no	4_4	LEMMAPATH	0.19348329314891347	c8	0
schaal.LEMMAPATHselection2.PPMIno.LENGTHFOC.SOCPOSnav	-0.07602315876017081	0.062400355682178284	1	nav_FOC	263	317	schaal	selection2	NA	bound	392	NA	NA	no	4_4	LEMMAPATH	0.23100342181496628	c8	0
schaal.LEMMAPATHselection2.PPMIno.LENGTHFOC.SOCPOSall	-0.07632678733135916	0.054732844014043616	1	all_FOC	392	317	schaal	selection2	NA	bound	392	NA	NA	no	4_4	LEMMAPATH	0.21617920674758312	c8	0
schaal.LEMMAPATHselection3.PPMIweight.LENGTH5000.SOCPOSnav	-0.0952670016484304	-0.027012737190906317	1	nav_5000	5000	317	schaal	selection3	NA	bound	414	NA	NA	weight	4_4	LEMMAPATH	0.17159585244154385	c6	0
schaal.LEMMAPATHselection3.PPMIweight.LENGTH5000.SOCPOSall	-0.1302425020717661	-0.0073913575577520645	1	all_5000	5000	317	schaal	selection3	NA	bound	414	NA	NA	weight	4_4	LEMMAPATH	0.17898128835221158	c6	0
schaal.LEMMAPATHselection3.PPMIweight.LENGTHFOC.SOCPOSnav	-0.03645413212846683	-0.03924580718109141	1	nav_FOC	270	317	schaal	selection3	NA	bound	414	NA	NA	weight	4_4	LEMMAPATH	0.19341559799190555	c2	0
schaal.LEMMAPATHselection3.PPMIweight.LENGTHFOC.SOCPOSall	-0.04287685463341732	-0.031174790628083936	1	all_FOC	414	317	schaal	selection3	NA	bound	414	NA	NA	weight	4_4	LEMMAPATH	0.1945623800499397	c2	0
schaal.LEMMAPATHselection3.PPMIselection.LENGTH5000.SOCPOSnav	-0.04173391321973782	0.07883693059445568	1	nav_5000	5000	317	schaal	selection3	NA	bound	414	NA	NA	selection	4_4	LEMMAPATH	0.12247105239269987	c8	0
schaal.LEMMAPATHselection3.PPMIselection.LENGTH5000.SOCPOSall	-0.06952200139396773	0.25068394074347994	1	all_5000	5000	317	schaal	selection3	NA	bound	414	NA	NA	selection	4_4	LEMMAPATH	0.22304200862346	c8	0
schaal.LEMMAPATHselection3.PPMIselection.LENGTHFOC.SOCPOSnav	0.06577108579001201	0.040532363031580046	1	nav_FOC	270	317	schaal	selection3	NA	bound	414	NA	NA	selection	4_4	LEMMAPATH	0.2411412930581203	c7	0
schaal.LEMMAPATHselection3.PPMIselection.LENGTHFOC.SOCPOSall	0.04502012087215948	0.03995717842452618	1	all_FOC	414	317	schaal	selection3	NA	bound	414	NA	NA	selection	4_4	LEMMAPATH	0.23639746939831288	c7	0
schaal.LEMMAPATHselection3.PPMIno.LENGTH5000.SOCPOSnav	0.002041575270902182	0.08803996940127569	1	nav_5000	5000	317	schaal	selection3	NA	bound	693	NA	NA	no	4_4	LEMMAPATH	0.24437252658776526	c8	0
schaal.LEMMAPATHselection3.PPMIno.LENGTH5000.SOCPOSall	0.004680463768117309	0.3130919290293287	1	all_5000	5000	317	schaal	selection3	NA	bound	693	NA	NA	no	4_4	LEMMAPATH	0.2468202028797484	c5	0
schaal.LEMMAPATHselection3.PPMIno.LENGTHFOC.SOCPOSnav	0.11424360109689218	0.047298231222095595	1	nav_FOC	424	317	schaal	selection3	NA	bound	693	NA	NA	no	4_4	LEMMAPATH	0.254206477801646	c7	0
schaal.LEMMAPATHselection3.PPMIno.LENGTHFOC.SOCPOSall	0.12343475118044993	0.06645779075485862	1	all_FOC	693	317	schaal	selection3	NA	bound	693	NA	NA	no	4_4	LEMMAPATH	0.2543724477970433	c7	0
schaal.LEMMAPATHweight.PPMIselection.LENGTH5000.SOCPOSnav	-0.11506257698966249	0.05530591492988717	1	nav_5000	5000	317	schaal	weight	NA	bound	414	NA	NA	selection	4_4	LEMMAPATH	0.05184841907516779	c8	0
schaal.LEMMAPATHweight.PPMIselection.LENGTH5000.SOCPOSall	-0.12714909362617818	0.11899727166680109	1	all_5000	5000	317	schaal	weight	NA	bound	414	NA	NA	selection	4_4	LEMMAPATH	0.1880967907380573	c8	0
schaal.LEMMAPATHweight.PPMIselection.LENGTHFOC.SOCPOSnav	-0.058381313296859694	0.03919613374333567	1	nav_FOC	270	317	schaal	weight	NA	bound	414	NA	NA	selection	4_4	LEMMAPATH	0.20579409262576742	c8	0
schaal.LEMMAPATHweight.PPMIselection.LENGTHFOC.SOCPOSall	-0.05976514027774981	0.04017003863958782	1	all_FOC	414	317	schaal	weight	NA	bound	414	NA	NA	selection	4_4	LEMMAPATH	0.19838758366736783	c8	0
schaal.LEMMAPATHweight.PPMIno.LENGTH5000.SOCPOSnav	-0.10078159985454604	0.05076070176820466	1	nav_5000	5000	317	schaal	weight	NA	bound	693	NA	NA	no	4_4	LEMMAPATH	0.19535091428836163	c8	1
schaal.LEMMAPATHweight.PPMIno.LENGTH5000.SOCPOSall	-0.12025998472890218	0.14398907920096332	1	all_5000	5000	317	schaal	weight	NA	bound	693	NA	NA	no	4_4	LEMMAPATH	0.19620936016417942	c8	0
schaal.LEMMAPATHweight.PPMIno.LENGTHFOC.SOCPOSnav	-0.0436031295026231	0.04210844747366397	1	nav_FOC	424	317	schaal	weight	NA	bound	693	NA	NA	no	4_4	LEMMAPATH	0.2173826742135804	c8	0
schaal.LEMMAPATHweight.PPMIno.LENGTHFOC.SOCPOSall	-0.04264303021358975	0.040741064590256684	1	all_FOC	693	317	schaal	weight	NA	bound	693	NA	NA	no	4_4	LEMMAPATH	0.21628086949681435	c8	0
schaal.LEMMAREL1.PPMIweight.LENGTH5000.SOCPOSnav	-0.24553558026642328	-0.007696627334341839	1	nav_5000	5000	309	schaal	NA	group1	bound	72	NA	NA	weight	4_4	LEMMAREL	0.14372832093150772	c6	0
schaal.LEMMAREL1.PPMIweight.LENGTH5000.SOCPOSall	-0.25278981328670364	0.01655743347529059	1	all_5000	5000	309	schaal	NA	group1	bound	72	NA	NA	weight	4_4	LEMMAREL	0.128548508317464	c6	0
schaal.LEMMAREL1.PPMIweight.LENGTHFOC.SOCPOSnav	-0.2664122085599542	-0.016026948722011134	1	nav_FOC	44	309	schaal	NA	group1	bound	72	NA	NA	weight	4_4	LEMMAREL	0.16685682283599948	c6	0
schaal.LEMMAREL1.PPMIweight.LENGTHFOC.SOCPOSall	-0.27328007766089424	-0.022187737380547974	1	all_FOC	72	309	schaal	NA	group1	bound	72	NA	NA	weight	4_4	LEMMAREL	0.15600576470710642	c6	0
schaal.LEMMAREL1.PPMIselection.LENGTH5000.SOCPOSnav	-0.1673785001034045	0.07968151835572773	1	nav_5000	5000	309	schaal	NA	group1	bound	72	NA	NA	selection	4_4	LEMMAREL	0.1586002231942692	c8	0
schaal.LEMMAREL1.PPMIselection.LENGTH5000.SOCPOSall	-0.16291176947088382	0.11191904514292746	1	all_5000	5000	309	schaal	NA	group1	bound	72	NA	NA	selection	4_4	LEMMAREL	0.15786246854590108	c8	0
schaal.LEMMAREL1.PPMIselection.LENGTHFOC.SOCPOSnav	-0.20874200431971937	0.06500861295212855	1	nav_FOC	44	309	schaal	NA	group1	bound	72	NA	NA	selection	4_4	LEMMAREL	0.1789804775224382	c8	0
schaal.LEMMAREL1.PPMIselection.LENGTHFOC.SOCPOSall	-0.23993823102999848	0.04909044292940227	1	all_FOC	72	309	schaal	NA	group1	bound	72	NA	NA	selection	4_4	LEMMAREL	0.16408651576533384	c8	0
schaal.LEMMAREL1.PPMIno.LENGTH5000.SOCPOSnav	-0.16358300951809648	0.07584742521678033	1	nav_5000	5000	311	schaal	NA	group1	bound	110	NA	NA	no	4_4	LEMMAREL	0.16008408283625286	c8	0
schaal.LEMMAREL1.PPMIno.LENGTH5000.SOCPOSall	-0.1647790872613918	0.12478311115762379	1	all_5000	5000	311	schaal	NA	group1	bound	110	NA	NA	no	4_4	LEMMAREL	0.1575837062966332	c8	0
schaal.LEMMAREL1.PPMIno.LENGTHFOC.SOCPOSnav	-0.18104805849547087	0.0732488304230271	1	nav_FOC	64	311	schaal	NA	group1	bound	110	NA	NA	no	4_4	LEMMAREL	0.17340764974784537	c8	0
schaal.LEMMAREL1.PPMIno.LENGTHFOC.SOCPOSall	-0.2234459491731032	0.06519533756245313	1	all_FOC	110	311	schaal	NA	group1	bound	110	NA	NA	no	4_4	LEMMAREL	0.16832933261733313	c8	0
schaal.LEMMAREL2.PPMIweight.LENGTH5000.SOCPOSnav	-0.16610252637031647	-0.006967711192181814	1	nav_5000	5000	315	schaal	NA	group2	bound	221	NA	NA	weight	4_4	LEMMAREL	0.1702837618845825	c6	0
schaal.LEMMAREL2.PPMIweight.LENGTH5000.SOCPOSall	-0.1912553250221799	0.015033021234698301	1	all_5000	5000	315	schaal	NA	group2	bound	221	NA	NA	weight	4_4	LEMMAREL	0.17339498991912017	c6	0
schaal.LEMMAREL2.PPMIweight.LENGTHFOC.SOCPOSnav	-0.16091085109623865	-0.01493696816828673	1	nav_FOC	168	315	schaal	NA	group2	bound	221	NA	NA	weight	4_4	LEMMAREL	0.2013335366555503	c6	0
schaal.LEMMAREL2.PPMIweight.LENGTHFOC.SOCPOSall	-0.15250566526189827	-0.0036634166845489115	1	all_FOC	221	315	schaal	NA	group2	bound	221	NA	NA	weight	4_4	LEMMAREL	0.18951999941696474	c6	0
schaal.LEMMAREL2.PPMIselection.LENGTH5000.SOCPOSnav	-0.14394005964463572	0.07010904350576637	1	nav_5000	5000	315	schaal	NA	group2	bound	221	NA	NA	selection	4_4	LEMMAREL	0.1796864130041313	c8	0
schaal.LEMMAREL2.PPMIselection.LENGTH5000.SOCPOSall	-0.15055415107765335	0.1327157753594938	1	all_5000	5000	315	schaal	NA	group2	bound	221	NA	NA	selection	4_4	LEMMAREL	0.17864837930553895	c8	0
schaal.LEMMAREL2.PPMIselection.LENGTHFOC.SOCPOSnav	-0.13673830306545123	0.08101724919677886	1	nav_FOC	168	315	schaal	NA	group2	bound	221	NA	NA	selection	4_4	LEMMAREL	0.20603309207235954	c8	0
schaal.LEMMAREL2.PPMIselection.LENGTHFOC.SOCPOSall	-0.1269808481147047	0.0827447627340346	1	all_FOC	221	315	schaal	NA	group2	bound	221	NA	NA	selection	4_4	LEMMAREL	0.19589737870048546	c8	0
schaal.LEMMAREL2.PPMIno.LENGTH5000.SOCPOSnav	-0.14354513711743178	0.0646300748002521	1	nav_5000	5000	316	schaal	NA	group2	bound	303	NA	NA	no	4_4	LEMMAREL	0.18738882694012846	c8	0
schaal.LEMMAREL2.PPMIno.LENGTH5000.SOCPOSall	-0.15523613055006041	0.15493059399782766	1	all_5000	5000	316	schaal	NA	group2	bound	303	NA	NA	no	4_4	LEMMAREL	0.1850142383176507	c8	0
schaal.LEMMAREL2.PPMIno.LENGTHFOC.SOCPOSnav	-0.10605998553787434	0.07296188758723983	1	nav_FOC	224	316	schaal	NA	group2	bound	303	NA	NA	no	4_4	LEMMAREL	0.21409410920227206	c8	0
schaal.LEMMAREL2.PPMIno.LENGTHFOC.SOCPOSall	-0.09794896167499406	0.07358378870737717	1	all_FOC	303	316	schaal	NA	group2	bound	303	NA	NA	no	4_4	LEMMAREL	0.20344623324445227	c8	0
schaal.LEMMAREL3.PPMIweight.LENGTH5000.SOCPOSnav	-0.1669018337783871	-0.012951325373470695	1	nav_5000	5000	315	schaal	NA	group3	bound	232	NA	NA	weight	4_4	LEMMAREL	0.17091795239169205	c6	0
schaal.LEMMAREL3.PPMIweight.LENGTH5000.SOCPOSall	-0.19036089453831337	0.010096725964716648	1	all_5000	5000	315	schaal	NA	group3	bound	232	NA	NA	weight	4_4	LEMMAREL	0.17171880718292512	c6	0
schaal.LEMMAREL3.PPMIweight.LENGTHFOC.SOCPOSnav	-0.1622143143829223	-0.024588362654177968	1	nav_FOC	172	315	schaal	NA	group3	bound	232	NA	NA	weight	4_4	LEMMAREL	0.20181641542172823	c6	0
schaal.LEMMAREL3.PPMIweight.LENGTHFOC.SOCPOSall	-0.15848414693248944	-0.017716230912984108	1	all_FOC	232	315	schaal	NA	group3	bound	232	NA	NA	weight	4_4	LEMMAREL	0.18924312161433726	c6	0
schaal.LEMMAREL3.PPMIselection.LENGTH5000.SOCPOSnav	-0.13945637807812225	0.06540780037128857	1	nav_5000	5000	315	schaal	NA	group3	bound	232	NA	NA	selection	4_4	LEMMAREL	0.18122505340075631	c8	0
schaal.LEMMAREL3.PPMIselection.LENGTH5000.SOCPOSall	-0.14876996608921214	0.13266710312669167	1	all_5000	5000	315	schaal	NA	group3	bound	232	NA	NA	selection	4_4	LEMMAREL	0.17982848532370121	c8	0
schaal.LEMMAREL3.PPMIselection.LENGTHFOC.SOCPOSnav	-0.1365636294805592	0.08150491573030373	1	nav_FOC	172	315	schaal	NA	group3	bound	232	NA	NA	selection	4_4	LEMMAREL	0.20833880552138848	c8	0
schaal.LEMMAREL3.PPMIselection.LENGTHFOC.SOCPOSall	-0.10168446051948649	0.06857940091027799	1	all_FOC	232	315	schaal	NA	group3	bound	232	NA	NA	selection	4_4	LEMMAREL	0.20018056375535248	c8	0
schaal.LEMMAREL3.PPMIno.LENGTH5000.SOCPOSnav	-0.13870232094381837	0.060652781234688403	1	nav_5000	5000	316	schaal	NA	group3	bound	337	NA	NA	no	4_4	LEMMAREL	0.18931929248544083	c8	0
schaal.LEMMAREL3.PPMIno.LENGTH5000.SOCPOSall	-0.15326690163392426	0.1588120709216824	1	all_5000	5000	316	schaal	NA	group3	bound	337	NA	NA	no	4_4	LEMMAREL	0.18570937944625376	c8	0
schaal.LEMMAREL3.PPMIno.LENGTHFOC.SOCPOSnav	-0.10261482457224345	0.07311244181055392	1	nav_FOC	236	316	schaal	NA	group3	bound	337	NA	NA	no	4_4	LEMMAREL	0.22060939308065974	c8	0
schaal.LEMMAREL3.PPMIno.LENGTHFOC.SOCPOSall	-0.09358057657523136	0.06628611929807529	1	all_FOC	337	316	schaal	NA	group3	bound	337	NA	NA	no	4_4	LEMMAREL	0.21371806407352306	c8	0
