_model	model.x	model.y	LEMMAPATH	LEMMAREL	foc_boundaries	foc_context_words	foc_foc_pos	foc_foc_win	foc_minimum_features	foc_ppmi	soc_vector	soc_length_num	soc_soc_win	tokens	type	stress	foc_base	pam_cluster	is_medoid
herhalen.BOWbound10lex.PPMIweight.LENGTH5000.SOCPOSnav	-0.05526244272449703	-0.1018679536441762	NA	NA	bound	406	lex	10_10	1	weight	nav_5000	5000	4_4	305	herhalen	0.26469359578156076	BOW	c1	0
herhalen.BOWbound10lex.PPMIweight.LENGTH5000.SOCPOSall	-0.17767028326859838	-0.04309204008004876	NA	NA	bound	406	lex	10_10	1	weight	all_5000	5000	4_4	305	herhalen	0.27416228839453355	BOW	c2	0
herhalen.BOWbound10lex.PPMIweight.LENGTHFOC.SOCPOSnav	-0.011235302204827496	-0.08843674089228086	NA	NA	bound	406	lex	10_10	1	weight	nav_FOC	260	4_4	305	herhalen	0.2884755484771986	BOW	c1	0
herhalen.BOWbound10lex.PPMIweight.LENGTHFOC.SOCPOSall	-0.006529776854755005	-0.0798144053765265	NA	NA	bound	406	lex	10_10	1	weight	all_FOC	406	4_4	305	herhalen	0.2856042790242695	BOW	c1	0
herhalen.BOWbound10lex.PPMIselection.LENGTH5000.SOCPOSnav	0.011659612822597892	-0.12396145243487007	NA	NA	bound	406	lex	10_10	1	selection	nav_5000	5000	4_4	305	herhalen	0.25260345954658103	BOW	c3	0
herhalen.BOWbound10lex.PPMIselection.LENGTH5000.SOCPOSall	-0.22672927499263876	-0.10408051647655307	NA	NA	bound	406	lex	10_10	1	selection	all_5000	5000	4_4	305	herhalen	0.2643213841088996	BOW	c2	0
herhalen.BOWbound10lex.PPMIselection.LENGTHFOC.SOCPOSnav	0.04045226674468597	-0.14408823891310976	NA	NA	bound	406	lex	10_10	1	selection	nav_FOC	260	4_4	305	herhalen	0.2739064842943718	BOW	c1	0
herhalen.BOWbound10lex.PPMIselection.LENGTHFOC.SOCPOSall	0.039775958322998566	-0.12308084983131602	NA	NA	bound	406	lex	10_10	1	selection	all_FOC	406	4_4	305	herhalen	0.26650493503198996	BOW	c1	0
herhalen.BOWbound10lex.PPMIno.LENGTH5000.SOCPOSnav	0.1182542453821335	-0.186097568195989	NA	NA	bound	888	lex	10_10	1	no	nav_5000	5000	4_4	312	herhalen	0.2599483690849506	BOW	c4	0
herhalen.BOWbound10lex.PPMIno.LENGTH5000.SOCPOSall	-0.3699520288762073	-0.2844954341638402	NA	NA	bound	888	lex	10_10	1	no	all_5000	5000	4_4	312	herhalen	0.2618775392539659	BOW	c2	0
herhalen.BOWbound10lex.PPMIno.LENGTHFOC.SOCPOSnav	0.1394808409529783	-0.21196397220351856	NA	NA	bound	888	lex	10_10	1	no	nav_FOC	656	4_4	312	herhalen	0.27115632797053607	BOW	c4	0
herhalen.BOWbound10lex.PPMIno.LENGTHFOC.SOCPOSall	0.1406718483541338	-0.2059209722635962	NA	NA	bound	888	lex	10_10	1	no	all_FOC	888	4_4	312	herhalen	0.2627067619687182	BOW	c4	0
herhalen.BOWbound10all.PPMIweight.LENGTH5000.SOCPOSnav	0.014163038325364705	0.08047838393357029	NA	NA	bound	610	all	10_10	1	weight	nav_5000	5000	4_4	311	herhalen	0.2530261160396418	BOW	c5	0
herhalen.BOWbound10all.PPMIweight.LENGTH5000.SOCPOSall	-0.17358374340252788	0.07924872336705092	NA	NA	bound	610	all	10_10	1	weight	all_5000	5000	4_4	311	herhalen	0.26692077754757915	BOW	c6	0
herhalen.BOWbound10all.PPMIweight.LENGTHFOC.SOCPOSnav	0.0405801685260884	0.02716262189261544	NA	NA	bound	610	all	10_10	1	weight	nav_FOC	260	4_4	311	herhalen	0.26978300035262276	BOW	c1	0
herhalen.BOWbound10all.PPMIweight.LENGTHFOC.SOCPOSall	0.03877708587348526	0.01783353760673327	NA	NA	bound	610	all	10_10	1	weight	all_FOC	610	4_4	311	herhalen	0.2632273134344463	BOW	c7	0
herhalen.BOWbound10all.PPMIselection.LENGTH5000.SOCPOSnav	0.10381094418837135	0.02865797956305075	NA	NA	bound	610	all	10_10	1	selection	nav_5000	5000	4_4	311	herhalen	0.24357314766328683	BOW	c7	0
herhalen.BOWbound10all.PPMIselection.LENGTH5000.SOCPOSall	-0.2978952858069053	0.07880845433402883	NA	NA	bound	610	all	10_10	1	selection	all_5000	5000	4_4	311	herhalen	0.26837832000100537	BOW	c6	0
herhalen.BOWbound10all.PPMIselection.LENGTHFOC.SOCPOSnav	0.13679471141351007	-0.03204755032219974	NA	NA	bound	610	all	10_10	1	selection	nav_FOC	260	4_4	311	herhalen	0.2508276172330455	BOW	c7	0
herhalen.BOWbound10all.PPMIselection.LENGTHFOC.SOCPOSall	0.11619355498672164	-0.03355943338436841	NA	NA	bound	610	all	10_10	1	selection	all_FOC	610	4_4	311	herhalen	0.2441533785899187	BOW	c7	0
herhalen.BOWbound10all.PPMIno.LENGTH5000.SOCPOSnav	0.2698166730604835	-0.05705634189927521	NA	NA	bound	1268	all	10_10	1	no	nav_5000	5000	4_4	312	herhalen	0.2184615649760721	BOW	c4	0
herhalen.BOWbound10all.PPMIno.LENGTH5000.SOCPOSall	-0.5155933357445436	0.004612729512632527	NA	NA	bound	1268	all	10_10	1	no	all_5000	5000	4_4	312	herhalen	0.2511011072145451	BOW	c6	0
herhalen.BOWbound10all.PPMIno.LENGTHFOC.SOCPOSnav	0.2483140667244958	-0.09333046022161522	NA	NA	bound	1268	all	10_10	1	no	nav_FOC	656	4_4	312	herhalen	0.233272781554475	BOW	c4	0
herhalen.BOWbound10all.PPMIno.LENGTHFOC.SOCPOSall	0.23929634258472654	-0.10040536357488158	NA	NA	bound	1268	all	10_10	1	no	all_FOC	1268	4_4	312	herhalen	0.2277615149975489	BOW	c4	0
herhalen.BOWbound5lex.PPMIweight.LENGTH5000.SOCPOSnav	-0.049607778127501966	-0.10888252767812004	NA	NA	bound	300	lex	5_5	1	weight	nav_5000	5000	4_4	292	herhalen	0.2629520455878015	BOW	c5	0
herhalen.BOWbound5lex.PPMIweight.LENGTH5000.SOCPOSall	-0.16454353877657898	-0.04859195065086529	NA	NA	bound	300	lex	5_5	1	weight	all_5000	5000	4_4	292	herhalen	0.27274317168158596	BOW	c2	0
herhalen.BOWbound5lex.PPMIweight.LENGTHFOC.SOCPOSnav	-0.025813543407077887	-0.08915336356417063	NA	NA	bound	300	lex	5_5	1	weight	nav_FOC	190	4_4	292	herhalen	0.29823476405377725	BOW	c3	0
herhalen.BOWbound5lex.PPMIweight.LENGTHFOC.SOCPOSall	-0.0224315295689715	-0.08238748640269786	NA	NA	bound	300	lex	5_5	1	weight	all_FOC	300	4_4	292	herhalen	0.2979141914797895	BOW	c3	0
herhalen.BOWbound5lex.PPMIselection.LENGTH5000.SOCPOSnav	-0.016937843663397057	-0.10659746147394884	NA	NA	bound	300	lex	5_5	1	selection	nav_5000	5000	4_4	292	herhalen	0.25292209052567255	BOW	c3	0
herhalen.BOWbound5lex.PPMIselection.LENGTH5000.SOCPOSall	-0.17675637442770853	-0.06524751289579174	NA	NA	bound	300	lex	5_5	1	selection	all_5000	5000	4_4	292	herhalen	0.26249218423565107	BOW	c2	0
herhalen.BOWbound5lex.PPMIselection.LENGTHFOC.SOCPOSnav	0.012918436252375858	-0.10602996452898655	NA	NA	bound	300	lex	5_5	1	selection	nav_FOC	190	4_4	292	herhalen	0.28612955165120335	BOW	c3	0
herhalen.BOWbound5lex.PPMIselection.LENGTHFOC.SOCPOSall	0.016817243376799875	-0.09769967538354157	NA	NA	bound	300	lex	5_5	1	selection	all_FOC	300	4_4	292	herhalen	0.2806144718946977	BOW	c3	0
herhalen.BOWbound5lex.PPMIno.LENGTH5000.SOCPOSnav	0.019650058510469602	-0.17742160144509836	NA	NA	bound	525	lex	5_5	1	no	nav_5000	5000	4_4	311	herhalen	0.26394464867395623	BOW	c3	0
herhalen.BOWbound5lex.PPMIno.LENGTH5000.SOCPOSall	-0.32491637244478805	-0.17476270934619842	NA	NA	bound	525	lex	5_5	1	no	all_5000	5000	4_4	311	herhalen	0.2689055342965235	BOW	c2	0
herhalen.BOWbound5lex.PPMIno.LENGTHFOC.SOCPOSnav	0.07858398540784874	-0.17742365896402282	NA	NA	bound	525	lex	5_5	1	no	nav_FOC	380	4_4	311	herhalen	0.27923499643410044	BOW	c3	0
herhalen.BOWbound5lex.PPMIno.LENGTHFOC.SOCPOSall	0.08793592438870709	-0.17942125998757513	NA	NA	bound	525	lex	5_5	1	no	all_FOC	525	4_4	311	herhalen	0.2709869298496082	BOW	c3	0
herhalen.BOWbound5all.PPMIweight.LENGTH5000.SOCPOSnav	5.333879236791532e-5	0.10506168821302243	NA	NA	bound	471	all	5_5	1	weight	nav_5000	5000	4_4	310	herhalen	0.2655446895963827	BOW	c5	1
herhalen.BOWbound5all.PPMIweight.LENGTH5000.SOCPOSall	-0.1822582891363147	0.10021573702894368	NA	NA	bound	471	all	5_5	1	weight	all_5000	5000	4_4	310	herhalen	0.27577799020347593	BOW	c6	0
herhalen.BOWbound5all.PPMIweight.LENGTHFOC.SOCPOSnav	0.022399318227488186	0.041345116671918584	NA	NA	bound	471	all	5_5	1	weight	nav_FOC	190	4_4	310	herhalen	0.28448961456292987	BOW	c5	0
herhalen.BOWbound5all.PPMIweight.LENGTHFOC.SOCPOSall	0.01743317346304572	0.02739765863555792	NA	NA	bound	471	all	5_5	1	weight	all_FOC	471	4_4	310	herhalen	0.2745124436418855	BOW	c5	0
herhalen.BOWbound5all.PPMIselection.LENGTH5000.SOCPOSnav	0.036424467061242985	0.09236610346395191	NA	NA	bound	471	all	5_5	1	selection	nav_5000	5000	4_4	310	herhalen	0.2513338921441748	BOW	c5	0
herhalen.BOWbound5all.PPMIselection.LENGTH5000.SOCPOSall	-0.24262316438113746	0.10584599946035093	NA	NA	bound	471	all	5_5	1	selection	all_5000	5000	4_4	310	herhalen	0.27293885047310223	BOW	c6	0
herhalen.BOWbound5all.PPMIselection.LENGTHFOC.SOCPOSnav	0.0843419100931057	-2.3478817015595786e-4	NA	NA	bound	471	all	5_5	1	selection	nav_FOC	190	4_4	310	herhalen	0.2664754958591755	BOW	c7	0
herhalen.BOWbound5all.PPMIselection.LENGTHFOC.SOCPOSall	0.07631149769089028	-0.011091615842737641	NA	NA	bound	471	all	5_5	1	selection	all_FOC	471	4_4	310	herhalen	0.2556653855623334	BOW	c7	0
herhalen.BOWbound5all.PPMIno.LENGTH5000.SOCPOSnav	0.2352889709886771	0.01981162214138615	NA	NA	bound	797	all	5_5	1	no	nav_5000	5000	4_4	312	herhalen	0.2455606527698105	BOW	c8	0
herhalen.BOWbound5all.PPMIno.LENGTH5000.SOCPOSall	-0.4483679167969123	0.13321566838517054	NA	NA	bound	797	all	5_5	1	no	all_5000	5000	4_4	312	herhalen	0.2704099281190435	BOW	c6	0
herhalen.BOWbound5all.PPMIno.LENGTHFOC.SOCPOSnav	0.19444503040210875	-0.041059539974329484	NA	NA	bound	797	all	5_5	1	no	nav_FOC	380	4_4	312	herhalen	0.2417351399294189	BOW	c8	0
herhalen.BOWbound5all.PPMIno.LENGTHFOC.SOCPOSall	0.19020448839874965	-0.051900675073360714	NA	NA	bound	797	all	5_5	1	no	all_FOC	797	4_4	312	herhalen	0.2339363063094568	BOW	c8	0
herhalen.BOWbound3lex.PPMIweight.LENGTH5000.SOCPOSnav	-0.06576328548716714	-0.13808341273749156	NA	NA	bound	221	lex	3_3	1	weight	nav_5000	5000	4_4	267	herhalen	0.2579160647368052	BOW	c3	0
herhalen.BOWbound3lex.PPMIweight.LENGTH5000.SOCPOSall	-0.1658423975942951	-0.04217281814304589	NA	NA	bound	221	lex	3_3	1	weight	all_5000	5000	4_4	267	herhalen	0.2758322936201632	BOW	c2	0
herhalen.BOWbound3lex.PPMIweight.LENGTHFOC.SOCPOSnav	-0.060159963541241736	-0.09331764702912931	NA	NA	bound	221	lex	3_3	1	weight	nav_FOC	138	4_4	267	herhalen	0.29961175275054674	BOW	c3	0
herhalen.BOWbound3lex.PPMIweight.LENGTHFOC.SOCPOSall	-0.04523094969968904	-0.07540904893801682	NA	NA	bound	221	lex	3_3	1	weight	all_FOC	221	4_4	267	herhalen	0.30044970354780076	BOW	c3	0
herhalen.BOWbound3lex.PPMIselection.LENGTH5000.SOCPOSnav	-0.048860302260405275	-0.12125027516165794	NA	NA	bound	221	lex	3_3	1	selection	nav_5000	5000	4_4	267	herhalen	0.25181057404267554	BOW	c3	0
herhalen.BOWbound3lex.PPMIselection.LENGTH5000.SOCPOSall	-0.16116128370041646	-0.04807109314709689	NA	NA	bound	221	lex	3_3	1	selection	all_5000	5000	4_4	267	herhalen	0.2656951182887189	BOW	c2	1
herhalen.BOWbound3lex.PPMIselection.LENGTHFOC.SOCPOSnav	-0.019708703233134086	-0.1001121298259656	NA	NA	bound	221	lex	3_3	1	selection	nav_FOC	138	4_4	267	herhalen	0.2898340066450506	BOW	c3	0
herhalen.BOWbound3lex.PPMIselection.LENGTHFOC.SOCPOSall	-0.011765221743402417	-0.08029025561446905	NA	NA	bound	221	lex	3_3	1	selection	all_FOC	221	4_4	267	herhalen	0.28731727024422976	BOW	c3	1
herhalen.BOWbound3lex.PPMIno.LENGTH5000.SOCPOSnav	-0.0214499010662844	-0.20823215461327027	NA	NA	bound	331	lex	3_3	1	no	nav_5000	5000	4_4	297	herhalen	0.2614547045673443	BOW	c3	0
herhalen.BOWbound3lex.PPMIno.LENGTH5000.SOCPOSall	-0.261697310937612	-0.1262565104388492	NA	NA	bound	331	lex	3_3	1	no	all_5000	5000	4_4	297	herhalen	0.26813808682415663	BOW	c2	0
herhalen.BOWbound3lex.PPMIno.LENGTHFOC.SOCPOSnav	0.048165747168752826	-0.21831494157673625	NA	NA	bound	331	lex	3_3	1	no	nav_FOC	228	4_4	297	herhalen	0.2894714656476748	BOW	c3	0
herhalen.BOWbound3lex.PPMIno.LENGTHFOC.SOCPOSall	0.05993383291800554	-0.2148454699115557	NA	NA	bound	331	lex	3_3	1	no	all_FOC	331	4_4	297	herhalen	0.28219795071304465	BOW	c3	0
herhalen.BOWbound3all.PPMIweight.LENGTH5000.SOCPOSnav	-0.006351433139349144	0.1375638205056945	NA	NA	bound	358	all	3_3	1	weight	nav_5000	5000	4_4	308	herhalen	0.27006114026239597	BOW	c5	0
herhalen.BOWbound3all.PPMIweight.LENGTH5000.SOCPOSall	-0.19176847600124727	0.13985165299292016	NA	NA	bound	358	all	3_3	1	weight	all_5000	5000	4_4	308	herhalen	0.27712019248041153	BOW	c2	0
herhalen.BOWbound3all.PPMIweight.LENGTHFOC.SOCPOSnav	0.0029622172896645008	0.060918874054464583	NA	NA	bound	358	all	3_3	1	weight	nav_FOC	138	4_4	308	herhalen	0.2942753725075014	BOW	c5	0
herhalen.BOWbound3all.PPMIweight.LENGTHFOC.SOCPOSall	-0.003893415261928737	0.0495844030256794	NA	NA	bound	358	all	3_3	1	weight	all_FOC	358	4_4	308	herhalen	0.2780053576765566	BOW	c3	0
herhalen.BOWbound3all.PPMIselection.LENGTH5000.SOCPOSnav	0.009724079403022026	0.1552631628725901	NA	NA	bound	358	all	3_3	1	selection	nav_5000	5000	4_4	308	herhalen	0.2540424341620415	BOW	c5	0
herhalen.BOWbound3all.PPMIselection.LENGTH5000.SOCPOSall	-0.2243387609157892	0.13677036391834865	NA	NA	bound	358	all	3_3	1	selection	all_5000	5000	4_4	308	herhalen	0.2732933344894903	BOW	c2	0
herhalen.BOWbound3all.PPMIselection.LENGTHFOC.SOCPOSnav	0.09026413721008728	0.004585141437880019	NA	NA	bound	358	all	3_3	1	selection	nav_FOC	138	4_4	308	herhalen	0.2811807164847413	BOW	c8	0
herhalen.BOWbound3all.PPMIselection.LENGTHFOC.SOCPOSall	0.08506219389792263	-0.00949635354912561	NA	NA	bound	358	all	3_3	1	selection	all_FOC	358	4_4	308	herhalen	0.2558837387332942	BOW	c3	0
herhalen.BOWbound3all.PPMIno.LENGTH5000.SOCPOSnav	0.2295366465909527	0.08800376390547232	NA	NA	bound	536	all	3_3	1	no	nav_5000	5000	4_4	312	herhalen	0.25070267149478076	BOW	c8	0
herhalen.BOWbound3all.PPMIno.LENGTH5000.SOCPOSall	-0.3223144543886507	0.18622462847342536	NA	NA	bound	536	all	3_3	1	no	all_5000	5000	4_4	312	herhalen	0.272819410882598	BOW	c2	0
herhalen.BOWbound3all.PPMIno.LENGTHFOC.SOCPOSnav	0.22745491620549133	-0.011070662268487968	NA	NA	bound	536	all	3_3	1	no	nav_FOC	228	4_4	312	herhalen	0.25492521114552813	BOW	c8	0
herhalen.BOWbound3all.PPMIno.LENGTHFOC.SOCPOSall	0.23577938350099278	-0.026497665862161138	NA	NA	bound	536	all	3_3	1	no	all_FOC	536	4_4	312	herhalen	0.23476818135978322	BOW	c8	0
herhalen.BOWnobound10lex.PPMIweight.LENGTH5000.SOCPOSnav	-0.0659205372578716	-0.18805237230047045	NA	NA	nobound	524	lex	10_10	1	weight	nav_5000	5000	4_4	308	herhalen	0.26924998394243027	BOW	c1	0
herhalen.BOWnobound10lex.PPMIweight.LENGTH5000.SOCPOSall	-0.22729422769457813	-0.1372443257145797	NA	NA	nobound	524	lex	10_10	1	weight	all_5000	5000	4_4	308	herhalen	0.2778651006797994	BOW	c1	0
herhalen.BOWnobound10lex.PPMIweight.LENGTHFOC.SOCPOSnav	-0.05553346131270092	-0.20538039284793644	NA	NA	nobound	524	lex	10_10	1	weight	nav_FOC	338	4_4	308	herhalen	0.2752178824275432	BOW	c1	0
herhalen.BOWnobound10lex.PPMIweight.LENGTHFOC.SOCPOSall	-0.03692327889173936	-0.17644166155155377	NA	NA	nobound	524	lex	10_10	1	weight	all_FOC	524	4_4	308	herhalen	0.27826009725225104	BOW	c1	1
herhalen.BOWnobound10lex.PPMIselection.LENGTH5000.SOCPOSnav	0.007700905207589969	-0.20575265960310565	NA	NA	nobound	524	lex	10_10	1	selection	nav_5000	5000	4_4	308	herhalen	0.2635626530998957	BOW	c1	0
herhalen.BOWnobound10lex.PPMIselection.LENGTH5000.SOCPOSall	-0.29399670741065387	-0.23337337926621488	NA	NA	nobound	524	lex	10_10	1	selection	all_5000	5000	4_4	308	herhalen	0.2767372104308938	BOW	c1	0
herhalen.BOWnobound10lex.PPMIselection.LENGTHFOC.SOCPOSnav	0.03044529000284628	-0.25207987513733593	NA	NA	nobound	524	lex	10_10	1	selection	nav_FOC	338	4_4	308	herhalen	0.2664767921429923	BOW	c1	0
herhalen.BOWnobound10lex.PPMIselection.LENGTHFOC.SOCPOSall	0.02570749366861365	-0.22672204516651034	NA	NA	nobound	524	lex	10_10	1	selection	all_FOC	524	4_4	308	herhalen	0.2657207356450611	BOW	c1	0
herhalen.BOWnobound10lex.PPMIno.LENGTH5000.SOCPOSnav	0.12795250685734352	-0.28748815125961463	NA	NA	nobound	1310	lex	10_10	1	no	nav_5000	5000	4_4	312	herhalen	0.2614154344693236	BOW	c4	0
herhalen.BOWnobound10lex.PPMIno.LENGTH5000.SOCPOSall	-0.42252717993712435	-0.4258814258434379	NA	NA	nobound	1310	lex	10_10	1	no	all_5000	5000	4_4	312	herhalen	0.2562756619060764	BOW	c4	0
herhalen.BOWnobound10lex.PPMIno.LENGTHFOC.SOCPOSnav	0.15954657322948587	-0.28702878748886995	NA	NA	nobound	1310	lex	10_10	1	no	nav_FOC	976	4_4	312	herhalen	0.2632606000705544	BOW	c4	0
herhalen.BOWnobound10lex.PPMIno.LENGTHFOC.SOCPOSall	0.16495607739157658	-0.2779889599476772	NA	NA	nobound	1310	lex	10_10	1	no	all_FOC	1310	4_4	312	herhalen	0.257259141325845	BOW	c4	0
herhalen.BOWnobound10all.PPMIweight.LENGTH5000.SOCPOSnav	0.005876193840137206	0.07511630368444466	NA	NA	nobound	778	all	10_10	1	weight	nav_5000	5000	4_4	312	herhalen	0.26264812107662905	BOW	c5	0
herhalen.BOWnobound10all.PPMIweight.LENGTH5000.SOCPOSall	-0.2591268109826257	0.0462045495187306	NA	NA	nobound	778	all	10_10	1	weight	all_5000	5000	4_4	312	herhalen	0.2762442940137441	BOW	c1	0
herhalen.BOWnobound10all.PPMIweight.LENGTHFOC.SOCPOSnav	0.05032090652185281	0.019946149789562696	NA	NA	nobound	778	all	10_10	1	weight	nav_FOC	338	4_4	312	herhalen	0.26283687048233023	BOW	c1	0
herhalen.BOWnobound10all.PPMIweight.LENGTHFOC.SOCPOSall	0.05315014772054009	0.008135776743667963	NA	NA	nobound	778	all	10_10	1	weight	all_FOC	778	4_4	312	herhalen	0.25755159043402814	BOW	c1	0
herhalen.BOWnobound10all.PPMIselection.LENGTH5000.SOCPOSnav	0.14860402153010804	-0.033636860260873785	NA	NA	nobound	778	all	10_10	1	selection	nav_5000	5000	4_4	312	herhalen	0.26648145377570004	BOW	c4	0
herhalen.BOWnobound10all.PPMIselection.LENGTH5000.SOCPOSall	-0.4283974794552297	-0.02551151127592355	NA	NA	nobound	778	all	10_10	1	selection	all_5000	5000	4_4	312	herhalen	0.2783471269044232	BOW	c6	0
herhalen.BOWnobound10all.PPMIselection.LENGTHFOC.SOCPOSnav	0.18864224375103616	-0.09985127865727335	NA	NA	nobound	778	all	10_10	1	selection	nav_FOC	338	4_4	312	herhalen	0.2511213088060553	BOW	c4	0
herhalen.BOWnobound10all.PPMIselection.LENGTHFOC.SOCPOSall	0.17572972446883536	-0.09309876320254563	NA	NA	nobound	778	all	10_10	1	selection	all_FOC	778	4_4	312	herhalen	0.2467920328118013	BOW	c4	0
herhalen.BOWnobound10all.PPMIno.LENGTH5000.SOCPOSnav	0.26952571806327014	-0.1393424437564312	NA	NA	nobound	1828	all	10_10	1	no	nav_5000	5000	4_4	312	herhalen	0.2547376248562687	BOW	c4	0
herhalen.BOWnobound10all.PPMIno.LENGTH5000.SOCPOSall	-0.601423093079465	-0.23849186093944605	NA	NA	nobound	1828	all	10_10	1	no	all_5000	5000	4_4	312	herhalen	0.25171173261565644	BOW	c4	0
herhalen.BOWnobound10all.PPMIno.LENGTHFOC.SOCPOSnav	0.2758250136216991	-0.15866561470445367	NA	NA	nobound	1828	all	10_10	1	no	nav_FOC	976	4_4	312	herhalen	0.2459043052703178	BOW	c4	1
herhalen.BOWnobound10all.PPMIno.LENGTHFOC.SOCPOSall	0.2796361875599969	-0.17418647150665212	NA	NA	nobound	1828	all	10_10	1	no	all_FOC	1828	4_4	312	herhalen	0.23324061711592647	BOW	c4	0
herhalen.BOWnobound5lex.PPMIweight.LENGTH5000.SOCPOSnav	-0.06414407395825758	-0.14077054484628004	NA	NA	nobound	359	lex	5_5	1	weight	nav_5000	5000	4_4	297	herhalen	0.26490640201894466	BOW	c5	0
herhalen.BOWnobound5lex.PPMIweight.LENGTH5000.SOCPOSall	-0.19340158341222974	-0.07515706684827096	NA	NA	nobound	359	lex	5_5	1	weight	all_5000	5000	4_4	297	herhalen	0.27681026717999757	BOW	c2	0
herhalen.BOWnobound5lex.PPMIweight.LENGTHFOC.SOCPOSnav	-0.035097509742612526	-0.12908840321838325	NA	NA	nobound	359	lex	5_5	1	weight	nav_FOC	230	4_4	297	herhalen	0.29777610427923185	BOW	c1	0
herhalen.BOWnobound5lex.PPMIweight.LENGTHFOC.SOCPOSall	-0.03008839778515514	-0.10896514188757704	NA	NA	nobound	359	lex	5_5	1	weight	all_FOC	359	4_4	297	herhalen	0.2974609232405552	BOW	c1	0
herhalen.BOWnobound5lex.PPMIselection.LENGTH5000.SOCPOSnav	-0.015238969455805258	-0.14633962756757785	NA	NA	nobound	359	lex	5_5	1	selection	nav_5000	5000	4_4	297	herhalen	0.25746783968955733	BOW	c3	0
herhalen.BOWnobound5lex.PPMIselection.LENGTH5000.SOCPOSall	-0.20781388470038842	-0.10042757072348152	NA	NA	nobound	359	lex	5_5	1	selection	all_5000	5000	4_4	297	herhalen	0.2634446253309461	BOW	c2	0
herhalen.BOWnobound5lex.PPMIselection.LENGTHFOC.SOCPOSnav	0.020531428722177537	-0.12925054235016717	NA	NA	nobound	359	lex	5_5	1	selection	nav_FOC	230	4_4	297	herhalen	0.2839457456968188	BOW	c3	0
herhalen.BOWnobound5lex.PPMIselection.LENGTHFOC.SOCPOSall	0.02212583129402757	-0.1194853786548089	NA	NA	nobound	359	lex	5_5	1	selection	all_FOC	359	4_4	297	herhalen	0.28105519903598825	BOW	c3	0
herhalen.BOWnobound5lex.PPMIno.LENGTH5000.SOCPOSnav	0.05427046073637104	-0.18382573279749045	NA	NA	nobound	668	lex	5_5	1	no	nav_5000	5000	4_4	312	herhalen	0.26730999572058134	BOW	c3	0
herhalen.BOWnobound5lex.PPMIno.LENGTH5000.SOCPOSall	-0.42685943938927295	-0.2454079125220525	NA	NA	nobound	668	lex	5_5	1	no	all_5000	5000	4_4	312	herhalen	0.27517315318432684	BOW	c2	0
herhalen.BOWnobound5lex.PPMIno.LENGTHFOC.SOCPOSnav	0.09736007530519071	-0.19874734390439067	NA	NA	nobound	668	lex	5_5	1	no	nav_FOC	491	4_4	312	herhalen	0.27538280600664555	BOW	c3	0
herhalen.BOWnobound5lex.PPMIno.LENGTHFOC.SOCPOSall	0.10416832988642886	-0.1987352647146834	NA	NA	nobound	668	lex	5_5	1	no	all_FOC	668	4_4	312	herhalen	0.2674196906971508	BOW	c3	0
herhalen.BOWnobound5all.PPMIweight.LENGTH5000.SOCPOSnav	-0.0011263720477258147	0.09750231736265401	NA	NA	nobound	552	all	5_5	1	weight	nav_5000	5000	4_4	312	herhalen	0.2592735887295336	BOW	c5	0
herhalen.BOWnobound5all.PPMIweight.LENGTH5000.SOCPOSall	-0.20806240458950112	0.07693551047027936	NA	NA	nobound	552	all	5_5	1	weight	all_5000	5000	4_4	312	herhalen	0.2754191009896878	BOW	c6	0
herhalen.BOWnobound5all.PPMIweight.LENGTHFOC.SOCPOSnav	0.024422062828180678	0.03898893997300752	NA	NA	nobound	552	all	5_5	1	weight	nav_FOC	230	4_4	312	herhalen	0.27928439438514063	BOW	c5	0
herhalen.BOWnobound5all.PPMIweight.LENGTHFOC.SOCPOSall	0.022600944716025837	0.02320698716675932	NA	NA	nobound	552	all	5_5	1	weight	all_FOC	552	4_4	312	herhalen	0.2708769635305456	BOW	c5	0
herhalen.BOWnobound5all.PPMIselection.LENGTH5000.SOCPOSnav	0.10669223852265251	0.04766330395972793	NA	NA	nobound	552	all	5_5	1	selection	nav_5000	5000	4_4	312	herhalen	0.24224574896299864	BOW	c5	0
herhalen.BOWnobound5all.PPMIselection.LENGTH5000.SOCPOSall	-0.32540308271217444	0.0717078358087442	NA	NA	nobound	552	all	5_5	1	selection	all_5000	5000	4_4	312	herhalen	0.26919980329165316	BOW	c6	0
herhalen.BOWnobound5all.PPMIselection.LENGTHFOC.SOCPOSnav	0.11395138715304749	-0.022519445333242363	NA	NA	nobound	552	all	5_5	1	selection	nav_FOC	230	4_4	312	herhalen	0.26197701701634113	BOW	c7	0
herhalen.BOWnobound5all.PPMIselection.LENGTHFOC.SOCPOSall	0.10839489526098864	-0.03258616924074763	NA	NA	nobound	552	all	5_5	1	selection	all_FOC	552	4_4	312	herhalen	0.25221382310513996	BOW	c7	0
herhalen.BOWnobound5all.PPMIno.LENGTH5000.SOCPOSnav	0.2502805183728829	-0.020900494018418213	NA	NA	nobound	986	all	5_5	1	no	nav_5000	5000	4_4	312	herhalen	0.24487614912394215	BOW	c8	0
herhalen.BOWnobound5all.PPMIno.LENGTH5000.SOCPOSall	-0.5346295794795393	0.06110412975508455	NA	NA	nobound	986	all	5_5	1	no	all_5000	5000	4_4	312	herhalen	0.2580479338166603	BOW	c4	0
herhalen.BOWnobound5all.PPMIno.LENGTHFOC.SOCPOSnav	0.2313717378255781	-0.06801433117027968	NA	NA	nobound	986	all	5_5	1	no	nav_FOC	491	4_4	312	herhalen	0.24134830682520378	BOW	c8	0
herhalen.BOWnobound5all.PPMIno.LENGTHFOC.SOCPOSall	0.22685422636745303	-0.08287384437649517	NA	NA	nobound	986	all	5_5	1	no	all_FOC	986	4_4	312	herhalen	0.2292380045686432	BOW	c8	0
herhalen.BOWnobound3lex.PPMIweight.LENGTH5000.SOCPOSnav	-0.06294398328357759	-0.1345677098377415	NA	NA	nobound	242	lex	3_3	1	weight	nav_5000	5000	4_4	270	herhalen	0.2609843307684487	BOW	c3	0
herhalen.BOWnobound3lex.PPMIweight.LENGTH5000.SOCPOSall	-0.16657178860177332	-0.05281672959191555	NA	NA	nobound	242	lex	3_3	1	weight	all_5000	5000	4_4	270	herhalen	0.2757042386502074	BOW	c2	0
herhalen.BOWnobound3lex.PPMIweight.LENGTHFOC.SOCPOSnav	-0.059302318005286445	-0.11138780715210794	NA	NA	nobound	242	lex	3_3	1	weight	nav_FOC	154	4_4	270	herhalen	0.300205875943966	BOW	c3	0
herhalen.BOWnobound3lex.PPMIweight.LENGTHFOC.SOCPOSall	-0.04469945092901167	-0.08766773488810523	NA	NA	nobound	242	lex	3_3	1	weight	all_FOC	242	4_4	270	herhalen	0.30448130413772073	BOW	c3	0
herhalen.BOWnobound3lex.PPMIselection.LENGTH5000.SOCPOSnav	-0.044352188662509846	-0.12636789494440945	NA	NA	nobound	242	lex	3_3	1	selection	nav_5000	5000	4_4	270	herhalen	0.254799257934287	BOW	c3	0
herhalen.BOWnobound3lex.PPMIselection.LENGTH5000.SOCPOSall	-0.17030023643606343	-0.06128404775911757	NA	NA	nobound	242	lex	3_3	1	selection	all_5000	5000	4_4	270	herhalen	0.26802515963386736	BOW	c2	0
herhalen.BOWnobound3lex.PPMIselection.LENGTHFOC.SOCPOSnav	-0.011003366042811925	-0.10997075898080233	NA	NA	nobound	242	lex	3_3	1	selection	nav_FOC	154	4_4	270	herhalen	0.29100075725572944	BOW	c3	0
herhalen.BOWnobound3lex.PPMIselection.LENGTHFOC.SOCPOSall	-0.001748459598346802	-0.09432328481438267	NA	NA	nobound	242	lex	3_3	1	selection	all_FOC	242	4_4	270	herhalen	0.29171404145481666	BOW	c3	0
herhalen.BOWnobound3lex.PPMIno.LENGTH5000.SOCPOSnav	-0.0166179554790688	-0.20287866399301757	NA	NA	nobound	369	lex	3_3	1	no	nav_5000	5000	4_4	301	herhalen	0.26786022659530967	BOW	c3	0
herhalen.BOWnobound3lex.PPMIno.LENGTH5000.SOCPOSall	-0.2610279611751385	-0.14235127078339516	NA	NA	nobound	369	lex	3_3	1	no	all_5000	5000	4_4	301	herhalen	0.27439372611470886	BOW	c2	0
herhalen.BOWnobound3lex.PPMIno.LENGTHFOC.SOCPOSnav	0.04611344868321117	-0.2018378053102525	NA	NA	nobound	369	lex	3_3	1	no	nav_FOC	261	4_4	301	herhalen	0.28587831311948664	BOW	c3	0
herhalen.BOWnobound3lex.PPMIno.LENGTHFOC.SOCPOSall	0.0658368608683574	-0.2014390071783001	NA	NA	nobound	369	lex	3_3	1	no	all_FOC	369	4_4	301	herhalen	0.2783618872333108	BOW	c3	0
herhalen.BOWnobound3all.PPMIweight.LENGTH5000.SOCPOSnav	-0.008930097905384501	0.12482567526569092	NA	NA	nobound	390	all	3_3	1	weight	nav_5000	5000	4_4	308	herhalen	0.27010877476907225	BOW	c5	0
herhalen.BOWnobound3all.PPMIweight.LENGTH5000.SOCPOSall	-0.19008334630096294	0.12006998918582883	NA	NA	nobound	390	all	3_3	1	weight	all_5000	5000	4_4	308	herhalen	0.27683501368197455	BOW	c2	0
herhalen.BOWnobound3all.PPMIweight.LENGTHFOC.SOCPOSnav	0.008855657092416121	0.06195049313777587	NA	NA	nobound	390	all	3_3	1	weight	nav_FOC	154	4_4	308	herhalen	0.29159239813382515	BOW	c5	0
herhalen.BOWnobound3all.PPMIweight.LENGTHFOC.SOCPOSall	0.004650422124304677	0.03951030818339734	NA	NA	nobound	390	all	3_3	1	weight	all_FOC	390	4_4	308	herhalen	0.2780638445384147	BOW	c3	0
herhalen.BOWnobound3all.PPMIselection.LENGTH5000.SOCPOSnav	0.013780856379665288	0.1402211887856622	NA	NA	nobound	390	all	3_3	1	selection	nav_5000	5000	4_4	308	herhalen	0.25413754623426754	BOW	c5	0
herhalen.BOWnobound3all.PPMIselection.LENGTH5000.SOCPOSall	-0.2399797197686575	0.12783409424069817	NA	NA	nobound	390	all	3_3	1	selection	all_5000	5000	4_4	308	herhalen	0.2739874109545667	BOW	c2	0
herhalen.BOWnobound3all.PPMIselection.LENGTHFOC.SOCPOSnav	0.11386795548824662	-0.0010047638464955983	NA	NA	nobound	390	all	3_3	1	selection	nav_FOC	154	4_4	308	herhalen	0.28049690039323927	BOW	c8	0
herhalen.BOWnobound3all.PPMIselection.LENGTHFOC.SOCPOSall	0.10841310529416323	-0.01770843031667253	NA	NA	nobound	390	all	3_3	1	selection	all_FOC	390	4_4	308	herhalen	0.25958038129478583	BOW	c8	0
herhalen.BOWnobound3all.PPMIno.LENGTH5000.SOCPOSnav	0.24169847419087595	0.05363247642282742	NA	NA	nobound	596	all	3_3	1	no	nav_5000	5000	4_4	312	herhalen	0.24965729760859232	BOW	c8	0
herhalen.BOWnobound3all.PPMIno.LENGTH5000.SOCPOSall	-0.37133191124381076	0.2121770584910838	NA	NA	nobound	596	all	3_3	1	no	all_5000	5000	4_4	312	herhalen	0.2730856570004099	BOW	c8	0
herhalen.BOWnobound3all.PPMIno.LENGTHFOC.SOCPOSnav	0.23149581029227073	-0.021006409903150107	NA	NA	nobound	596	all	3_3	1	no	nav_FOC	261	4_4	312	herhalen	0.2561217149642542	BOW	c8	1
herhalen.BOWnobound3all.PPMIno.LENGTHFOC.SOCPOSall	0.2326458800528439	-0.04015673445418941	NA	NA	nobound	596	all	3_3	1	no	all_FOC	596	4_4	312	herhalen	0.23437052543001163	BOW	c8	0
herhalen.LEMMAREL1.PPMIweight.LENGTH5000.SOCPOSnav	0.10574278362139124	0.24210074634561676	NA	group1	bound	239	NA	NA	1	weight	nav_5000	5000	4_4	278	herhalen	0.2773706439166778	LEMMAREL	c5	0
herhalen.LEMMAREL1.PPMIweight.LENGTH5000.SOCPOSall	-0.053322735084656896	0.3256431365317224	NA	group1	bound	239	NA	NA	1	weight	all_5000	5000	4_4	278	herhalen	0.2770152612084673	LEMMAREL	c6	0
herhalen.LEMMAREL1.PPMIweight.LENGTHFOC.SOCPOSnav	0.12368804045786681	0.24419768452417318	NA	group1	bound	239	NA	NA	1	weight	nav_FOC	115	4_4	278	herhalen	0.29506294386327747	LEMMAREL	c7	0
herhalen.LEMMAREL1.PPMIweight.LENGTHFOC.SOCPOSall	0.1118796383989069	0.23171894044106764	NA	group1	bound	239	NA	NA	1	weight	all_FOC	239	4_4	278	herhalen	0.27157868706468213	LEMMAREL	c7	0
herhalen.LEMMAREL1.PPMIselection.LENGTH5000.SOCPOSnav	0.11887879960451808	0.2190689124402126	NA	group1	bound	239	NA	NA	1	selection	nav_5000	5000	4_4	278	herhalen	0.27439650362839924	LEMMAREL	c5	0
herhalen.LEMMAREL1.PPMIselection.LENGTH5000.SOCPOSall	-0.04010483497617564	0.31697927388015756	NA	group1	bound	239	NA	NA	1	selection	all_5000	5000	4_4	278	herhalen	0.27524300920696326	LEMMAREL	c6	0
herhalen.LEMMAREL1.PPMIselection.LENGTHFOC.SOCPOSnav	0.14085985586930527	0.20896504575011277	NA	group1	bound	239	NA	NA	1	selection	nav_FOC	115	4_4	278	herhalen	0.28607127683303096	LEMMAREL	c7	0
herhalen.LEMMAREL1.PPMIselection.LENGTHFOC.SOCPOSall	0.1323337092918736	0.18401409913847933	NA	group1	bound	239	NA	NA	1	selection	all_FOC	239	4_4	278	herhalen	0.26367357534970554	LEMMAREL	c7	0
herhalen.LEMMAREL1.PPMIno.LENGTH5000.SOCPOSnav	0.1491480688035322	0.27654811051300365	NA	group1	bound	334	NA	NA	1	no	nav_5000	5000	4_4	296	herhalen	0.2696520728823044	LEMMAREL	c5	0
herhalen.LEMMAREL1.PPMIno.LENGTH5000.SOCPOSall	-0.11444475169462769	0.43784112312079426	NA	group1	bound	334	NA	NA	1	no	all_5000	5000	4_4	296	herhalen	0.2728591673441593	LEMMAREL	c6	0
herhalen.LEMMAREL1.PPMIno.LENGTHFOC.SOCPOSnav	0.16594615136630034	0.21303996544262474	NA	group1	bound	334	NA	NA	1	no	nav_FOC	159	4_4	296	herhalen	0.29199793139036057	LEMMAREL	c7	0
herhalen.LEMMAREL1.PPMIno.LENGTHFOC.SOCPOSall	0.16917734561102712	0.1921940357545345	NA	group1	bound	334	NA	NA	1	no	all_FOC	334	4_4	296	herhalen	0.271433806700006	LEMMAREL	c7	0
herhalen.LEMMAREL2.PPMIweight.LENGTH5000.SOCPOSnav	0.04310593446880245	0.19724522240221345	NA	group2	bound	294	NA	NA	1	weight	nav_5000	5000	4_4	301	herhalen	0.26709038642197325	LEMMAREL	c5	0
herhalen.LEMMAREL2.PPMIweight.LENGTH5000.SOCPOSall	-0.08499071412900093	0.22548836356340407	NA	group2	bound	294	NA	NA	1	weight	all_5000	5000	4_4	301	herhalen	0.26577578021886433	LEMMAREL	c6	0
herhalen.LEMMAREL2.PPMIweight.LENGTHFOC.SOCPOSnav	0.0714077495776152	0.16263095507220338	NA	group2	bound	294	NA	NA	1	weight	nav_FOC	142	4_4	301	herhalen	0.28104469149207423	LEMMAREL	c7	0
herhalen.LEMMAREL2.PPMIweight.LENGTHFOC.SOCPOSall	0.057817324243125814	0.1434328144417705	NA	group2	bound	294	NA	NA	1	weight	all_FOC	294	4_4	301	herhalen	0.2626903989981274	LEMMAREL	c7	0
herhalen.LEMMAREL2.PPMIselection.LENGTH5000.SOCPOSnav	0.06309811591899021	0.1862859106178874	NA	group2	bound	294	NA	NA	1	selection	nav_5000	5000	4_4	301	herhalen	0.25567033582888854	LEMMAREL	c5	0
herhalen.LEMMAREL2.PPMIselection.LENGTH5000.SOCPOSall	-0.08402702758318811	0.20437606379436185	NA	group2	bound	294	NA	NA	1	selection	all_5000	5000	4_4	301	herhalen	0.2611927894946652	LEMMAREL	c6	0
herhalen.LEMMAREL2.PPMIselection.LENGTHFOC.SOCPOSnav	0.09972204680406532	0.1267193545570272	NA	group2	bound	294	NA	NA	1	selection	nav_FOC	142	4_4	301	herhalen	0.2625742346358116	LEMMAREL	c7	0
herhalen.LEMMAREL2.PPMIselection.LENGTHFOC.SOCPOSall	0.09497964845375388	0.1044891516534342	NA	group2	bound	294	NA	NA	1	selection	all_FOC	294	4_4	301	herhalen	0.24327085636057888	LEMMAREL	c7	0
herhalen.LEMMAREL2.PPMIno.LENGTH5000.SOCPOSnav	0.08692155757056873	0.19756260939107398	NA	group2	bound	447	NA	NA	1	no	nav_5000	5000	4_4	306	herhalen	0.256426130371595	LEMMAREL	c5	0
herhalen.LEMMAREL2.PPMIno.LENGTH5000.SOCPOSall	-0.13708601047643126	0.30452922798412063	NA	group2	bound	447	NA	NA	1	no	all_5000	5000	4_4	306	herhalen	0.2564055085385315	LEMMAREL	c6	0
herhalen.LEMMAREL2.PPMIno.LENGTHFOC.SOCPOSnav	0.11747446919905731	0.12964528013513393	NA	group2	bound	447	NA	NA	1	no	nav_FOC	227	4_4	306	herhalen	0.2649220650586248	LEMMAREL	c7	0
herhalen.LEMMAREL2.PPMIno.LENGTHFOC.SOCPOSall	0.11736618474000973	0.11273388600958106	NA	group2	bound	447	NA	NA	1	no	all_FOC	447	4_4	306	herhalen	0.2520375121394905	LEMMAREL	c7	0
herhalen.LEMMAPATHselection2.PPMIweight.LENGTH5000.SOCPOSnav	0.03253222362946444	0.18134224403366478	selection2	NA	bound	381	NA	NA	1	weight	nav_5000	5000	4_4	306	herhalen	0.2614328819787523	LEMMAPATH	c5	0
herhalen.LEMMAPATHselection2.PPMIweight.LENGTH5000.SOCPOSall	-0.10536747563857947	0.18402476176427607	selection2	NA	bound	381	NA	NA	1	weight	all_5000	5000	4_4	306	herhalen	0.2624439823955995	LEMMAPATH	c6	0
herhalen.LEMMAPATHselection2.PPMIweight.LENGTHFOC.SOCPOSnav	0.052594038863923644	0.11057430347910813	selection2	NA	bound	381	NA	NA	1	weight	nav_FOC	172	4_4	306	herhalen	0.2696457402201386	LEMMAPATH	c7	0
herhalen.LEMMAPATHselection2.PPMIweight.LENGTHFOC.SOCPOSall	0.051125717509293254	0.09275699867158639	selection2	NA	bound	381	NA	NA	1	weight	all_FOC	381	4_4	306	herhalen	0.2588532431300024	LEMMAPATH	c7	0
herhalen.LEMMAPATHselection2.PPMIselection.LENGTH5000.SOCPOSnav	0.06232394148391374	0.16494694297797707	selection2	NA	bound	381	NA	NA	1	selection	nav_5000	5000	4_4	306	herhalen	0.24879085009575536	LEMMAPATH	c7	0
herhalen.LEMMAPATHselection2.PPMIselection.LENGTH5000.SOCPOSall	-0.11125217234858586	0.18521719410663615	selection2	NA	bound	381	NA	NA	1	selection	all_5000	5000	4_4	306	herhalen	0.26105925506395394	LEMMAPATH	c6	0
herhalen.LEMMAPATHselection2.PPMIselection.LENGTHFOC.SOCPOSnav	0.10660171107973503	0.07971469571023154	selection2	NA	bound	381	NA	NA	1	selection	nav_FOC	172	4_4	306	herhalen	0.2521155523480587	LEMMAPATH	c7	0
herhalen.LEMMAPATHselection2.PPMIselection.LENGTHFOC.SOCPOSall	0.10751673924895183	0.05679708978536533	selection2	NA	bound	381	NA	NA	1	selection	all_FOC	381	4_4	306	herhalen	0.24687733926685534	LEMMAPATH	c7	0
herhalen.LEMMAPATHselection2.PPMIno.LENGTH5000.SOCPOSnav	0.23052882051883178	0.1226279781790099	selection2	NA	bound	670	NA	NA	1	no	nav_5000	5000	4_4	309	herhalen	0.2429544331940567	LEMMAPATH	c7	0
herhalen.LEMMAPATHselection2.PPMIno.LENGTH5000.SOCPOSall	-0.2094325455601562	0.32224200778869583	selection2	NA	bound	670	NA	NA	1	no	all_5000	5000	4_4	309	herhalen	0.2567225808178522	LEMMAPATH	c6	0
herhalen.LEMMAPATHselection2.PPMIno.LENGTHFOC.SOCPOSnav	0.19026016136167237	0.06760713368402324	selection2	NA	bound	670	NA	NA	1	no	nav_FOC	336	4_4	309	herhalen	0.23936738911438116	LEMMAPATH	c7	0
herhalen.LEMMAPATHselection2.PPMIno.LENGTHFOC.SOCPOSall	0.19314262144701072	0.04710753413175162	selection2	NA	bound	670	NA	NA	1	no	all_FOC	670	4_4	309	herhalen	0.2371625229229719	LEMMAPATH	c7	0
herhalen.LEMMAPATHselection3.PPMIweight.LENGTH5000.SOCPOSnav	0.02573339356494786	0.14537928238412648	selection3	NA	bound	512	NA	NA	1	weight	nav_5000	5000	4_4	308	herhalen	0.25916790235149395	LEMMAPATH	c5	0
herhalen.LEMMAPATHselection3.PPMIweight.LENGTH5000.SOCPOSall	-0.12034783531956204	0.12206993033284838	selection3	NA	bound	512	NA	NA	1	weight	all_5000	5000	4_4	308	herhalen	0.26533613773045733	LEMMAPATH	c6	0
herhalen.LEMMAPATHselection3.PPMIweight.LENGTHFOC.SOCPOSnav	0.049698096457207665	0.07194793086330134	selection3	NA	bound	512	NA	NA	1	weight	nav_FOC	223	4_4	308	herhalen	0.27070758409155815	LEMMAPATH	c7	0
herhalen.LEMMAPATHselection3.PPMIweight.LENGTHFOC.SOCPOSall	0.04278277488134592	0.05543402859257359	selection3	NA	bound	512	NA	NA	1	weight	all_FOC	512	4_4	308	herhalen	0.2593878758040053	LEMMAPATH	c7	0
herhalen.LEMMAPATHselection3.PPMIselection.LENGTH5000.SOCPOSnav	0.0844687392607692	0.09446219471709806	selection3	NA	bound	512	NA	NA	1	selection	nav_5000	5000	4_4	308	herhalen	0.2506600689708643	LEMMAPATH	c7	0
herhalen.LEMMAPATHselection3.PPMIselection.LENGTH5000.SOCPOSall	-0.14277590814808744	0.14284465797148596	selection3	NA	bound	512	NA	NA	1	selection	all_5000	5000	4_4	308	herhalen	0.2698372887834476	LEMMAPATH	c6	0
herhalen.LEMMAPATHselection3.PPMIselection.LENGTHFOC.SOCPOSnav	0.13239432336001544	0.040157446030674955	selection3	NA	bound	512	NA	NA	1	selection	nav_FOC	223	4_4	308	herhalen	0.24708618952185196	LEMMAPATH	c7	0
herhalen.LEMMAPATHselection3.PPMIselection.LENGTHFOC.SOCPOSall	0.12396700149072414	0.023677132962651812	selection3	NA	bound	512	NA	NA	1	selection	all_FOC	512	4_4	308	herhalen	0.2429786600241066	LEMMAPATH	c7	0
herhalen.LEMMAPATHselection3.PPMIno.LENGTH5000.SOCPOSnav	0.2614354848629305	0.06209558256945031	selection3	NA	bound	996	NA	NA	1	no	nav_5000	5000	4_4	309	herhalen	0.23262078533349437	LEMMAPATH	c7	0
herhalen.LEMMAPATHselection3.PPMIno.LENGTH5000.SOCPOSall	-0.3195636242817202	0.2836489763321225	selection3	NA	bound	996	NA	NA	1	no	all_5000	5000	4_4	309	herhalen	0.2552986562071648	LEMMAPATH	c6	0
herhalen.LEMMAPATHselection3.PPMIno.LENGTHFOC.SOCPOSnav	0.2157664802216615	0.028862777618017307	selection3	NA	bound	996	NA	NA	1	no	nav_FOC	516	4_4	309	herhalen	0.2349203083757727	LEMMAPATH	c7	0
herhalen.LEMMAPATHselection3.PPMIno.LENGTHFOC.SOCPOSall	0.21679184036455498	0.011760161582266846	selection3	NA	bound	996	NA	NA	1	no	all_FOC	996	4_4	309	herhalen	0.23130235071222272	LEMMAPATH	c7	0
herhalen.LEMMAPATHweight.PPMIweight.LENGTH5000.SOCPOSnav	0.02573339356494786	0.14537928238412648	weight	NA	bound	512	NA	NA	1	weight	nav_5000	5000	4_4	308	herhalen	0.25916790235149395	LEMMAPATH	c5	0
herhalen.LEMMAPATHweight.PPMIweight.LENGTH5000.SOCPOSall	-0.12034783531956204	0.12206993033284838	weight	NA	bound	512	NA	NA	1	weight	all_5000	5000	4_4	308	herhalen	0.26533613773045733	LEMMAPATH	c6	0
herhalen.LEMMAPATHweight.PPMIweight.LENGTHFOC.SOCPOSnav	0.049698096457207665	0.07194793086330134	weight	NA	bound	512	NA	NA	1	weight	nav_FOC	223	4_4	308	herhalen	0.27070758409155815	LEMMAPATH	c7	0
herhalen.LEMMAPATHweight.PPMIweight.LENGTHFOC.SOCPOSall	0.04278277488134592	0.05543402859257359	weight	NA	bound	512	NA	NA	1	weight	all_FOC	512	4_4	308	herhalen	0.2593878758040053	LEMMAPATH	c7	0
herhalen.LEMMAPATHweight.PPMIselection.LENGTH5000.SOCPOSnav	0.06354630019889784	0.1462849006785376	weight	NA	bound	512	NA	NA	1	selection	nav_5000	5000	4_4	308	herhalen	0.24800783678134092	LEMMAPATH	c7	0
herhalen.LEMMAPATHweight.PPMIselection.LENGTH5000.SOCPOSall	-0.10451286633324848	0.13636072136093805	weight	NA	bound	512	NA	NA	1	selection	all_5000	5000	4_4	308	herhalen	0.2633825966881914	LEMMAPATH	c6	1
herhalen.LEMMAPATHweight.PPMIselection.LENGTHFOC.SOCPOSnav	0.09257469276743295	0.06519490429034126	weight	NA	bound	512	NA	NA	1	selection	nav_FOC	223	4_4	308	herhalen	0.24117949579445055	LEMMAPATH	c7	0
herhalen.LEMMAPATHweight.PPMIselection.LENGTHFOC.SOCPOSall	0.08410190150351078	0.04740659390513964	weight	NA	bound	512	NA	NA	1	selection	all_FOC	512	4_4	308	herhalen	0.24075451811134735	LEMMAPATH	c7	1
herhalen.LEMMAPATHweight.PPMIno.LENGTH5000.SOCPOSnav	0.15900935028565452	0.10909427508916242	weight	NA	bound	996	NA	NA	1	no	nav_5000	5000	4_4	309	herhalen	0.23750764692762605	LEMMAPATH	c7	0
herhalen.LEMMAPATHweight.PPMIno.LENGTH5000.SOCPOSall	-0.21765140067191457	0.28061972353323184	weight	NA	bound	996	NA	NA	1	no	all_5000	5000	4_4	309	herhalen	0.25208558259621977	LEMMAPATH	c6	0
herhalen.LEMMAPATHweight.PPMIno.LENGTHFOC.SOCPOSnav	0.1529977054568821	0.06318033717609094	weight	NA	bound	996	NA	NA	1	no	nav_FOC	516	4_4	309	herhalen	0.23474617911105458	LEMMAPATH	c7	0
herhalen.LEMMAPATHweight.PPMIno.LENGTHFOC.SOCPOSall	0.15275256275167326	0.04542578111410038	weight	NA	bound	996	NA	NA	1	no	all_FOC	996	4_4	309	herhalen	0.2323982641864447	LEMMAPATH	c7	0
