_model	model.x	model.y	foc_minimum_features	soc_length	soc_length_num	tokens	type	LEMMAPATH	LEMMAREL	foc_boundaries	foc_context_words	foc_foc_pos	foc_foc_win	foc_ppmi	soc_soc_pos	soc_soc_win	foc_base	stress	soc_vector	pam_cluster	is_medoid
schaal.BOWbound10lex.PPMIweight.LENGTH5000.SOCPOSnav	-0.0478370958976683	-0.06320671264550021	1	5000	5000	311	schaal	NA	NA	bound	557	lex	10_10	weight	nav	4_4	BOW	0.13280550597226234	nav_5000	c1	0
schaal.BOWbound10lex.PPMIweight.LENGTH5000.SOCPOSall	-0.123539486736736	-0.09958591944361041	1	5000	5000	311	schaal	NA	NA	bound	557	lex	10_10	weight	all	4_4	BOW	0.14204184377072765	all_5000	c1	0
schaal.BOWbound10lex.PPMIweight.LENGTHFOC.SOCPOSnav	0.010784559731240513	-0.08032964942846467	1	FOC	447	311	schaal	NA	NA	bound	557	lex	10_10	weight	nav	4_4	BOW	0.1294715625618795	nav_FOC	c2	0
schaal.BOWbound10lex.PPMIweight.LENGTHFOC.SOCPOSall	0.007176136891852633	-0.07090094248639454	1	FOC	557	311	schaal	NA	NA	bound	557	lex	10_10	weight	all	4_4	BOW	0.13259120549344774	all_FOC	c2	0
schaal.BOWbound10lex.PPMIselection.LENGTH5000.SOCPOSnav	0.07916124903671914	-0.06660797746923497	1	5000	5000	311	schaal	NA	NA	bound	557	lex	10_10	selection	nav	4_4	BOW	0.17661305941828426	nav_5000	c3	0
schaal.BOWbound10lex.PPMIselection.LENGTH5000.SOCPOSall	0.021029964884396783	-0.2454693171501932	1	5000	5000	311	schaal	NA	NA	bound	557	lex	10_10	selection	all	4_4	BOW	0.18165116505182638	all_5000	c3	0
schaal.BOWbound10lex.PPMIselection.LENGTHFOC.SOCPOSnav	0.16635475022522742	-0.08748913570190475	1	FOC	447	311	schaal	NA	NA	bound	557	lex	10_10	selection	nav	4_4	BOW	0.17333379978607064	nav_FOC	c3	0
schaal.BOWbound10lex.PPMIselection.LENGTHFOC.SOCPOSall	0.15899951412952776	-0.08158207027214132	1	FOC	557	311	schaal	NA	NA	bound	557	lex	10_10	selection	all	4_4	BOW	0.17065365060266732	all_FOC	c3	0
schaal.BOWbound10lex.PPMIno.LENGTH5000.SOCPOSnav	0.2162086477852109	-0.08350904082970778	1	5000	5000	318	schaal	NA	NA	bound	1117	lex	10_10	no	nav	4_4	BOW	0.1953187251606055	nav_5000	c4	0
schaal.BOWbound10lex.PPMIno.LENGTH5000.SOCPOSall	0.4392074505591337	-0.24655880595573534	1	5000	5000	318	schaal	NA	NA	bound	1117	lex	10_10	no	all	4_4	BOW	0.20714788841304965	all_5000	c5	0
schaal.BOWbound10lex.PPMIno.LENGTHFOC.SOCPOSnav	0.2528530891067379	-0.07617783041381286	1	FOC	880	318	schaal	NA	NA	bound	1117	lex	10_10	no	nav	4_4	BOW	0.19473634658452788	nav_FOC	c4	0
schaal.BOWbound10lex.PPMIno.LENGTHFOC.SOCPOSall	0.2599339229179532	-0.0743142052433475	1	FOC	1117	318	schaal	NA	NA	bound	1117	lex	10_10	no	all	4_4	BOW	0.18854383184322007	all_FOC	c4	0
schaal.BOWbound10all.PPMIweight.LENGTH5000.SOCPOSnav	-0.05695378349112592	-0.02656928105357705	1	5000	5000	318	schaal	NA	NA	bound	708	all	10_10	weight	nav	4_4	BOW	0.1275307716438917	nav_5000	c2	0
schaal.BOWbound10all.PPMIweight.LENGTH5000.SOCPOSall	-0.1104490945283154	-0.010057455215771	1	5000	5000	318	schaal	NA	NA	bound	708	all	10_10	weight	all	4_4	BOW	0.13176656191355113	all_5000	c6	0
schaal.BOWbound10all.PPMIweight.LENGTHFOC.SOCPOSnav	0.01419406977399056	-0.0439553097485083	1	FOC	447	318	schaal	NA	NA	bound	708	all	10_10	weight	nav	4_4	BOW	0.1516741361419944	nav_FOC	c2	0
schaal.BOWbound10all.PPMIweight.LENGTHFOC.SOCPOSall	0.006007775033666437	-0.03509407626290938	1	FOC	708	318	schaal	NA	NA	bound	708	all	10_10	weight	all	4_4	BOW	0.1460608607192935	all_FOC	c2	0
schaal.BOWbound10all.PPMIselection.LENGTH5000.SOCPOSnav	0.1903738771122358	0.09784696440492721	1	5000	5000	318	schaal	NA	NA	bound	708	all	10_10	selection	nav	4_4	BOW	0.19690554923013337	nav_5000	c7	0
schaal.BOWbound10all.PPMIselection.LENGTH5000.SOCPOSall	0.19467211445033028	0.35581118738631884	1	5000	5000	318	schaal	NA	NA	bound	708	all	10_10	selection	all	4_4	BOW	0.21159826616563332	all_5000	c5	0
schaal.BOWbound10all.PPMIselection.LENGTHFOC.SOCPOSnav	0.23087026580166403	0.008127911251283823	1	FOC	447	318	schaal	NA	NA	bound	708	all	10_10	selection	nav	4_4	BOW	0.1846325321087828	nav_FOC	c7	0
schaal.BOWbound10all.PPMIselection.LENGTHFOC.SOCPOSall	0.2280522272176811	0.02461830938244464	1	FOC	708	318	schaal	NA	NA	bound	708	all	10_10	selection	all	4_4	BOW	0.1880491582187897	all_FOC	c7	0
schaal.BOWbound10all.PPMIno.LENGTH5000.SOCPOSnav	0.3072173753930914	0.03200258378520346	1	5000	5000	318	schaal	NA	NA	bound	1485	all	10_10	no	nav	4_4	BOW	0.20841924512801982	nav_5000	c4	0
schaal.BOWbound10all.PPMIno.LENGTH5000.SOCPOSall	0.43326671115557075	0.3300517328165683	1	5000	5000	318	schaal	NA	NA	bound	1485	all	10_10	no	all	4_4	BOW	0.2073721814527292	all_5000	c5	0
schaal.BOWbound10all.PPMIno.LENGTHFOC.SOCPOSnav	0.3189936949649289	3.3037805711389395e-4	1	FOC	880	318	schaal	NA	NA	bound	1485	all	10_10	no	nav	4_4	BOW	0.19519200617109836	nav_FOC	c4	1
schaal.BOWbound10all.PPMIno.LENGTHFOC.SOCPOSall	0.34760042341133546	0.024032416767316305	1	FOC	1485	318	schaal	NA	NA	bound	1485	all	10_10	no	all	4_4	BOW	0.1917322062641537	all_FOC	c4	0
schaal.BOWbound5lex.PPMIweight.LENGTH5000.SOCPOSnav	-0.07441270421380054	-0.0737702854116225	1	5000	5000	301	schaal	NA	NA	bound	412	lex	5_5	weight	nav	4_4	BOW	0.12939609013871178	nav_5000	c1	0
schaal.BOWbound5lex.PPMIweight.LENGTH5000.SOCPOSall	-0.15325300681939963	-0.10862329593724301	1	5000	5000	301	schaal	NA	NA	bound	412	lex	5_5	weight	all	4_4	BOW	0.14511130707774364	all_5000	c1	0
schaal.BOWbound5lex.PPMIweight.LENGTHFOC.SOCPOSnav	-0.019558164402032188	-0.09299515199564228	1	FOC	330	301	schaal	NA	NA	bound	412	lex	5_5	weight	nav	4_4	BOW	0.14450372525020855	nav_FOC	c2	0
schaal.BOWbound5lex.PPMIweight.LENGTHFOC.SOCPOSall	-0.01785451353231469	-0.08298572031465043	1	FOC	412	301	schaal	NA	NA	bound	412	lex	5_5	weight	all	4_4	BOW	0.1449125328399365	all_FOC	c2	0
schaal.BOWbound5lex.PPMIselection.LENGTH5000.SOCPOSnav	-0.002454656154871279	-0.09470887168518793	1	5000	5000	301	schaal	NA	NA	bound	412	lex	5_5	selection	nav	4_4	BOW	0.1662509123291929	nav_5000	c3	0
schaal.BOWbound5lex.PPMIselection.LENGTH5000.SOCPOSall	-0.11213926062706489	-0.18776939184042973	1	5000	5000	301	schaal	NA	NA	bound	412	lex	5_5	selection	all	4_4	BOW	0.1680435188302034	all_5000	c1	0
schaal.BOWbound5lex.PPMIselection.LENGTHFOC.SOCPOSnav	0.09305911764157068	-0.10421301247969121	1	FOC	330	301	schaal	NA	NA	bound	412	lex	5_5	selection	nav	4_4	BOW	0.17914762137141102	nav_FOC	c3	0
schaal.BOWbound5lex.PPMIselection.LENGTHFOC.SOCPOSall	0.09094865428464395	-0.09642833938667845	1	FOC	412	301	schaal	NA	NA	bound	412	lex	5_5	selection	all	4_4	BOW	0.17854899884503514	all_FOC	c3	1
schaal.BOWbound5lex.PPMIno.LENGTH5000.SOCPOSnav	0.08584179196125495	-0.06903897208514596	1	5000	5000	314	schaal	NA	NA	bound	673	lex	5_5	no	nav	4_4	BOW	0.19921849030379798	nav_5000	c3	0
schaal.BOWbound5lex.PPMIno.LENGTH5000.SOCPOSall	0.0786517510044365	-0.3389818185085235	1	5000	5000	314	schaal	NA	NA	bound	673	lex	5_5	no	all	4_4	BOW	0.20172112125564168	all_5000	c5	0
schaal.BOWbound5lex.PPMIno.LENGTHFOC.SOCPOSnav	0.14361718180096864	-0.0651708402813681	1	FOC	540	314	schaal	NA	NA	bound	673	lex	5_5	no	nav	4_4	BOW	0.20767645775518276	nav_FOC	c3	0
schaal.BOWbound5lex.PPMIno.LENGTHFOC.SOCPOSall	0.1486652211867263	-0.06182460997956021	1	FOC	673	314	schaal	NA	NA	bound	673	lex	5_5	no	all	4_4	BOW	0.2022856834183902	all_FOC	c3	0
schaal.BOWbound5all.PPMIweight.LENGTH5000.SOCPOSnav	-0.07641190464711453	-0.02640218221265591	1	5000	5000	318	schaal	NA	NA	bound	522	all	5_5	weight	nav	4_4	BOW	0.12332659373178326	nav_5000	c2	0
schaal.BOWbound5all.PPMIweight.LENGTH5000.SOCPOSall	-0.12125708694298314	-0.01095604952574429	1	5000	5000	318	schaal	NA	NA	bound	522	all	5_5	weight	all	4_4	BOW	0.1385419882938053	all_5000	c6	0
schaal.BOWbound5all.PPMIweight.LENGTHFOC.SOCPOSnav	-0.010460044797407851	-0.04201918696659146	1	FOC	330	318	schaal	NA	NA	bound	522	all	5_5	weight	nav	4_4	BOW	0.16284206714626967	nav_FOC	c2	0
schaal.BOWbound5all.PPMIweight.LENGTHFOC.SOCPOSall	-0.015007084763710033	-0.03145237442848234	1	FOC	522	318	schaal	NA	NA	bound	522	all	5_5	weight	all	4_4	BOW	0.14961364786011583	all_FOC	c2	0
schaal.BOWbound5all.PPMIselection.LENGTH5000.SOCPOSnav	0.04040586962720752	0.08093021400200945	1	5000	5000	318	schaal	NA	NA	bound	522	all	5_5	selection	nav	4_4	BOW	0.17620978658504635	nav_5000	c7	0
schaal.BOWbound5all.PPMIselection.LENGTH5000.SOCPOSall	0.0029419678691320426	0.2622374098947921	1	5000	5000	318	schaal	NA	NA	bound	522	all	5_5	selection	all	4_4	BOW	0.21033096235553397	all_5000	c5	0
schaal.BOWbound5all.PPMIselection.LENGTHFOC.SOCPOSnav	0.13754162076718696	0.009575680089154322	1	FOC	330	318	schaal	NA	NA	bound	522	all	5_5	selection	nav	4_4	BOW	0.19168359482414185	nav_FOC	c7	0
schaal.BOWbound5all.PPMIselection.LENGTHFOC.SOCPOSall	0.1257759542233294	0.0193213237379642	1	FOC	522	318	schaal	NA	NA	bound	522	all	5_5	selection	all	4_4	BOW	0.19008101550751028	all_FOC	c7	1
schaal.BOWbound5all.PPMIno.LENGTH5000.SOCPOSnav	0.12239891011579447	0.07538410509463046	1	5000	5000	318	schaal	NA	NA	bound	889	all	5_5	no	nav	4_4	BOW	0.1990449257783052	nav_5000	c7	0
schaal.BOWbound5all.PPMIno.LENGTH5000.SOCPOSall	0.15160064182678062	0.34616789612734383	1	5000	5000	318	schaal	NA	NA	bound	889	all	5_5	no	all	4_4	BOW	0.22406515060307441	all_5000	c5	1
schaal.BOWbound5all.PPMIno.LENGTHFOC.SOCPOSnav	0.1778270410361416	0.025292680041732518	1	FOC	540	318	schaal	NA	NA	bound	889	all	5_5	no	nav	4_4	BOW	0.19901636426659228	nav_FOC	c7	0
schaal.BOWbound5all.PPMIno.LENGTHFOC.SOCPOSall	0.20445392809001972	0.04886962487850249	1	FOC	889	318	schaal	NA	NA	bound	889	all	5_5	no	all	4_4	BOW	0.1968530814070788	all_FOC	c7	0
schaal.BOWbound3lex.PPMIweight.LENGTH5000.SOCPOSnav	-0.09700957603428514	-0.07631968705558526	1	5000	5000	280	schaal	NA	NA	bound	287	lex	3_3	weight	nav	4_4	BOW	0.11169867599667903	nav_5000	c1	1
schaal.BOWbound3lex.PPMIweight.LENGTH5000.SOCPOSall	-0.16365021061736815	-0.09512749930046221	1	5000	5000	280	schaal	NA	NA	bound	287	lex	3_3	weight	all	4_4	BOW	0.13818701675253542	all_5000	c1	0
schaal.BOWbound3lex.PPMIweight.LENGTHFOC.SOCPOSnav	-0.05695102737157419	-0.09596415263192136	1	FOC	233	280	schaal	NA	NA	bound	287	lex	3_3	weight	nav	4_4	BOW	0.1632657094205483	nav_FOC	c1	0
schaal.BOWbound3lex.PPMIweight.LENGTHFOC.SOCPOSall	-0.05985723237810522	-0.09444640935852731	1	FOC	287	280	schaal	NA	NA	bound	287	lex	3_3	weight	all	4_4	BOW	0.1680902438549528	all_FOC	c1	0
schaal.BOWbound3lex.PPMIselection.LENGTH5000.SOCPOSnav	-0.08642366239298487	-0.09470697300183972	1	5000	5000	280	schaal	NA	NA	bound	287	lex	3_3	selection	nav	4_4	BOW	0.1421722579014906	nav_5000	c1	0
schaal.BOWbound3lex.PPMIselection.LENGTH5000.SOCPOSall	-0.1655194904718796	-0.1238859193855165	1	5000	5000	280	schaal	NA	NA	bound	287	lex	3_3	selection	all	4_4	BOW	0.16105401177238937	all_5000	c1	0
schaal.BOWbound3lex.PPMIselection.LENGTHFOC.SOCPOSnav	0.013752912392311594	-0.12302198731417163	1	FOC	233	280	schaal	NA	NA	bound	287	lex	3_3	selection	nav	4_4	BOW	0.18270894693455628	nav_FOC	c3	0
schaal.BOWbound3lex.PPMIselection.LENGTHFOC.SOCPOSall	0.008268638512740414	-0.11845216882002879	1	FOC	287	280	schaal	NA	NA	bound	287	lex	3_3	selection	all	4_4	BOW	0.18709732233984866	all_FOC	c3	0
schaal.BOWbound3lex.PPMIno.LENGTH5000.SOCPOSnav	-0.04251802265770427	-0.10664846060873052	1	5000	5000	296	schaal	NA	NA	bound	407	lex	3_3	no	nav	4_4	BOW	0.17323342979357303	nav_5000	c1	0
schaal.BOWbound3lex.PPMIno.LENGTH5000.SOCPOSall	-0.1568354932092364	-0.20143138923564477	1	5000	5000	296	schaal	NA	NA	bound	407	lex	3_3	no	all	4_4	BOW	0.19129827956429668	all_5000	c1	0
schaal.BOWbound3lex.PPMIno.LENGTHFOC.SOCPOSnav	0.06435354131020257	-0.12515834924500563	1	FOC	329	296	schaal	NA	NA	bound	407	lex	3_3	no	nav	4_4	BOW	0.19231602547756055	nav_FOC	c3	0
schaal.BOWbound3lex.PPMIno.LENGTHFOC.SOCPOSall	0.06511933885795777	-0.1273452942315058	1	FOC	407	296	schaal	NA	NA	bound	407	lex	3_3	no	all	4_4	BOW	0.19775749696576625	all_FOC	c3	0
schaal.BOWbound3all.PPMIweight.LENGTH5000.SOCPOSnav	-0.11371705130999549	-0.04094830554274177	1	5000	5000	317	schaal	NA	NA	bound	353	all	3_3	weight	nav	4_4	BOW	0.1086843313671738	nav_5000	c6	0
schaal.BOWbound3all.PPMIweight.LENGTH5000.SOCPOSall	-0.1518125914704047	-0.027626873472710107	1	5000	5000	317	schaal	NA	NA	bound	353	all	3_3	weight	all	4_4	BOW	0.13828872112109014	all_5000	c6	0
schaal.BOWbound3all.PPMIweight.LENGTHFOC.SOCPOSnav	-0.052139111296530836	-0.04398556049140575	1	FOC	233	317	schaal	NA	NA	bound	353	all	3_3	weight	nav	4_4	BOW	0.18192480916924003	nav_FOC	c2	0
schaal.BOWbound3all.PPMIweight.LENGTHFOC.SOCPOSall	-0.05979581905216796	-0.03709508805896713	1	FOC	353	317	schaal	NA	NA	bound	353	all	3_3	weight	all	4_4	BOW	0.15348164757314572	all_FOC	c2	0
schaal.BOWbound3all.PPMIselection.LENGTH5000.SOCPOSnav	-0.053421540737062796	0.07674249120123632	1	5000	5000	317	schaal	NA	NA	bound	353	all	3_3	selection	nav	4_4	BOW	0.1529994013045266	nav_5000	c8	0
schaal.BOWbound3all.PPMIselection.LENGTH5000.SOCPOSall	-0.10379461007690811	0.16908301754504357	1	5000	5000	317	schaal	NA	NA	bound	353	all	3_3	selection	all	4_4	BOW	0.15976490135470606	all_5000	c8	0
schaal.BOWbound3all.PPMIselection.LENGTHFOC.SOCPOSnav	0.051853908967998324	0.060817242867187565	1	FOC	233	317	schaal	NA	NA	bound	353	all	3_3	selection	nav	4_4	BOW	0.19344197437246885	nav_FOC	c7	0
schaal.BOWbound3all.PPMIselection.LENGTHFOC.SOCPOSall	0.03522143316647813	0.05406997994160872	1	FOC	353	317	schaal	NA	NA	bound	353	all	3_3	selection	all	4_4	BOW	0.1858413958135887	all_FOC	c7	0
schaal.BOWbound3all.PPMIno.LENGTH5000.SOCPOSnav	-0.021177517642872273	0.08316803002634564	1	5000	5000	317	schaal	NA	NA	bound	538	all	3_3	no	nav	4_4	BOW	0.16194652478135532	nav_5000	c8	0
schaal.BOWbound3all.PPMIno.LENGTH5000.SOCPOSall	-0.0683127374870667	0.21808342835771788	1	5000	5000	317	schaal	NA	NA	bound	538	all	3_3	no	all	4_4	BOW	0.1954857981963238	all_5000	c8	0
schaal.BOWbound3all.PPMIno.LENGTHFOC.SOCPOSnav	0.07991495420831607	0.066362611350557	1	FOC	329	317	schaal	NA	NA	bound	538	all	3_3	no	nav	4_4	BOW	0.19982119964179018	nav_FOC	c7	0
schaal.BOWbound3all.PPMIno.LENGTHFOC.SOCPOSall	0.07823574252472704	0.06869411037418545	1	FOC	538	317	schaal	NA	NA	bound	538	all	3_3	no	all	4_4	BOW	0.18983134962041842	all_FOC	c7	0
schaal.BOWnobound10lex.PPMIweight.LENGTH5000.SOCPOSnav	-0.04240429233101512	-0.059044372418303105	1	5000	5000	315	schaal	NA	NA	nobound	640	lex	10_10	weight	nav	4_4	BOW	0.1301841268724663	nav_5000	c1	0
schaal.BOWnobound10lex.PPMIweight.LENGTH5000.SOCPOSall	-0.12196967494162497	-0.10276651980881907	1	5000	5000	315	schaal	NA	NA	nobound	640	lex	10_10	weight	all	4_4	BOW	0.14202329685573545	all_5000	c1	0
schaal.BOWnobound10lex.PPMIweight.LENGTHFOC.SOCPOSnav	0.01764056192648871	-0.08376514155514125	1	FOC	506	315	schaal	NA	NA	nobound	640	lex	10_10	weight	nav	4_4	BOW	0.12178757694920701	nav_FOC	c2	0
schaal.BOWnobound10lex.PPMIweight.LENGTHFOC.SOCPOSall	0.01113354003982634	-0.07416928616483152	1	FOC	640	315	schaal	NA	NA	nobound	640	lex	10_10	weight	all	4_4	BOW	0.12659038481471388	all_FOC	c2	0
schaal.BOWnobound10lex.PPMIselection.LENGTH5000.SOCPOSnav	0.1240781943209704	-0.07049335986074423	1	5000	5000	315	schaal	NA	NA	nobound	640	lex	10_10	selection	nav	4_4	BOW	0.17455721073951994	nav_5000	c3	0
schaal.BOWnobound10lex.PPMIselection.LENGTH5000.SOCPOSall	0.11725454708601245	-0.3092407781741144	1	5000	5000	315	schaal	NA	NA	nobound	640	lex	10_10	selection	all	4_4	BOW	0.1898767121602994	all_5000	c3	0
schaal.BOWnobound10lex.PPMIselection.LENGTHFOC.SOCPOSnav	0.19081250649134607	-0.0906617719624145	1	FOC	506	315	schaal	NA	NA	nobound	640	lex	10_10	selection	nav	4_4	BOW	0.16880644418812932	nav_FOC	c3	0
schaal.BOWnobound10lex.PPMIselection.LENGTHFOC.SOCPOSall	0.1794379893600926	-0.08252063574336779	1	FOC	640	315	schaal	NA	NA	nobound	640	lex	10_10	selection	all	4_4	BOW	0.16818902655837448	all_FOC	c3	0
schaal.BOWnobound10lex.PPMIno.LENGTH5000.SOCPOSnav	0.27367441040237517	-0.0912938080383931	1	5000	5000	318	schaal	NA	NA	nobound	1410	lex	10_10	no	nav	4_4	BOW	0.17709378609993662	nav_5000	c4	0
schaal.BOWnobound10lex.PPMIno.LENGTH5000.SOCPOSall	0.5948212840968657	-0.19818690444570705	1	5000	5000	318	schaal	NA	NA	nobound	1410	lex	10_10	no	all	4_4	BOW	0.18376353348782992	all_5000	c5	0
schaal.BOWnobound10lex.PPMIno.LENGTHFOC.SOCPOSnav	0.2812253631609244	-0.08253219746583591	1	FOC	1092	318	schaal	NA	NA	nobound	1410	lex	10_10	no	nav	4_4	BOW	0.1776980936812273	nav_FOC	c4	0
schaal.BOWnobound10lex.PPMIno.LENGTHFOC.SOCPOSall	0.28807154113274824	-0.0794559170962519	1	FOC	1410	318	schaal	NA	NA	nobound	1410	lex	10_10	no	all	4_4	BOW	0.17169730893685908	all_FOC	c4	0
schaal.BOWnobound10all.PPMIweight.LENGTH5000.SOCPOSnav	-0.0491633964280218	-0.028654760715229516	1	5000	5000	318	schaal	NA	NA	nobound	809	all	10_10	weight	nav	4_4	BOW	0.13027872606216337	nav_5000	c2	0
schaal.BOWnobound10all.PPMIweight.LENGTH5000.SOCPOSall	-0.10449328325059573	-0.008487852619818836	1	5000	5000	318	schaal	NA	NA	nobound	809	all	10_10	weight	all	4_4	BOW	0.1351895068323439	all_5000	c6	0
schaal.BOWnobound10all.PPMIweight.LENGTHFOC.SOCPOSnav	0.020347383409264265	-0.049263111431517403	1	FOC	506	318	schaal	NA	NA	nobound	809	all	10_10	weight	nav	4_4	BOW	0.14022960456157976	nav_FOC	c2	0
schaal.BOWnobound10all.PPMIweight.LENGTHFOC.SOCPOSall	0.010475424565298588	-0.04034732986280689	1	FOC	809	318	schaal	NA	NA	nobound	809	all	10_10	weight	all	4_4	BOW	0.14314996623530746	all_FOC	c2	0
schaal.BOWnobound10all.PPMIselection.LENGTH5000.SOCPOSnav	0.24117850048406417	0.08641291947919134	1	5000	5000	318	schaal	NA	NA	nobound	809	all	10_10	selection	nav	4_4	BOW	0.1958940774616027	nav_5000	c7	0
schaal.BOWnobound10all.PPMIselection.LENGTH5000.SOCPOSall	0.25002588060193276	0.3917531075112473	1	5000	5000	318	schaal	NA	NA	nobound	809	all	10_10	selection	all	4_4	BOW	0.19157081004108814	all_5000	c5	0
schaal.BOWnobound10all.PPMIselection.LENGTHFOC.SOCPOSnav	0.26094755379509393	-0.0015377764955639593	1	FOC	506	318	schaal	NA	NA	nobound	809	all	10_10	selection	nav	4_4	BOW	0.17871505888530548	nav_FOC	c4	0
schaal.BOWnobound10all.PPMIselection.LENGTHFOC.SOCPOSall	0.25772879540675814	0.012633878015072016	1	FOC	809	318	schaal	NA	NA	nobound	809	all	10_10	selection	all	4_4	BOW	0.1800585133604319	all_FOC	c4	0
schaal.BOWnobound10all.PPMIno.LENGTH5000.SOCPOSnav	0.365237985515646	0.00676864450066668	1	5000	5000	318	schaal	NA	NA	nobound	1858	all	10_10	no	nav	4_4	BOW	0.20293669407864584	nav_5000	c4	0
schaal.BOWnobound10all.PPMIno.LENGTH5000.SOCPOSall	0.5837205130368859	0.32536967877607853	1	5000	5000	318	schaal	NA	NA	nobound	1858	all	10_10	no	all	4_4	BOW	0.1846342480670228	all_5000	c5	0
schaal.BOWnobound10all.PPMIno.LENGTHFOC.SOCPOSnav	0.3554902210602047	-0.01549955081226908	1	FOC	1092	318	schaal	NA	NA	nobound	1858	all	10_10	no	nav	4_4	BOW	0.19741697630784338	nav_FOC	c4	0
schaal.BOWnobound10all.PPMIno.LENGTHFOC.SOCPOSall	0.3860356345910101	0.0042379375901788995	1	FOC	1858	318	schaal	NA	NA	nobound	1858	all	10_10	no	all	4_4	BOW	0.18711527025690303	all_FOC	c4	0
schaal.BOWnobound5lex.PPMIweight.LENGTH5000.SOCPOSnav	-0.07438682108326314	-0.08149377556676339	1	5000	5000	305	schaal	NA	NA	nobound	440	lex	5_5	weight	nav	4_4	BOW	0.1267406620383258	nav_5000	c1	0
schaal.BOWnobound5lex.PPMIweight.LENGTH5000.SOCPOSall	-0.15626837820083875	-0.11797359828822826	1	5000	5000	305	schaal	NA	NA	nobound	440	lex	5_5	weight	all	4_4	BOW	0.14429544905252595	all_5000	c1	0
schaal.BOWnobound5lex.PPMIweight.LENGTHFOC.SOCPOSnav	-0.019493659062094864	-0.104043224375319	1	FOC	352	305	schaal	NA	NA	nobound	440	lex	5_5	weight	nav	4_4	BOW	0.13612162579498155	nav_FOC	c2	0
schaal.BOWnobound5lex.PPMIweight.LENGTHFOC.SOCPOSall	-0.019823511767375644	-0.09413435275581516	1	FOC	440	305	schaal	NA	NA	nobound	440	lex	5_5	weight	all	4_4	BOW	0.13491648307968906	all_FOC	c2	0
schaal.BOWnobound5lex.PPMIselection.LENGTH5000.SOCPOSnav	0.007503000697420584	-0.10553340354877401	1	5000	5000	305	schaal	NA	NA	nobound	440	lex	5_5	selection	nav	4_4	BOW	0.16642490302235183	nav_5000	c3	0
schaal.BOWnobound5lex.PPMIselection.LENGTH5000.SOCPOSall	-0.1116725875117963	-0.2094840546401147	1	5000	5000	305	schaal	NA	NA	nobound	440	lex	5_5	selection	all	4_4	BOW	0.16777916067768697	all_5000	c1	0
schaal.BOWnobound5lex.PPMIselection.LENGTHFOC.SOCPOSnav	0.10062312941189855	-0.11483464122443449	1	FOC	352	305	schaal	NA	NA	nobound	440	lex	5_5	selection	nav	4_4	BOW	0.17380158965419876	nav_FOC	c3	0
schaal.BOWnobound5lex.PPMIselection.LENGTHFOC.SOCPOSall	0.09417440310533222	-0.10705366578397274	1	FOC	440	305	schaal	NA	NA	nobound	440	lex	5_5	selection	all	4_4	BOW	0.17342537076157466	all_FOC	c3	0
schaal.BOWnobound5lex.PPMIno.LENGTH5000.SOCPOSnav	0.09389345154538019	-0.07176204081865609	1	5000	5000	316	schaal	NA	NA	nobound	736	lex	5_5	no	nav	4_4	BOW	0.1989019907206213	nav_5000	c3	0
schaal.BOWnobound5lex.PPMIno.LENGTH5000.SOCPOSall	0.09811409091844193	-0.3657112400892881	1	5000	5000	316	schaal	NA	NA	nobound	736	lex	5_5	no	all	4_4	BOW	0.20316320549374017	all_5000	c5	0
schaal.BOWnobound5lex.PPMIno.LENGTHFOC.SOCPOSnav	0.15826304978635747	-0.07379373000843262	1	FOC	590	316	schaal	NA	NA	nobound	736	lex	5_5	no	nav	4_4	BOW	0.20110257374714807	nav_FOC	c3	0
schaal.BOWnobound5lex.PPMIno.LENGTHFOC.SOCPOSall	0.16261113368581473	-0.07045407114688218	1	FOC	736	316	schaal	NA	NA	nobound	736	lex	5_5	no	all	4_4	BOW	0.19581879564152568	all_FOC	c3	0
schaal.BOWnobound5all.PPMIweight.LENGTH5000.SOCPOSnav	-0.07790115081294775	-0.030962671461568846	1	5000	5000	318	schaal	NA	NA	nobound	557	all	5_5	weight	nav	4_4	BOW	0.12177454777210198	nav_5000	c2	0
schaal.BOWnobound5all.PPMIweight.LENGTH5000.SOCPOSall	-0.12439078767883809	-0.011653599070039255	1	5000	5000	318	schaal	NA	NA	nobound	557	all	5_5	weight	all	4_4	BOW	0.1398265238214324	all_5000	c6	0
schaal.BOWnobound5all.PPMIweight.LENGTHFOC.SOCPOSnav	-0.012478373805450357	-0.04854457841507979	1	FOC	352	318	schaal	NA	NA	nobound	557	all	5_5	weight	nav	4_4	BOW	0.1550353524813373	nav_FOC	c2	0
schaal.BOWnobound5all.PPMIweight.LENGTHFOC.SOCPOSall	-0.01597034935441457	-0.03584912046095402	1	FOC	557	318	schaal	NA	NA	nobound	557	all	5_5	weight	all	4_4	BOW	0.13674675576855042	all_FOC	c2	1
schaal.BOWnobound5all.PPMIselection.LENGTH5000.SOCPOSnav	0.059352024701142994	0.08527519831625864	1	5000	5000	318	schaal	NA	NA	nobound	557	all	5_5	selection	nav	4_4	BOW	0.18776992842623286	nav_5000	c7	0
schaal.BOWnobound5all.PPMIselection.LENGTH5000.SOCPOSall	0.028129652014549044	0.2881960488571241	1	5000	5000	318	schaal	NA	NA	nobound	557	all	5_5	selection	all	4_4	BOW	0.22244188532925244	all_5000	c5	0
schaal.BOWnobound5all.PPMIselection.LENGTHFOC.SOCPOSnav	0.14789145516660795	0.0047374692816154204	1	FOC	352	318	schaal	NA	NA	nobound	557	all	5_5	selection	nav	4_4	BOW	0.17705683599508354	nav_FOC	c7	0
schaal.BOWnobound5all.PPMIselection.LENGTHFOC.SOCPOSall	0.13540306478415112	0.012898022101800426	1	FOC	557	318	schaal	NA	NA	nobound	557	all	5_5	selection	all	4_4	BOW	0.17934793408611835	all_FOC	c7	0
schaal.BOWnobound5all.PPMIno.LENGTH5000.SOCPOSnav	0.14378656413538118	0.07442592335934609	1	5000	5000	318	schaal	NA	NA	nobound	976	all	5_5	no	nav	4_4	BOW	0.21251840898591592	nav_5000	c7	0
schaal.BOWnobound5all.PPMIno.LENGTH5000.SOCPOSall	0.17699573904370358	0.3746521063634342	1	5000	5000	318	schaal	NA	NA	nobound	976	all	5_5	no	all	4_4	BOW	0.21450717944377615	all_5000	c5	0
schaal.BOWnobound5all.PPMIno.LENGTHFOC.SOCPOSnav	0.19381919954820787	0.020205373713142398	1	FOC	590	318	schaal	NA	NA	nobound	976	all	5_5	no	nav	4_4	BOW	0.20196290399259834	nav_FOC	c7	0
schaal.BOWnobound5all.PPMIno.LENGTHFOC.SOCPOSall	0.2207381364958566	0.046580674628547064	1	FOC	976	318	schaal	NA	NA	nobound	976	all	5_5	no	all	4_4	BOW	0.203872606218122	all_FOC	c4	0
schaal.BOWnobound3lex.PPMIweight.LENGTH5000.SOCPOSnav	-0.09770888261402187	-0.07649575531861448	1	5000	5000	282	schaal	NA	NA	nobound	296	lex	3_3	weight	nav	4_4	BOW	0.11232547744013241	nav_5000	c1	0
schaal.BOWnobound3lex.PPMIweight.LENGTH5000.SOCPOSall	-0.16636689964540605	-0.09431879072649832	1	5000	5000	282	schaal	NA	NA	nobound	296	lex	3_3	weight	all	4_4	BOW	0.139453716149873	all_5000	c1	0
schaal.BOWnobound3lex.PPMIweight.LENGTHFOC.SOCPOSnav	-0.05470461009874882	-0.08387046857275722	1	FOC	241	282	schaal	NA	NA	nobound	296	lex	3_3	weight	nav	4_4	BOW	0.15042372926545952	nav_FOC	c1	0
schaal.BOWnobound3lex.PPMIweight.LENGTHFOC.SOCPOSall	-0.05679485959076749	-0.0830748842955314	1	FOC	296	282	schaal	NA	NA	nobound	296	lex	3_3	weight	all	4_4	BOW	0.15482824558357766	all_FOC	c1	0
schaal.BOWnobound3lex.PPMIselection.LENGTH5000.SOCPOSnav	-0.08693921564492128	-0.09525189081208431	1	5000	5000	282	schaal	NA	NA	nobound	296	lex	3_3	selection	nav	4_4	BOW	0.14304180977387596	nav_5000	c1	0
schaal.BOWnobound3lex.PPMIselection.LENGTH5000.SOCPOSall	-0.16855321654878297	-0.12323359187224658	1	5000	5000	282	schaal	NA	NA	nobound	296	lex	3_3	selection	all	4_4	BOW	0.1618838138541999	all_5000	c1	0
schaal.BOWnobound3lex.PPMIselection.LENGTHFOC.SOCPOSnav	0.007854796136314285	-0.12165306768146182	1	FOC	241	282	schaal	NA	NA	nobound	296	lex	3_3	selection	nav	4_4	BOW	0.17757554737031256	nav_FOC	c3	0
schaal.BOWnobound3lex.PPMIselection.LENGTHFOC.SOCPOSall	0.003039207435268358	-0.11557844728146001	1	FOC	296	282	schaal	NA	NA	nobound	296	lex	3_3	selection	all	4_4	BOW	0.1834344636724594	all_FOC	c3	0
schaal.BOWnobound3lex.PPMIno.LENGTH5000.SOCPOSnav	-0.041863640985705206	-0.10574310804981664	1	5000	5000	296	schaal	NA	NA	nobound	424	lex	3_3	no	nav	4_4	BOW	0.17307783323879708	nav_5000	c1	0
schaal.BOWnobound3lex.PPMIno.LENGTH5000.SOCPOSall	-0.15921502118684952	-0.2010997029950004	1	5000	5000	296	schaal	NA	NA	nobound	424	lex	3_3	no	all	4_4	BOW	0.19169581425914142	all_5000	c1	0
schaal.BOWnobound3lex.PPMIno.LENGTHFOC.SOCPOSnav	0.05915159598641392	-0.12250447488469579	1	FOC	342	296	schaal	NA	NA	nobound	424	lex	3_3	no	nav	4_4	BOW	0.19171282342323398	nav_FOC	c3	0
schaal.BOWnobound3lex.PPMIno.LENGTHFOC.SOCPOSall	0.06047317698339533	-0.12396188900952909	1	FOC	424	296	schaal	NA	NA	nobound	424	lex	3_3	no	all	4_4	BOW	0.19757484830067149	all_FOC	c3	0
schaal.BOWnobound3all.PPMIweight.LENGTH5000.SOCPOSnav	-0.11782727044139583	-0.04365118082063378	1	5000	5000	317	schaal	NA	NA	nobound	366	all	3_3	weight	nav	4_4	BOW	0.10998407811798432	nav_5000	c6	0
schaal.BOWnobound3all.PPMIweight.LENGTH5000.SOCPOSall	-0.15664452337142193	-0.03086436758897788	1	5000	5000	317	schaal	NA	NA	nobound	366	all	3_3	weight	all	4_4	BOW	0.13762099983181	all_5000	c6	0
schaal.BOWnobound3all.PPMIweight.LENGTHFOC.SOCPOSnav	-0.0575253523807871	-0.04982881977412494	1	FOC	241	317	schaal	NA	NA	nobound	366	all	3_3	weight	nav	4_4	BOW	0.1816477161838286	nav_FOC	c2	0
schaal.BOWnobound3all.PPMIweight.LENGTHFOC.SOCPOSall	-0.06361081638671678	-0.04048177921638972	1	FOC	366	317	schaal	NA	NA	nobound	366	all	3_3	weight	all	4_4	BOW	0.1471783694582562	all_FOC	c2	0
schaal.BOWnobound3all.PPMIselection.LENGTH5000.SOCPOSnav	-0.049631191474716695	0.08078562902726982	1	5000	5000	317	schaal	NA	NA	nobound	366	all	3_3	selection	nav	4_4	BOW	0.15726812559153086	nav_5000	c8	0
schaal.BOWnobound3all.PPMIselection.LENGTH5000.SOCPOSall	-0.10208357321699618	0.17008901018239542	1	5000	5000	317	schaal	NA	NA	nobound	366	all	3_3	selection	all	4_4	BOW	0.16508141548621819	all_5000	c8	0
schaal.BOWnobound3all.PPMIselection.LENGTHFOC.SOCPOSnav	0.0501895445915242	0.04343667354193066	1	FOC	241	317	schaal	NA	NA	nobound	366	all	3_3	selection	nav	4_4	BOW	0.19005754394043145	nav_FOC	c7	0
schaal.BOWnobound3all.PPMIselection.LENGTHFOC.SOCPOSall	0.034810773603524144	0.042681960164029926	1	FOC	366	317	schaal	NA	NA	nobound	366	all	3_3	selection	all	4_4	BOW	0.1852243780417757	all_FOC	c7	0
schaal.BOWnobound3all.PPMIno.LENGTH5000.SOCPOSnav	-0.013245486845847561	0.09712416971347232	1	5000	5000	318	schaal	NA	NA	nobound	566	all	3_3	no	nav	4_4	BOW	0.16890223256685974	nav_5000	c8	0
schaal.BOWnobound3all.PPMIno.LENGTH5000.SOCPOSall	-0.061271441444375775	0.2316939026221597	1	5000	5000	318	schaal	NA	NA	nobound	566	all	3_3	no	all	4_4	BOW	0.20529065515128536	all_5000	c5	0
schaal.BOWnobound3all.PPMIno.LENGTHFOC.SOCPOSnav	0.08334767250276155	0.06410220197197984	1	FOC	342	318	schaal	NA	NA	nobound	566	all	3_3	no	nav	4_4	BOW	0.20103515881099693	nav_FOC	c7	0
schaal.BOWnobound3all.PPMIno.LENGTHFOC.SOCPOSall	0.0859899516589243	0.07658693153569195	1	FOC	566	318	schaal	NA	NA	nobound	566	all	3_3	no	all	4_4	BOW	0.19449204603334655	all_FOC	c7	0
schaal.LEMMAPATHselection2.PPMIweight.LENGTH5000.SOCPOSnav	-0.1376568058332964	-0.017553155691328197	1	5000	5000	316	schaal	selection2	NA	bound	263	NA	NA	weight	nav	4_4	LEMMAPATH	0.10758137233345937	nav_5000	c6	1
schaal.LEMMAPATHselection2.PPMIweight.LENGTH5000.SOCPOSall	-0.16810776689533138	0.008314061463793286	1	5000	5000	316	schaal	selection2	NA	bound	263	NA	NA	weight	all	4_4	LEMMAPATH	0.1392760459341616	all_5000	c6	0
schaal.LEMMAPATHselection2.PPMIweight.LENGTHFOC.SOCPOSnav	-0.10249546540620416	-0.017961742770437168	1	FOC	187	316	schaal	selection2	NA	bound	263	NA	NA	weight	nav	4_4	LEMMAPATH	0.19561637178294963	nav_FOC	c6	0
schaal.LEMMAPATHselection2.PPMIweight.LENGTHFOC.SOCPOSall	-0.12681325377997357	-0.01763918714175733	1	FOC	263	316	schaal	selection2	NA	bound	263	NA	NA	weight	all	4_4	LEMMAPATH	0.17704337516079952	all_FOC	c6	0
schaal.LEMMAPATHselection2.PPMIselection.LENGTH5000.SOCPOSnav	-0.12903782538178754	0.06302653940092967	1	5000	5000	316	schaal	selection2	NA	bound	263	NA	NA	selection	nav	4_4	LEMMAPATH	0.11080731265529241	nav_5000	c8	0
schaal.LEMMAPATHselection2.PPMIselection.LENGTH5000.SOCPOSall	-0.14398371160687237	0.13778599976214279	1	5000	5000	316	schaal	selection2	NA	bound	263	NA	NA	selection	all	4_4	LEMMAPATH	0.11653845014946114	all_5000	c8	0
schaal.LEMMAPATHselection2.PPMIselection.LENGTHFOC.SOCPOSnav	-0.08135952760439882	0.05981121487093509	1	FOC	187	316	schaal	selection2	NA	bound	263	NA	NA	selection	nav	4_4	LEMMAPATH	0.16043836783019713	nav_FOC	c8	0
schaal.LEMMAPATHselection2.PPMIselection.LENGTHFOC.SOCPOSall	-0.09738766209425541	0.05650132486194848	1	FOC	263	316	schaal	selection2	NA	bound	263	NA	NA	selection	all	4_4	LEMMAPATH	0.15597821099346937	all_FOC	c8	0
schaal.LEMMAPATHselection2.PPMIno.LENGTH5000.SOCPOSnav	-0.12865187485687227	0.055428873772183064	1	5000	5000	317	schaal	selection2	NA	bound	392	NA	NA	no	nav	4_4	LEMMAPATH	0.10883640621681133	nav_5000	c8	0
schaal.LEMMAPATHselection2.PPMIno.LENGTH5000.SOCPOSall	-0.1493577391520928	0.15982681454059275	1	5000	5000	317	schaal	selection2	NA	bound	392	NA	NA	no	all	4_4	LEMMAPATH	0.11467453032782991	all_5000	c8	0
schaal.LEMMAPATHselection2.PPMIno.LENGTHFOC.SOCPOSnav	-0.07602315876017081	0.062400355682178284	1	FOC	263	317	schaal	selection2	NA	bound	392	NA	NA	no	nav	4_4	LEMMAPATH	0.1650685403672751	nav_FOC	c8	0
schaal.LEMMAPATHselection2.PPMIno.LENGTHFOC.SOCPOSall	-0.07632678733135916	0.054732844014043616	1	FOC	392	317	schaal	selection2	NA	bound	392	NA	NA	no	all	4_4	LEMMAPATH	0.1490648718226807	all_FOC	c8	0
schaal.LEMMAPATHselection3.PPMIweight.LENGTH5000.SOCPOSnav	-0.0952670016484304	-0.027012737190906317	1	5000	5000	317	schaal	selection3	NA	bound	414	NA	NA	weight	nav	4_4	LEMMAPATH	0.10384767332680517	nav_5000	c6	0
schaal.LEMMAPATHselection3.PPMIweight.LENGTH5000.SOCPOSall	-0.1302425020717661	-0.0073913575577520645	1	5000	5000	317	schaal	selection3	NA	bound	414	NA	NA	weight	all	4_4	LEMMAPATH	0.12322719667849574	all_5000	c6	0
schaal.LEMMAPATHselection3.PPMIweight.LENGTHFOC.SOCPOSnav	-0.03645413212846683	-0.03924580718109141	1	FOC	270	317	schaal	selection3	NA	bound	414	NA	NA	weight	nav	4_4	LEMMAPATH	0.15095207766738902	nav_FOC	c2	0
schaal.LEMMAPATHselection3.PPMIweight.LENGTHFOC.SOCPOSall	-0.04287685463341732	-0.031174790628083936	1	FOC	414	317	schaal	selection3	NA	bound	414	NA	NA	weight	all	4_4	LEMMAPATH	0.14983038877473925	all_FOC	c2	0
schaal.LEMMAPATHselection3.PPMIselection.LENGTH5000.SOCPOSnav	-0.04173391321973782	0.07883693059445568	1	5000	5000	317	schaal	selection3	NA	bound	414	NA	NA	selection	nav	4_4	LEMMAPATH	0.15606740447303144	nav_5000	c8	0
schaal.LEMMAPATHselection3.PPMIselection.LENGTH5000.SOCPOSall	-0.06952200139396773	0.25068394074347994	1	5000	5000	317	schaal	selection3	NA	bound	414	NA	NA	selection	all	4_4	LEMMAPATH	0.19302884396172845	all_5000	c8	0
schaal.LEMMAPATHselection3.PPMIselection.LENGTHFOC.SOCPOSnav	0.06577108579001201	0.040532363031580046	1	FOC	270	317	schaal	selection3	NA	bound	414	NA	NA	selection	nav	4_4	LEMMAPATH	0.1893153793775575	nav_FOC	c7	0
schaal.LEMMAPATHselection3.PPMIselection.LENGTHFOC.SOCPOSall	0.04502012087215948	0.03995717842452618	1	FOC	414	317	schaal	selection3	NA	bound	414	NA	NA	selection	all	4_4	LEMMAPATH	0.18490924281395543	all_FOC	c7	0
schaal.LEMMAPATHselection3.PPMIno.LENGTH5000.SOCPOSnav	0.002041575270902182	0.08803996940127569	1	5000	5000	317	schaal	selection3	NA	bound	693	NA	NA	no	nav	4_4	LEMMAPATH	0.1828994955877445	nav_5000	c8	0
schaal.LEMMAPATHselection3.PPMIno.LENGTH5000.SOCPOSall	0.004680463768117309	0.3130919290293287	1	5000	5000	317	schaal	selection3	NA	bound	693	NA	NA	no	all	4_4	LEMMAPATH	0.20648955546866818	all_5000	c5	0
schaal.LEMMAPATHselection3.PPMIno.LENGTHFOC.SOCPOSnav	0.11424360109689218	0.047298231222095595	1	FOC	424	317	schaal	selection3	NA	bound	693	NA	NA	no	nav	4_4	LEMMAPATH	0.2119418760167111	nav_FOC	c7	0
schaal.LEMMAPATHselection3.PPMIno.LENGTHFOC.SOCPOSall	0.12343475118044993	0.06645779075485862	1	FOC	693	317	schaal	selection3	NA	bound	693	NA	NA	no	all	4_4	LEMMAPATH	0.20585716783357635	all_FOC	c7	0
schaal.LEMMAPATHweight.PPMIselection.LENGTH5000.SOCPOSnav	-0.11506257698966249	0.05530591492988717	1	5000	5000	317	schaal	weight	NA	bound	414	NA	NA	selection	nav	4_4	LEMMAPATH	0.10433699515593466	nav_5000	c8	0
schaal.LEMMAPATHweight.PPMIselection.LENGTH5000.SOCPOSall	-0.12714909362617818	0.11899727166680109	1	5000	5000	317	schaal	weight	NA	bound	414	NA	NA	selection	all	4_4	LEMMAPATH	0.12212439912796827	all_5000	c8	0
schaal.LEMMAPATHweight.PPMIselection.LENGTHFOC.SOCPOSnav	-0.058381313296859694	0.03919613374333567	1	FOC	270	317	schaal	weight	NA	bound	414	NA	NA	selection	nav	4_4	LEMMAPATH	0.14613053784241065	nav_FOC	c8	0
schaal.LEMMAPATHweight.PPMIselection.LENGTHFOC.SOCPOSall	-0.05976514027774981	0.04017003863958782	1	FOC	414	317	schaal	weight	NA	bound	414	NA	NA	selection	all	4_4	LEMMAPATH	0.1469019780484089	all_FOC	c8	0
schaal.LEMMAPATHweight.PPMIno.LENGTH5000.SOCPOSnav	-0.10078159985454604	0.05076070176820466	1	5000	5000	317	schaal	weight	NA	bound	693	NA	NA	no	nav	4_4	LEMMAPATH	0.11064669843467423	nav_5000	c8	1
schaal.LEMMAPATHweight.PPMIno.LENGTH5000.SOCPOSall	-0.12025998472890218	0.14398907920096332	1	5000	5000	317	schaal	weight	NA	bound	693	NA	NA	no	all	4_4	LEMMAPATH	0.12738918397318574	all_5000	c8	0
schaal.LEMMAPATHweight.PPMIno.LENGTHFOC.SOCPOSnav	-0.0436031295026231	0.04210844747366397	1	FOC	424	317	schaal	weight	NA	bound	693	NA	NA	no	nav	4_4	LEMMAPATH	0.14893220085388367	nav_FOC	c8	0
schaal.LEMMAPATHweight.PPMIno.LENGTHFOC.SOCPOSall	-0.04264303021358975	0.040741064590256684	1	FOC	693	317	schaal	weight	NA	bound	693	NA	NA	no	all	4_4	LEMMAPATH	0.15558207659847995	all_FOC	c8	0
schaal.LEMMAREL1.PPMIweight.LENGTH5000.SOCPOSnav	-0.24553558026642328	-0.007696627334341839	1	5000	5000	309	schaal	NA	group1	bound	72	NA	NA	weight	nav	4_4	LEMMAREL	0.10616684348587228	nav_5000	c6	0
schaal.LEMMAREL1.PPMIweight.LENGTH5000.SOCPOSall	-0.25278981328670364	0.01655743347529059	1	5000	5000	309	schaal	NA	group1	bound	72	NA	NA	weight	all	4_4	LEMMAREL	0.13089563208344276	all_5000	c6	0
schaal.LEMMAREL1.PPMIweight.LENGTHFOC.SOCPOSnav	-0.2664122085599542	-0.016026948722011134	1	FOC	44	309	schaal	NA	group1	bound	72	NA	NA	weight	nav	4_4	LEMMAREL	0.13115086473011997	nav_FOC	c6	0
schaal.LEMMAREL1.PPMIweight.LENGTHFOC.SOCPOSall	-0.27328007766089424	-0.022187737380547974	1	FOC	72	309	schaal	NA	group1	bound	72	NA	NA	weight	all	4_4	LEMMAREL	0.11682378318055968	all_FOC	c6	0
schaal.LEMMAREL1.PPMIselection.LENGTH5000.SOCPOSnav	-0.1673785001034045	0.07968151835572773	1	5000	5000	309	schaal	NA	group1	bound	72	NA	NA	selection	nav	4_4	LEMMAREL	0.1068073495724042	nav_5000	c8	0
schaal.LEMMAREL1.PPMIselection.LENGTH5000.SOCPOSall	-0.16291176947088382	0.11191904514292746	1	5000	5000	309	schaal	NA	group1	bound	72	NA	NA	selection	all	4_4	LEMMAREL	0.11326150214832767	all_5000	c8	0
schaal.LEMMAREL1.PPMIselection.LENGTHFOC.SOCPOSnav	-0.20874200431971937	0.06500861295212855	1	FOC	44	309	schaal	NA	group1	bound	72	NA	NA	selection	nav	4_4	LEMMAREL	0.1352097356286011	nav_FOC	c8	0
schaal.LEMMAREL1.PPMIselection.LENGTHFOC.SOCPOSall	-0.23993823102999848	0.04909044292940227	1	FOC	72	309	schaal	NA	group1	bound	72	NA	NA	selection	all	4_4	LEMMAREL	0.14005671863129254	all_FOC	c8	0
schaal.LEMMAREL1.PPMIno.LENGTH5000.SOCPOSnav	-0.16358300951809648	0.07584742521678033	1	5000	5000	311	schaal	NA	group1	bound	110	NA	NA	no	nav	4_4	LEMMAREL	0.10712803966059152	nav_5000	c8	0
schaal.LEMMAREL1.PPMIno.LENGTH5000.SOCPOSall	-0.1647790872613918	0.12478311115762379	1	5000	5000	311	schaal	NA	group1	bound	110	NA	NA	no	all	4_4	LEMMAREL	0.1248392829175218	all_5000	c8	0
schaal.LEMMAREL1.PPMIno.LENGTHFOC.SOCPOSnav	-0.18104805849547087	0.0732488304230271	1	FOC	64	311	schaal	NA	group1	bound	110	NA	NA	no	nav	4_4	LEMMAREL	0.13679141300064926	nav_FOC	c8	0
schaal.LEMMAREL1.PPMIno.LENGTHFOC.SOCPOSall	-0.2234459491731032	0.06519533756245313	1	FOC	110	311	schaal	NA	group1	bound	110	NA	NA	no	all	4_4	LEMMAREL	0.14094735670814695	all_FOC	c8	0
schaal.LEMMAREL2.PPMIweight.LENGTH5000.SOCPOSnav	-0.16610252637031647	-0.006967711192181814	1	5000	5000	315	schaal	NA	group2	bound	221	NA	NA	weight	nav	4_4	LEMMAREL	0.108117518611391	nav_5000	c6	0
schaal.LEMMAREL2.PPMIweight.LENGTH5000.SOCPOSall	-0.1912553250221799	0.015033021234698301	1	5000	5000	315	schaal	NA	group2	bound	221	NA	NA	weight	all	4_4	LEMMAREL	0.15696132202968857	all_5000	c6	0
schaal.LEMMAREL2.PPMIweight.LENGTHFOC.SOCPOSnav	-0.16091085109623865	-0.01493696816828673	1	FOC	168	315	schaal	NA	group2	bound	221	NA	NA	weight	nav	4_4	LEMMAREL	0.20693873279661595	nav_FOC	c6	0
schaal.LEMMAREL2.PPMIweight.LENGTHFOC.SOCPOSall	-0.15250566526189827	-0.0036634166845489115	1	FOC	221	315	schaal	NA	group2	bound	221	NA	NA	weight	all	4_4	LEMMAREL	0.16870017498312032	all_FOC	c6	0
schaal.LEMMAREL2.PPMIselection.LENGTH5000.SOCPOSnav	-0.14394005964463572	0.07010904350576637	1	5000	5000	315	schaal	NA	group2	bound	221	NA	NA	selection	nav	4_4	LEMMAREL	0.11185898836555162	nav_5000	c8	0
schaal.LEMMAREL2.PPMIselection.LENGTH5000.SOCPOSall	-0.15055415107765335	0.1327157753594938	1	5000	5000	315	schaal	NA	group2	bound	221	NA	NA	selection	all	4_4	LEMMAREL	0.11119953492238592	all_5000	c8	0
schaal.LEMMAREL2.PPMIselection.LENGTHFOC.SOCPOSnav	-0.13673830306545123	0.08101724919677886	1	FOC	168	315	schaal	NA	group2	bound	221	NA	NA	selection	nav	4_4	LEMMAREL	0.16324028748144642	nav_FOC	c8	0
schaal.LEMMAREL2.PPMIselection.LENGTHFOC.SOCPOSall	-0.1269808481147047	0.0827447627340346	1	FOC	221	315	schaal	NA	group2	bound	221	NA	NA	selection	all	4_4	LEMMAREL	0.15720683348013592	all_FOC	c8	0
schaal.LEMMAREL2.PPMIno.LENGTH5000.SOCPOSnav	-0.14354513711743178	0.0646300748002521	1	5000	5000	316	schaal	NA	group2	bound	303	NA	NA	no	nav	4_4	LEMMAREL	0.10654227565269755	nav_5000	c8	0
schaal.LEMMAREL2.PPMIno.LENGTH5000.SOCPOSall	-0.15523613055006041	0.15493059399782766	1	5000	5000	316	schaal	NA	group2	bound	303	NA	NA	no	all	4_4	LEMMAREL	0.11397169703874344	all_5000	c8	0
schaal.LEMMAREL2.PPMIno.LENGTHFOC.SOCPOSnav	-0.10605998553787434	0.07296188758723983	1	FOC	224	316	schaal	NA	group2	bound	303	NA	NA	no	nav	4_4	LEMMAREL	0.14975350096065482	nav_FOC	c8	0
schaal.LEMMAREL2.PPMIno.LENGTHFOC.SOCPOSall	-0.09794896167499406	0.07358378870737717	1	FOC	303	316	schaal	NA	group2	bound	303	NA	NA	no	all	4_4	LEMMAREL	0.14609150650881458	all_FOC	c8	0
schaal.LEMMAREL3.PPMIweight.LENGTH5000.SOCPOSnav	-0.1669018337783871	-0.012951325373470695	1	5000	5000	315	schaal	NA	group3	bound	232	NA	NA	weight	nav	4_4	LEMMAREL	0.10921175070062772	nav_5000	c6	0
schaal.LEMMAREL3.PPMIweight.LENGTH5000.SOCPOSall	-0.19036089453831337	0.010096725964716648	1	5000	5000	315	schaal	NA	group3	bound	232	NA	NA	weight	all	4_4	LEMMAREL	0.1535241720473742	all_5000	c6	0
schaal.LEMMAREL3.PPMIweight.LENGTHFOC.SOCPOSnav	-0.1622143143829223	-0.024588362654177968	1	FOC	172	315	schaal	NA	group3	bound	232	NA	NA	weight	nav	4_4	LEMMAREL	0.2078730599075974	nav_FOC	c6	0
schaal.LEMMAREL3.PPMIweight.LENGTHFOC.SOCPOSall	-0.15848414693248944	-0.017716230912984108	1	FOC	232	315	schaal	NA	group3	bound	232	NA	NA	weight	all	4_4	LEMMAREL	0.18478586753481144	all_FOC	c6	0
schaal.LEMMAREL3.PPMIselection.LENGTH5000.SOCPOSnav	-0.13945637807812225	0.06540780037128857	1	5000	5000	315	schaal	NA	group3	bound	232	NA	NA	selection	nav	4_4	LEMMAREL	0.11411778508891056	nav_5000	c8	0
schaal.LEMMAREL3.PPMIselection.LENGTH5000.SOCPOSall	-0.14876996608921214	0.13266710312669167	1	5000	5000	315	schaal	NA	group3	bound	232	NA	NA	selection	all	4_4	LEMMAREL	0.11862542128455232	all_5000	c8	0
schaal.LEMMAREL3.PPMIselection.LENGTHFOC.SOCPOSnav	-0.1365636294805592	0.08150491573030373	1	FOC	172	315	schaal	NA	group3	bound	232	NA	NA	selection	nav	4_4	LEMMAREL	0.16145387377693624	nav_FOC	c8	0
schaal.LEMMAREL3.PPMIselection.LENGTHFOC.SOCPOSall	-0.10168446051948649	0.06857940091027799	1	FOC	232	315	schaal	NA	group3	bound	232	NA	NA	selection	all	4_4	LEMMAREL	0.15211306844070713	all_FOC	c8	0
schaal.LEMMAREL3.PPMIno.LENGTH5000.SOCPOSnav	-0.13870232094381837	0.060652781234688403	1	5000	5000	316	schaal	NA	group3	bound	337	NA	NA	no	nav	4_4	LEMMAREL	0.10882866184762464	nav_5000	c8	0
schaal.LEMMAREL3.PPMIno.LENGTH5000.SOCPOSall	-0.15326690163392426	0.1588120709216824	1	5000	5000	316	schaal	NA	group3	bound	337	NA	NA	no	all	4_4	LEMMAREL	0.11703291907812562	all_5000	c8	0
schaal.LEMMAREL3.PPMIno.LENGTHFOC.SOCPOSnav	-0.10261482457224345	0.07311244181055392	1	FOC	236	316	schaal	NA	group3	bound	337	NA	NA	no	nav	4_4	LEMMAREL	0.15694095480489306	nav_FOC	c8	0
schaal.LEMMAREL3.PPMIno.LENGTHFOC.SOCPOSall	-0.09358057657523136	0.06628611929807529	1	FOC	337	316	schaal	NA	group3	bound	337	NA	NA	no	all	4_4	LEMMAREL	0.1558430767504271	all_FOC	c8	0
