_id	sentence	sense	broadsense	supersense	compound_status	_text	wordform	building_bool	building	comm	organization	set_of_beliefs
church/N/br-a01/2073	`` Being at the polls was just like being at church . I did n't smell a drop of liquor ,	c3	service	C	simply_church	was just like being at <span class='hit'>church</span> . I did n't smell	church	FALSE	activity	NR	NR	practice
church/N/br-d03/1080	While it must be said that these same Protestants have built some new churches during this period , and that religious population shifts have emptied churches , a principal reason for this phenomenon of redundancy is that fewer Protestants are going to church . It should be admitted , too , that there	c3	service	C	simply_church	fewer Protestants are going to <span class='hit'>church</span> . It should be admitted	church	FALSE	activity	participation	NR	practice
church/N/br-d03/1342	It has been my experience to find as many men as women in church , and to hear almost everyone in church congregations reciting the Latin prayers and responses at Mass .	c3	service	C	simply_church	many men as women in <span class='hit'>church</span> , and to hear almost	church	FALSE	activity	participation	NR	practice
church/N/br-d03/1472	'' . A hymn often to be heard in Catholic churches is `` Faith of our Fathers '' , which glories in England 's ancient faith that endured persecution , and which proclaims : `` Faith of our Fathers : Mary 's prayers / Shall win our country back to thee '' .	c3	building	C	simply_church	to be heard in Catholic <span class='hit'>churches</span> is `` Faith of our	churches	FALSE	activity	participation	NR	practice
church/N/br-d06/2048	We trust you are not one of the 70000000 Americans who do not attend church , but who feel that various forms of recreation are more important than worshipping the God who made our country great .	c3	service	C	simply_church	Americans who do not attend <span class='hit'>church</span> , but who feel that	church	FALSE	activity	participation	NR	practice
church/N/br-l08/1824	She 'd say she did n't feel good on Sunday , could n't go to church - there 'd be a little argument , but she could be stubborn - and when the old woman had gone , quick pack the things she 'd need to take , all but the dress she 'd wear Monday , and take the bag down to that place in the station where you could put things in a locker overnight , for a dime .	c3	service	C	simply_church	, could n't go to <span class='hit'>church</span> - there 'd be a	church	FALSE	activity	NR	NR	practice
church/N/br-m01/2358	This continued most of the week following that ill-starred trip to church , during which period Mike stayed in his room and usually in a trance so deep that Jubal would have pronounced him dead had he not seen it before .	NA	service	NA	simply_church	following that ill-starred trip to NA , during which period Mike	NA	FALSE	activity	NR	NR	practice
church/N/br-p01/222	elders . Youth obeyed when commanded . It went to church on Sunday and one Saturday a month went to confession .	c3	service	C	simply_church	commanded . It went to <span class='hit'>church</span> on Sunday and one Saturday	church	FALSE	activity	participation	NR	practice
church/N/br-p03/76	California . He 'd mentioned it , himself , at church and everybody seemed to have the idea that Tolley had left because Jenny had jilted him for Roy robards .	c3	service	C	simply_church	it , himself , at <span class='hit'>church</span> and everybody seemed to have	church	FALSE	activity	participation	NR	practice
church/N/br-p03/933	. And do n't tell me you did n't at church Sunday . I heard you '' ! He really had	c3	service	C	simply_church	me you did n't at <span class='hit'>church</span> Sunday . I heard you	church	FALSE	activity	NR	NR	practice
church/N/br-p12/1260	`` I think I 'll sleep in this morning '' , she said drowsily , and as she snuggled against him , he wondered if she ever went to church . Why did he want her to go to church	c3	service	C	simply_church	if she ever went to <span class='hit'>church</span> . Why did he want	church	FALSE	activity	participation	NR	practice
church/N/br-p12/1270	church . Why did he want her to go to church ? he wondered . Probably because it was a place	c3	service	C	simply_church	want her to go to <span class='hit'>church</span> ? he wondered . Probably	church	FALSE	activity	participation	NR	practice
church/N/br-p12/1559	Just the same , he thought , pondering over it , it would be a good thing for a girl like Carla if she got up and went to church . A half-hour later he got her up to go	c3	service	C	simply_church	got up and went to <span class='hit'>church</span> . A half-hour later he	church	FALSE	activity	NR	NR	practice
church/N/br-a10/1831	'' . `` In 35 years we have opened 7000 churches '' , the Rev. Mr. Brandt said , adding that the denomination had a national goal of one church for every 10000 persons .	b	congregation	B	simply_church	years we have opened 7000 <span class='hit'>churches</span> '' , the Rev. Mr.	churches	FALSE	congregation	NR	administration	evangelism
church/N/br-a10/1850	`` In 35 years we have opened 7000 churches '' , the Rev. Mr. Brandt said , adding that the denomination had a national goal of one church for every 10000 persons . `` In this light we	b	congregation	B	simply_church	a national goal of one <span class='hit'>church</span> for every 10000 persons .	church	FALSE	congregation	membership	administration	evangelism
church/N/br-a10/1863	"10000 persons . `` In this light we need 1000 churches in Illinois , where we have 200 ; 800 in Southern New England , we have 60 ; we need 100 in Rhode Island , we have none '' , he said ."	b	congregation	B	simply_church	this light we need 1000 <span class='hit'>churches</span> in Illinois , where we	churches	FALSE	congregation	NR	administration	evangelism
church/N/br-a10/1918	To step up the denomination 's program , the Rev. Mr. Brandt suggested the vision of 8000 new Assemblies of God churches in the next 10 years . To accomplish this would	b	congregation	B	simply_church	8000 new Assemblies of God <span class='hit'>churches</span> in the next 10 years	churches	FALSE	congregation	NR	administration	evangelism
church/N/br-a10/1980	A capsule view of proposed plans includes : Encouraging by every means , all existing Assemblies of God churches to start new churches . Engaging mature , experienced men	b	congregation	B	simply_church	all existing Assemblies of God <span class='hit'>churches</span> to start new churches .	churches	FALSE	congregation	NR	administration	evangelism
church/N/br-a10/1984	A capsule view of proposed plans includes : Encouraging by every means , all existing Assemblies of God churches to start new churches . Engaging mature , experienced men to pioneer or open	b	congregation	B	simply_church	God churches to start new <span class='hit'>churches</span> . Engaging mature , experienced	churches	FALSE	congregation	participation	administration	evangelism
church/N/br-a10/1996	Engaging mature , experienced men to pioneer or open new churches in strategic population centers . Surrounding pioneer pastors with vocational	b	congregation	B	simply_church	to pioneer or open new <span class='hit'>churches</span> in strategic population centers .	churches	FALSE	congregation	participation	administration	evangelism
church/N/br-a10/2022	Surrounding pioneer pastors with vocational volunteers ( laymen , who will be urged to move into the area of new churches in the interest of lending their support to the new project ) .	b	congregation	B	simply_church	into the area of new <span class='hit'>churches</span> in the interest of lending	churches	FALSE	congregation	NR	administration	evangelism
church/N/br-a10/2051	Arranging for ministerial graduates to spend from 6 - 12 months as apprentices in well-established churches . U. S. Dist. Judge Charles L. Powell denied all	b	congregation	B	simply_church	months as apprentices in well-established <span class='hit'>churches</span> . U. S. Dist. Judge	churches	FALSE	congregation	participation	administration	evangelism
church/N/br-a18/760	party . The women 's committee of St. David 's Church will hold its annual pre-Fair pink parade , a dessert bridge and fashion show at 1 P. M. on Monday , April 17 , in the chapel assembly room , Wayne .	c2	congregation	C	simply_church	committee of St. David 's <span class='hit'>Church</span> will hold its annual pre-Fair	Church	FALSE	congregation	participation	assembly	NR
church/N/br-a31/1594	So the Christian Youth Crusade against Communisn developed and more than 300 top teenagers and 65 adult advisers from Presbyterian churches of the area sat enthralled at the four-hour program .	b	congregation	B	simply_church	65 adult advisers from Presbyterian <span class='hit'>churches</span> of the area sat enthralled	churches	FALSE	congregation	participation	NR	NR
church/N/br-a31/1753	may be set up soon . And to encourage other churches to try their own programs , Kern said this Sunday 's sessions - including the free dinner - will be open to anyone who makes reservations .	b	congregation	B	simply_church	. And to encourage other <span class='hit'>churches</span> to try their own programs	churches	FALSE	congregation	participation	administration	evangelism
church/N/br-a31/2120	Trinity Methodist Church . He is the sexton of the church . A family worship service will follow the program at	c2	congregation	C	simply_church	is the sexton of the <span class='hit'>church</span> . A family worship service	church	FALSE	congregation	NR	hierarchy	NR
church/N/br-a31/2241	and 11 a. m. Sunday . New officers of the church will be ordained and installed at the 7 : 30 p. m. service .	a2	organization	A	simply_church	. New officers of the <span class='hit'>church</span> will be ordained and installed	church	FALSE	congregation	NR	hierarchy	NR
church/N/br-b04/1480	money and his name : Does it assail schools and churches with blanket accusations ? Does it attack other traditional American	b	congregation	B	simply_church	Does it assail schools and <span class='hit'>churches</span> with blanket accusations ? Does	churches	FALSE	congregation	NR	institution	NR
church/N/br-b08/1804	But I was deeply moved by his letter of resignation as rector of St. Luke 's Church in Atlanta . It was the cry of not just	c2	congregation	C	simply_church	rector of St. Luke 's <span class='hit'>Church</span> in Atlanta . It was	Church	FALSE	congregation	NR	hierarchy	NR
church/N/br-b08/1871	of service to this majestic church . `` Such a church needs vigor and vitality in its rector and one man has only so much of these endowments '' , he told his members .	c2	congregation	C	simply_church	church . `` Such a <span class='hit'>church</span> needs vigor and vitality in	church	FALSE	congregation	believers	hierarchy	NR
church/N/br-d03/110	The Church Unity Octave , January 18 - 25 , was enthusiastically devoted to prayer and discussion by the various churches . Many people seem hopeful , yet it is difficult	a2	congregation	A	simply_church	and discussion by the various <span class='hit'>churches</span> . Many people seem hopeful	churches	FALSE	congregation	participation	NR	NR
church/N/br-d03/849	The Protestants themselves are the first to admit the great falling off in effective membership in their churches . According to a newspaper report of the 1961 statistics	b	congregation	B	simply_church	in effective membership in their <span class='hit'>churches</span> . According to a newspaper	churches	FALSE	congregation	membership	NR	NR
church/N/br-d06/2174	. No amount of religious ceremonies or even joining a church will relieve the gnawing of your `` inner '' space .	b	congregation	B	simply_church	ceremonies or even joining a <span class='hit'>church</span> will relieve the gnawing of	church	FALSE	congregation	membership	NR	NR
church/N/br-d07/216	One of the most wholesome things you could schedule in your church would thus be a group confessional where people could admit of their inner tensions '' .	b1	congregation	B	simply_church	you could schedule in your <span class='hit'>church</span> would thus be a group	church	FALSE	congregation	participation	NR	practice
church/N/br-d09/1216	For most of them , it will be their first experience in membership training , since this is a recent development in many churches . Those coming from other denominations will welcome the opportunity	b	congregation	B	simply_church	a recent development in many <span class='hit'>churches</span> . Those coming from other	churches	FALSE	congregation	NR	administration	NR
church/N/br-d09/1260	It provides a natural transition into the life of the local church and its organizations . The total process of evangelism reaches	b	congregation	B	simply_church	the life of the local <span class='hit'>church</span> and its organizations . The	church	FALSE	congregation	participation	administration	NR
church/N/br-d09/181	the Church . Neglect means spiritual paralysis or death . Churches that have a carefully planned program of membership preparation and assimilation often keep 85 to 90 per cent of their new members loyal and active .	b	congregation	B	simply_church	spiritual paralysis or death . <span class='hit'>Churches</span> that have a carefully planned	Churches	FALSE	congregation	membership	administration	evangelism
church/N/br-d09/1910	This problem is illustrated by the fact that many local churches drop from the active membership rolls each year as many as they receive into the fellowship .	b	congregation	B	simply_church	the fact that many local <span class='hit'>churches</span> drop from the active membership	churches	FALSE	congregation	membership	administration	NR
church/N/br-d09/1946	Studies of membership trends , even in some areas where population is expanding , show that numbers of churches have had little net increase , though many new members were received .	b	congregation	B	simply_church	, show that numbers of <span class='hit'>churches</span> have had little net increase	churches	FALSE	congregation	membership	administration	NR
church/N/br-d09/2026	and carefully developed . The entire membership of the local church must be alerted to their part in this dynamic process .	b	congregation	B	simply_church	entire membership of the local <span class='hit'>church</span> must be alerted to their	church	FALSE	congregation	membership	administration	NR
church/N/br-d09/2040	to their part in this dynamic process . If the church has followed the plan of cultivation of prospects and carried through a program of membership preparation as outlined earlier in this book , the process of assimilation and growth will be well under way .	b	congregation	B	simply_church	dynamic process . If the <span class='hit'>church</span> has followed the plan of	church	FALSE	congregation	membership	administration	NR
church/N/br-d09/2084	way . Those who enter the front door of the church intelligently and with Christian dedication will not so easily step through the back door because of lost interest .	a2	congregation	A	simply_church	the front door of the <span class='hit'>church</span> intelligently and with Christian dedication	church	FALSE	congregation	membership	NR	devotion
church/N/br-d09/2131	meaning of Christian discipleship . When they unite with the Church they must find in this fellowship the satisfaction of their basic spiritual needs or they will never mature into effective Christians .	a2	congregation	A	simply_church	When they unite with the <span class='hit'>Church</span> they must find in this	Church	FALSE	congregation	membership	NR	devotion
church/N/br-d09/502	of preparation for membership is necessary for adults . Some churches require more . None should ask less . Those who	b	congregation	B	simply_church	necessary for adults . Some <span class='hit'>churches</span> require more . None should	churches	FALSE	congregation	membership	agentivity	doctrine
church/N/br-d09/559	to it if membership requires something of them . Many churches find the Sunday school hour to be the most practical time for adult preparation classes .	b	congregation	B	simply_church	something of them . Many <span class='hit'>churches</span> find the Sunday school hour	churches	FALSE	congregation	participation	administration	evangelism
church/N/br-d09/724	In this session the persons seeking membership are provided information concerning the work of the denomination as well as the program and activities of the local church . The lay leadership of the church may be invited	b	congregation	B	simply_church	and activities of the local <span class='hit'>church</span> . The lay leadership of	church	FALSE	congregation	participation	administration	evangelism
church/N/br-d09/731	of the local church . The lay leadership of the church may be invited to speak on the various phases of church life , service opportunities , the church school , missions , men 's work , women 's work , youth program , social activities , and finances .	b	organization	B	simply_church	The lay leadership of the <span class='hit'>church</span> may be invited to speak	church	FALSE	congregation	membership	hierarchy	NR
church/N/br-d09/775	social activities , and finances . The budget of the church may be presented and pledges solicited at this session .	b	congregation	B	simply_church	. The budget of the <span class='hit'>church</span> may be presented and pledges	church	FALSE	congregation	NR	administration	NR
church/N/br-d09/891	found effective . Extend the number of classes . Some churches have six or more training sessions of two hours each , generally held on Sunday night or during the week .	b	congregation	B	simply_church	number of classes . Some <span class='hit'>churches</span> have six or more training	churches	FALSE	congregation	participation	NR	evangelism
church/N/br-d10/1095	Africans and Asians tend to consider not only missions but the local churches they have produced as centers and agents of Western culture and ideology if not of direct political propaganda .	b	congregation	B	simply_church	only missions but the local <span class='hit'>churches</span> they have produced as centers	churches	FALSE	congregation	membership	administration	evangelism
church/N/br-d10/305	"Some persons are so sensitive to this truth as to propose that we do away with institutions altogether ; in the present context this amounts to the advice that while being religious may have a certain justification , we ought to dispense with churches . The suggestion is naive . Man is at once"	b	congregation	B	simply_church	we ought to dispense with <span class='hit'>churches</span> . The suggestion is naive	churches	FALSE	congregation	membership	assembly	NR
church/N/br-d14/199	As we have seen , a growing proportion , although in 1914 still a minority , were members of churches . Presumably those who did not have a formal church	b	congregation	B	simply_church	minority , were members of <span class='hit'>churches</span> . Presumably those who did	churches	FALSE	congregation	membership	NR	NR
church/N/br-d14/234	. Many of them had once been members of a church or at least had been given instruction in Christianity but for one or another reason had allowed the connexion to lapse .	b	congregation	B	simply_church	once been members of a <span class='hit'>church</span> or at least had been	church	FALSE	congregation	membership	NR	evangelism
church/N/br-d14/457	The temptation is to say that , as the percentage of church members mounted , the degree of discipline exercised by the churches lessened and the trend was towards conformity to the general level .	a2	congregation	A	simply_church	of discipline exercised by the <span class='hit'>churches</span> lessened and the trend was	churches	FALSE	congregation	membership	agentivity	doctrine
church/N/br-d14/507	ethical codes to which the majority subscribed . Thus Baptist churches on the frontier took cognizance of charges against their members of drunkenness , fighting , malicious gossip , lying , cheating , sexual irregularities , gambling , horse racing , and failure to pay just debts .	b	congregation	B	simply_church	majority subscribed . Thus Baptist <span class='hit'>churches</span> on the frontier took cognizance	churches	FALSE	congregation	membership	agentivity	NR
church/N/br-d17/569	For example , early in my life , when one of my editorial workers wanted to find out how churches and philanthropic organizations met the needs of New York 's down-and-outers , he did n't just ask questions .	a2	congregation	A	simply_church	wanted to find out how <span class='hit'>churches</span> and philanthropic organizations met the	churches	FALSE	congregation	NR	institution	NR
church/N/br-f44/1076	"This means that the antennae of the congregation are extended into the community , picking up the wave lengths of those who will fit into the social and economic level of the congregation ; the mission of the church is actually a process of informal co-optation ; the lay ministry is a means to recruit like-minded people who will strengthen the social class nucleus of the congregation ."	b	organization	B	simply_church	"; the mission of the <span class='hit'>church</span> is actually a process of"	church	FALSE	congregation	membership	administration	evangelism
church/N/br-f44/1106	"will strengthen the social class nucleus of the congregation . Churches can be strengthened through this process of co-optation so long as the environs of the church provide a sufficient pool of people who can fit the pattern of economic integration ; once the pool of recruits diminishes , the congregation is helpless - friendly contacts no longer keep it going ."	b	congregation	B	simply_church	nucleus of the congregation . <span class='hit'>Churches</span> can be strengthened through this	Churches	FALSE	congregation	membership	assembly	evangelism
church/N/br-f44/1189	publicity in reaching new members . The proclamation of the churches is almost totally confined to pastoral contacts by the clergy ( 17.3 per cent of new members ) and friendly contacts by members ( over two thirds if organizational activities are included ) .	a2	congregation	A	simply_church	. The proclamation of the <span class='hit'>churches</span> is almost totally confined to	churches	FALSE	congregation	membership	administration	evangelism
church/N/br-f44/1262	"In general , friendly contact with a member followed by contact with a clergyman will account for a major share of recruitment by the churches , making it quite evident that the extension of economic integration through co-optation is the principal form of mission in the contemporary church ; economic integration and co-optation are the two methods by which Protestants associate with and recruit from the neighborhood ."	b	congregation	B	simply_church	share of recruitment by the <span class='hit'>churches</span> , making it quite evident	churches	FALSE	congregation	membership	administration	evangelism
church/N/br-f44/1285	"In general , friendly contact with a member followed by contact with a clergyman will account for a major share of recruitment by the churches , making it quite evident that the extension of economic integration through co-optation is the principal form of mission in the contemporary church ; economic integration and co-optation are the two methods by which Protestants associate with and recruit from the neighborhood ."	b	congregation	B	simply_church	"of mission in the contemporary <span class='hit'>church</span> ; economic integration and co-optation"	church	FALSE	congregation	membership	administration	evangelism
church/N/br-f44/1427	more than a single generation . The fact that metropolitan churches of the major denominations have moved approximately every generation for the last hundred years becomes somewhat more intelligible in the light of this struggle to maintain economic balance .	b	congregation	B	simply_church	. The fact that metropolitan <span class='hit'>churches</span> of the major denominations have	churches	FALSE	congregation	NR	administration	NR
church/N/br-f44/1616	the metropolis . It now becomes evident that the denominational church is intimately involved with the economy of middle-class culture , for it serves to crystallize the social class identity of middle-class residential groupings .	b	congregation	B	simply_church	becomes evident that the denominational NA is intimately involved with the	NA	FALSE	congregation	membership	administration	NR
church/N/br-f44/1681	environment . More than creatures of metropolitan forces , the churches have taken the lead in counteracting the interdependence of metropolitan life , crystallizing and perpetuating the stratification of peoples , giving form to the struggle for social homogeneity in a world of heterogeneous peoples .	b	congregation	B	simply_church	of metropolitan forces , the NA have taken the lead in	NA	FALSE	congregation	NR	administration	NR
church/N/br-f44/1915	This interpretation of the role of residence in the economy of middle-class culture could lead to various projections for the churches . It could be argued that any fellowship which centers	b	congregation	B	simply_church	to various projections for the NA . It could be argued	NA	FALSE	congregation	membership	administration	evangelism
church/N/br-f44/2012	"Attention will be given in the next chapter to the style of association in the denominational churches ; this style is characteristically an expression of the communal style of the middle classes ."	b	congregation	B	simply_church	"of association in the denominational NA ; this style is characteristically"	NA	FALSE	congregation	membership	administration	NR
church/N/br-f44/2178	An understanding of the new role of residential association in an industrial society serves to illuminate the forces which have fashioned the iron cage of conformity which imprisons the churches in their suburban captivity . The perplexing question still remains	b	congregation	B	simply_church	of conformity which imprisons the NA in their suburban captivity .	NA	FALSE	congregation	NR	administration	NR
church/N/br-f44/2198	The perplexing question still remains as to why the middle classes turn to the churches as a vehicle of social identity when their clubs and charities should fill the same need .	b	congregation	B	simply_church	middle classes turn to the NA as a vehicle of social	NA	FALSE	congregation	membership	assembly	NR
church/N/br-f44/343	"The congregation perishes when it is no longer possible to replenish that core from the neighborhood ; moreover , residential mobility is so high in metropolitan areas that churches have to recruit constantly in their core stratum in order to survive ; they can lose higher - and lower status members from the church without collapsing , but they need adequate recruits for the core stratum in order to preserve economic integration ."	b	congregation	B	simply_church	high in metropolitan areas that <span class='hit'>churches</span> have to recruit constantly in	churches	FALSE	congregation	membership	administration	evangelism
church/N/br-f44/368	"The congregation perishes when it is no longer possible to replenish that core from the neighborhood ; moreover , residential mobility is so high in metropolitan areas that churches have to recruit constantly in their core stratum in order to survive ; they can lose higher - and lower status members from the church without collapsing , but they need adequate recruits for the core stratum in order to preserve economic integration ."	b	congregation	B	simply_church	lower status members from the <span class='hit'>church</span> without collapsing , but they	church	FALSE	congregation	membership	administration	NR
church/N/br-f44/868	"Evangelism and congregational outreach have not been carefully studied in the churches ; one study in Pittsburgh , however , has illuminated the situation ."	b	congregation	B	simply_church	"been carefully studied in the <span class='hit'>churches</span> ; one study in Pittsburgh"	churches	FALSE	congregation	NR	administration	evangelism
church/N/br-f44/890	situation . In a sample of new members of Pittsburgh churches , almost 60 per cent were recruited by initial `` contacts with friendly members '' .	b	congregation	B	simply_church	of new members of Pittsburgh <span class='hit'>churches</span> , almost 60 per cent	churches	FALSE	congregation	membership	administration	evangelism
church/N/br-h17/1199	In a periodic review , the local board on July 30 , 1953 , reclassified him 1 , - A and upheld this classification after a personal appearance by petitioner , because of his willingness to kill in defense of his church and home . Upon administrative approval of the reclassification ,	b	congregation	B	simply_church	kill in defense of his <span class='hit'>church</span> and home . Upon administrative	church	FALSE	congregation	membership	NR	devotion
church/N/br-k04/1145	It was called Kent House . The deacon of the church , Carlson , was its janitor . One of the	c2	congregation	C	simply_church	. The deacon of the <span class='hit'>church</span> , Carlson , was its	church	FALSE	congregation	NR	hierarchy	NR
church/N/br-k04/1433	But there was one thing that he had to stress , and that was that the contribution to the general church expenses , the dollar money , had been seriously falling behind in this church , and that must be looked after immediately . In	b	congregation	B	simply_church	seriously falling behind in this <span class='hit'>church</span> , and that must be	church	FALSE	congregation	NR	administration	NR
church/N/br-k04/356	He was stern and overbearing with his flock , but obsequious and conciliatory with the whites , especially the rich who partly supported the church . The Deacon Board , headed by a black man	b	congregation	B	simply_church	rich who partly supported the <span class='hit'>church</span> . The Deacon Board ,	church	FALSE	congregation	NR	administration	NR
church/N/br-k04/397	of the Amen corner . The characteristic thing about this church was its Amen corner and the weekly religious orgy .	b	congregation	B	simply_church	The characteristic thing about this <span class='hit'>church</span> was its Amen corner and	church	FALSE	congregation	participation	NR	practice
church/N/br-k04/828	It was arranged that he would board in the home of one of the old members of the church , a woman named Catt who , as Wilson afterward found , was briefly referred to as The Cat because of her sharp tongue and fierce initiative .	b	congregation	B	simply_church	the old members of the <span class='hit'>church</span> , a woman named Catt	church	FALSE	congregation	membership	NR	devotion
church/N/br-k04/877	Ann Catt was a lonely , devoted soul , never married , conducting a spotless home and devoted to her church , but a perpetual dissenter and born critic . She	b	congregation	B	simply_church	home and devoted to her <span class='hit'>church</span> , but a perpetual dissenter	church	FALSE	congregation	participation	NR	devotion
church/N/br-l08/2109	To be Katharine Ross , and work in a nicer shop somewhere , at a little more money so she could have prettier clothes , and learn ladies ' manners and all like that , and get to know different people than up to now , not just the ones like her here , with foreign sounding names , the ones went to the same church and - Different place , different job , different people , she 'd be all different too .	c2	congregation	C	simply_church	ones went to the same <span class='hit'>church</span> and - Different place ,	church	FALSE	congregation	participation	NR	practice
church/N/br-p06/425	do '' ? she said , semi-professionally . `` Our church is sponsoring a group of very courageous women up in Alaska .	b	congregation	B	simply_church	, semi-professionally . `` Our <span class='hit'>church</span> is sponsoring a group of	church	FALSE	congregation	participation	assembly	evangelism
church/N/br-e13/1916	Going through the Imperial Gate in the wall , I entered the grounds of Topkapi Palace , home of the Sultans and nerve center of the vast Ottoman Empire , and walked along a road toward another gate in the distance , past the Church of St. Irene , completed by Constantine in 330 A. D. on my left , and then , just outside the second gate , I saw a spring with a tap in the wall on my right - the Executioner 's Spring , where he washed his hands and his sword after beheading his victims .	c1	building	C	simply_church	the distance , past the <span class='hit'>Church</span> of St. Irene , completed	Church	TRUE	landmark	NR	NR	NR
church/N/br-g12/1806	, but it is deeper . When you pass a church on an Irish bus , all the hands flurry in the sign of the cross .	c1	building	C	simply_church	. When you pass a NA on an Irish bus ,	NA	TRUE	landmark	NR	NR	NR
church/N/br-g12/544	We walked down the Rue de L ' Arcade , thence along beside the Madeleine and across to a sidewalk cafe opposite that church . The conversation that ensued may have been engrossing but	c1	building	C	simply_church	a sidewalk cafe opposite that <span class='hit'>church</span> . The conversation that ensued	church	TRUE	landmark	NR	NR	NR
church/N/br-k04/1076	"There were two liquor saloons not very far from the church , one white , that is conducted for white people with a side entrance for Negroes ; the other exclusively Negro ."	c1	building	C	simply_church	not very far from the <span class='hit'>church</span> , one white , that	church	TRUE	landmark	NR	NR	NR
church/N/br-k04/1117	gambling in both . On the other side of the church was a quiet , well-kept house with shutters and recently painted .	c1	building	C	simply_church	the other side of the <span class='hit'>church</span> was a quiet , well-kept	church	TRUE	landmark	NR	NR	NR
church/N/br-k15/188	They held the funeral the next morning from the crossroads church and buried the little box in the quiet family plot .	c1	building	C	simply_church	next morning from the crossroads <span class='hit'>church</span> and buried the little box	church	TRUE	landmark	NR	NR	NR
church/N/br-k16/1429	Along Wappinger Creek in Dutchess County , past the white church at Fishkill , past Verplanck 's Point on the east bank of the Hudson , to the white salt crusted roads of the Long Island Rockaways there was a watching and an activity of preparing for something explosive to happen .	c1	building	C	simply_church	County , past the white NA at Fishkill , past Verplanck	NA	TRUE	landmark	NR	NR	NR
church/N/br-p01/829	There seemed to be a contemptuous purpose in the way he sat there with his eyes glued to Drexel Street and his back in opposition to the church behind him . For all he saw or cared to	c1	building	C	simply_church	back in opposition to the <span class='hit'>church</span> behind him . For all	church	TRUE	landmark	NR	NR	NR
church/N/br-a09/1417	It is designated as Stage 1 Residential on the Redevelopment Authority 's master plan and will feature row houses , garden apartments , four small parks , schools , churches , a shopping center and several small clusters of stores .	c1	building	C	simply_church	small parks , schools , <span class='hit'>churches</span> , a shopping center and	churches	TRUE	material object	NR	NR	NR
church/N/br-b08/1866	Imagine the searching and the prayer that lay behind the letter the rector wrote after almost a decade of service to this majestic church . `` Such a church needs vigor and vitality in	c1	building	C	simply_church	of service to this majestic <span class='hit'>church</span> . `` Such a church	church	TRUE	material object	NR	NR	NR
church/N/br-d03/1011	sale of 764 chapels '' . Most of these former churches are now used as warehouses , but `` neither Anglicans nor Nonconformists object to selling churches to Roman Catholics '' , and have done so .	c1	building	C	simply_church	. Most of these former <span class='hit'>churches</span> are now used as warehouses	churches	TRUE	material object	NR	NR	NR
church/N/br-d03/1027	Most of these former churches are now used as warehouses , but `` neither Anglicans nor Nonconformists object to selling churches to Roman Catholics '' , and have done so .	c1	building	C	simply_church	nor Nonconformists object to selling <span class='hit'>churches</span> to Roman Catholics '' ,	churches	TRUE	material object	NR	NR	NR
church/N/br-d03/1051	While it must be said that these same Protestants have built some new churches during this period , and that religious population shifts have emptied churches , a principal reason for this phenomenon of redundancy is that fewer Protestants are going to church .	c1	building	C	simply_church	Protestants have built some new <span class='hit'>churches</span> during this period , and	churches	TRUE	material object	NR	NR	NR
church/N/br-d03/779	than ten . From many sides come remarks that Protestant churches are badly attended and the large medieval cathedrals look all but empty during services .	c1	building	C	simply_church	sides come remarks that Protestant <span class='hit'>churches</span> are badly attended and the	churches	TRUE	material object	NR	NR	NR
church/N/br-d03/971	in 20 years ' time . A further 260 Anglican churches have been demolished since 1948 '' . And in the	c1	building	C	simply_church	. A further 260 Anglican <span class='hit'>churches</span> have been demolished since 1948	churches	TRUE	material object	NR	NR	NR
church/N/br-d07/1408	"; she was fatally injured . The entrance to a church has been walled up , so that the congregation , most of which is in the western sector , cannot worship God there anymore ."	c1	building	C	simply_church	. The entrance to a <span class='hit'>church</span> has been walled up ,	church	TRUE	material object	NR	NR	NR
church/N/br-e12/1082	In San Antonio visit the famous Alamo and photograph 18 th Century Spanish buildings and churches . The Great Smoky Mountains is another area of the	c1	building	C	simply_church	th Century Spanish buildings and <span class='hit'>churches</span> . The Great Smoky Mountains	churches	TRUE	material object	NR	NR	NR
church/N/br-e13/754	Erected on the site of pagan temples and three previous St. Sophias , the first of which was begun by Constantine , this fourth church was started by Justinian in 532 and completed twenty years later .	c1	building	C	simply_church	by Constantine , this fourth <span class='hit'>church</span> was started by Justinian in	church	TRUE	material object	NR	NR	NR
church/N/br-e13/808	. Nevertheless , it remained one of the most splendid churches of the Eastern Empire , where the Byzantine Emperors were crowned .	c1	building	C	simply_church	one of the most splendid <span class='hit'>churches</span> of the Eastern Empire ,	churches	TRUE	material object	NR	NR	NR
church/N/br-f44/1800	Soon they will fight their way into the lower middle-class suburbs , and the churches will experience the same decay and rebuilding cycle which has characterized their history for a century .	c1	congregation	C	simply_church	middle-class suburbs , and the NA will experience the same decay	NA	TRUE	material object	NR	NR	NR
church/N/br-g12/1270	gestured toward the Madeleine . The classical lines of the church which Napoleon thought of as a Temple of Glory , dominated all the scene where we sat .	c1	building	C	simply_church	The classical lines of the NA which Napoleon thought of as	NA	TRUE	material object	NR	NR	NR
church/N/br-g13/1130	"That is why the members of the beat generation proudly assume the title of the holy barbarians ; they will destroy the shrines , temples , museums , and churches of the state that is the implacable enemy of the life they believe in ."	c1	building	C	simply_church	temples , museums , and <span class='hit'>churches</span> of the state that is	churches	TRUE	material object	NR	NR	NR
church/N/br-k01/769	It was a Negro section of peeling row houses , store-front churches and ragged children . Rachel had to bend toward Scotty	c1	building	C	simply_church	peeling row houses , store-front <span class='hit'>churches</span> and ragged children . Rachel	churches	TRUE	material object	NR	NR	NR
church/N/br-k04/1530	He emphasized to the Presiding Elder the plan of giving up the old church and moving across the river . The Presiding Elder was	c1	building	C	simply_church	of giving up the old <span class='hit'>church</span> and moving across the river	church	TRUE	material object	NR	NR	NR
church/N/br-k04/1578	. The bank which held the mortgage on the old church declared that the interest was considerably in arrears , and the real estate people said flatly that the land across the river was being held for an eventual development for white working people who were coming in , and that none would be sold to colored folk .	c1	building	C	simply_church	the mortgage on the old <span class='hit'>church</span> declared that the interest was	church	TRUE	material object	NR	NR	NR
church/N/br-k04/1634	colored folk . When it was proposed to rebuild the church , Wilson found that the terms for a new mortgage were very high .	c1	building	C	simply_church	was proposed to rebuild the <span class='hit'>church</span> , Wilson found that the	church	TRUE	material object	NR	NR	NR
church/N/br-k04/1685	his Deacon Board , he met unanimous opposition . The church certainly would not be removed . The very proposition was	c1	building	C	simply_church	met unanimous opposition . The <span class='hit'>church</span> certainly would not be removed	church	TRUE	material object	NR	NR	NR
church/N/br-k04/1807	Do n't you see the amount of money that has been invested by whites around that church ? Tenements , stores , saloons , some gambling ,	c1	building	C	simply_church	invested by whites around that <span class='hit'>church</span> ? Tenements , stores ,	church	TRUE	material object	NR	administration	NR
church/N/br-k04/1874	Now , if I were you I would just plan to repair the old church so it would last for five or ten years .	c1	building	C	simply_church	plan to repair the old <span class='hit'>church</span> so it would last for	church	TRUE	material object	NR	NR	NR
church/N/br-k04/923	she was chief repository . Then Wilson looked over the church and studied its condition . The salary of the pastor	c1	building	C	simply_church	Then Wilson looked over the <span class='hit'>church</span> and studied its condition .	church	TRUE	material object	NR	NR	NR
church/N/br-k04/975	mentioned this to the Deacons they said nothing . The church itself must be repaired . It was dirty and neglected	c1	building	C	simply_church	they said nothing . The <span class='hit'>church</span> itself must be repaired .	church	TRUE	material object	NR	NR	NR
church/N/br-k06/1389	its peaked lance . Stevie was constantly slipping into the church . He pulled with all his strength at the heavy	c1	building	C	simply_church	was constantly slipping into the <span class='hit'>church</span> . He pulled with all	church	TRUE	material object	NR	NR	NR
church/N/br-k06/1473	Far away , standing before a curtained window in the study room , was his father , hands tucked under his coattails , and staring into the dark church . The figure was wreathed in an extraordinary luminescence .	c1	building	C	simply_church	and staring into the dark <span class='hit'>church</span> . The figure was wreathed	church	TRUE	material object	NR	NR	NR
church/N/br-k06/1925	"open . Lightning might strike the steeples of the other churches ; not of Drew Church . A flash illumined the"	c1	building	C	simply_church	"the steeples of the other <span class='hit'>churches</span> ; not of Drew Church"	churches	TRUE	material object	NR	NR	NR
church/N/br-k06/528	"head out . There was the slate roof of the church ; ivy climbed the red brick walls like a green scaled monster ."	c1	building	C	simply_church	"the slate roof of the <span class='hit'>church</span> ; ivy climbed the red"	church	TRUE	material object	NR	NR	NR
church/N/br-k06/571	`` There 's a tower and a steeple on the church a million feet high . And the loudest clock in	c1	building	C	simply_church	and a steeple on the <span class='hit'>church</span> a million feet high .	church	TRUE	material object	NR	NR	NR
church/N/br-k06/659	Orange Square . The steeple leaned backward , while the church advanced like a headless creature in a long , shapeless coat .	c1	building	C	simply_church	leaned backward , while the <span class='hit'>church</span> advanced like a headless creature	church	TRUE	material object	NR	NR	NR
church/N/br-k10/967	time . Quickening his steps , John entered the vast church and climbed the tower steps to the bells . Underneath	c1	building	C	simply_church	, John entered the vast <span class='hit'>church</span> and climbed the tower steps	church	TRUE	material object	NR	NR	NR
church/N/br-k13/533	Harold indicated the photograph on the wall and asked what church the stone sculpture was in . Eugene told him and	c1	building	C	simply_church	the wall and asked what <span class='hit'>church</span> the stone sculpture was in	church	TRUE	material object	NR	NR	NR
church/N/br-k16/2294	And all this too shall pass away : it came to him out of some dim corner of memory from a church service when he was a boy - yes , in a white church with a thin spur steeple in the patriarchal Hudson Valley , where a feeling of plenitude was normal in those English Dutch manors with their well-fed squires .	c1	building	C	simply_church	yes , in a white NA with a thin spur steeple	NA	TRUE	material object	NR	NR	NR
church/N/br-p01/1161	Yet everywhere else sameness was stucco and wood in square blocks - like fortresses perched against the slant of the hill , rising with the hill to the top where the church was and beyond that to the cemetery . Only paved	c1	building	C	simply_church	to the top where the <span class='hit'>church</span> was and beyond that to	church	TRUE	material object	NR	NR	NR
church/N/br-p04/2429	herself wondering what she would say to Doaty . Both church and graveyard were smaller than she remembered them ( how many things had lessened while she was gone away ) but the headstones had grown so thick in thirty years that to find one named `` Dorothy Tredding '' seemed suddenly impossible .	c1	building	C	simply_church	say to Doaty . Both <span class='hit'>church</span> and graveyard were smaller than	church	TRUE	material object	NR	NR	NR
church/N/br-p04/983	door . To a Blackwell , there was only one church . The cemetery slumbered just behind it , and the	c1	building	C	simply_church	, there was only one <span class='hit'>church</span> . The cemetery slumbered just	church	TRUE	material object	NR	NR	NR
church/N/br-p09/150	. Wednesday nights after youth fellowship . Out of the church and into his big car , it tooling over the road with him driving and the headlights sweeping the pike ahead and after he hit college , his expansiveness , the quaint little pine board tourist courts , cabins really , with a cute naked light bulb in the ceiling ( unfrosted and naked as a streetlight , like the one on the corner where you used to play when you were a kid , where you watched the bats swooping in after the bugs , watching in between your bouts at hopscotch ) , a room complete with moths pinging the light and the few casual cockroaches cruising the walls , an insect Highway Patrol with feelers waving .	c1	building	C	simply_church	fellowship . Out of the <span class='hit'>church</span> and into his big car	church	TRUE	material object	NR	NR	NR
church/N/br-p12/1014	took a taxi to Trastevere . `` There 's a church you should see '' , she said . And when	c1	building	C	simply_church	. `` There 's a <span class='hit'>church</span> you should see '' ,	church	TRUE	material object	NR	NR	NR
church/N/br-p12/1063	Alberto . He let her tell him all about the church . Then they had dinner . All evening she was	c1	building	C	simply_church	tell him all about the <span class='hit'>church</span> . Then they had dinner	church	TRUE	material object	NR	NR	NR
church/N/br-p12/1141	He had never heard so many bells , and as he lay there listening , he thought of her scolding him for his remarks when he had looked up at the obelisk and the church at the top of the Spanish Steps . It was	c1	building	C	simply_church	at the obelisk and the <span class='hit'>church</span> at the top of the	church	TRUE	material object	NR	NR	NR
church/N/br-a07/1325	Interviews with several church leaders have disclosed that this development has raised the question whether the Peace Corps will be able to prevent confusion for church and state over methods , means and goals . There	a1	organization	A	simply_church	able to prevent confusion for <span class='hit'>church</span> and state over methods ,	church	FALSE	NR	NR	institution	NR
church/N/br-a07/1487	And then , some churchmen remarked , there is a more classical church-state problem : Can religious agencies use Government funds and Peace Corps personnel in their projects and still preserve the constitutional requirement on separation of church and state ? R. Sargent Shriver Jr. , director of	a1	organization	A	simply_church	constitutional requirement on separation of <span class='hit'>church</span> and state ? R. Sargent	church	FALSE	NR	NR	institution	NR
church/N/br-a10/1754	`` Surveys show that one out of three Americans has vital contact with the church . This means that more than 100 million have no	d	organization	D	simply_church	has vital contact with the <span class='hit'>church</span> . This means that more	church	FALSE	NR	participation	NR	practice
church/N/br-a10/1769	This means that more than 100 million have no vital touch with the church or religious life '' , he told delegates Friday .	d	organization	D	simply_church	no vital touch with the <span class='hit'>church</span> or religious life '' ,	church	FALSE	NR	participation	NR	practice
church/N/br-a10/1940	some changes in methods , he said . `` The church 's ability to change her methods is going to determine her ability to meet the challenge of this hour '' .	a2	organization	A	simply_church	he said . `` The <span class='hit'>church</span> 's ability to change her	church	FALSE	NR	NR	agentivity	doctrine
church/N/br-a35/810	closer scrutiny . For while the past needs of the Church in this country may have been adequately met by collegiate institutions , which in temper and tone closely resembled junior colleges and finishing schools , it would seem that today 's need is for the college which more closely resembles the university in its `` pursuit of excellence '' .	a2	organization	A	simply_church	the past needs of the <span class='hit'>Church</span> in this country may have	Church	FALSE	NR	NR	agentivity	NR
church/N/br-b08/1912	A minister should not stay `` beyond the time that his leadership should benefit '' his church , he wrote , `` for he becomes ordinary '' .	b	congregation	B	simply_church	leadership should benefit '' his <span class='hit'>church</span> , he wrote , ``	church	FALSE	NR	believers	hierarchy	NR
church/N/br-b08/2063	A man who gives himself to God and to the believers of his church takes upon himself a life of giving . He does	a2	congregation	A	simply_church	to the believers of his <span class='hit'>church</span> takes upon himself a life	church	FALSE	NR	believers	NR	devotion
church/N/br-b12/2009	In the second and third chapters of Revelation the new version retains , however , the old phrase `` angel of the church '' which Biblical scholars have previously interpreted as meaning bishop .	a1	organization	A	simply_church	phrase `` angel of the <span class='hit'>church</span> '' which Biblical scholars have	church	FALSE	NR	NR	hierarchy	doctrine
church/N/br-b12/2217	The New Testament offered to the public today is the first result of the work of a joint committee made up of representatives of the Church of England , Church of Scotland , Methodist Church , Congregational Union , Baptist Union , Presbyterian Church of England , Churches in Wales , Churches in Ireland , Society of Friends , British and Foreign Bible Society and National Society of Scotland .	a2	organization	A	simply_church	up of representatives of the <span class='hit'>Church</span> of England , Church of	Church	FALSE	NR	participation	institution	NR
church/N/br-b12/2221	The New Testament offered to the public today is the first result of the work of a joint committee made up of representatives of the Church of England , Church of Scotland , Methodist Church , Congregational Union , Baptist Union , Presbyterian Church of England , Churches in Wales , Churches in Ireland , Society of Friends , British and Foreign Bible Society and National Society of Scotland .	a2	organization	A	simply_church	the Church of England , <span class='hit'>Church</span> of Scotland , Methodist Church	Church	FALSE	NR	participation	institution	NR
church/N/br-b12/2239	The New Testament offered to the public today is the first result of the work of a joint committee made up of representatives of the Church of England , Church of Scotland , Methodist Church , Congregational Union , Baptist Union , Presbyterian Church of England , Churches in Wales , Churches in Ireland , Society of Friends , British and Foreign Bible Society and National Society of Scotland .	a2	organization	A	simply_church	Presbyterian Church of England , <span class='hit'>Churches</span> in Wales , Churches in	Churches	FALSE	NR	NR	institution	NR
church/N/br-b12/2243	The New Testament offered to the public today is the first result of the work of a joint committee made up of representatives of the Church of England , Church of Scotland , Methodist Church , Congregational Union , Baptist Union , Presbyterian Church of England , Churches in Wales , Churches in Ireland , Society of Friends , British and Foreign Bible Society and National Society of Scotland .	a2	organization	A	simply_church	, Churches in Wales , <span class='hit'>Churches</span> in Ireland , Society of	Churches	FALSE	NR	NR	institution	NR
church/N/br-b22/1005	The Council we now know will concern itself directly only with the internal affairs of the Church . As it has turned out , however , the	a2	organization	A	simply_church	the internal affairs of the <span class='hit'>Church</span> . As it has turned	Church	FALSE	NR	NR	institution	NR
church/N/br-b22/1077	First of all , it is now known that Pope John sees the renewal and purification of the Church as an absolutely necessary step toward Christian unity . Far	a2	organization	A	simply_church	renewal and purification of the <span class='hit'>Church</span> as an absolutely necessary step	Church	FALSE	NR	believers	NR	NR
church/N/br-b22/1102	Far from being irrelevant to the ecumenical task , the Pontiff believes that a revivified Church is required in order that the whole world may see Catholicism in the best possible light .	a1	organization	A	simply_church	Pontiff believes that a revivified <span class='hit'>Church</span> is required in order that	Church	FALSE	NR	believers	assembly	NR
church/N/br-b22/1154	A major aim of the Council will be to remove as far as possible whatever in the Church today stands in the way of unity . Secondly ,	a1	organization	A	simply_church	as possible whatever in the <span class='hit'>Church</span> today stands in the way	Church	FALSE	NR	believers	institution	NR
church/N/br-b22/1193	Secondly , a whole series of addresses and actions by the Pope and by others show that concern for Christian unity is still very much alive and growing within the Church . The establishment , by the Holy Father , of	a2	organization	A	simply_church	alive and growing within the <span class='hit'>Church</span> . The establishment , by	Church	FALSE	NR	believers	institution	NR
church/N/br-b22/1233	The designation of five Catholic theologians to attend the World Council of Churches assembly in New Delhi as `` official '' observers reverses the Church 's earlier stand .	a2	organization	A	simply_church	attend the World Council of <span class='hit'>Churches</span> assembly in New Delhi as	Churches	FALSE	NR	NR	institution	NR
church/N/br-b22/1245	The designation of five Catholic theologians to attend the World Council of Churches assembly in New Delhi as `` official '' observers reverses the Church 's earlier stand . The public appeal by the new	a2	organization	A	simply_church	official '' observers reverses the <span class='hit'>Church</span> 's earlier stand . The	Church	FALSE	NR	NR	agentivity	doctrine
church/N/br-b22/1318	Augustin Cardinal Bea , the director of the Secretariate for Christian Unity , has expressed as directly as anyone the new spirit that pervades the Church 's stance toward the Protestant and Orthodox Churches . Noting	a2	organization	A	simply_church	new spirit that pervades the <span class='hit'>Church</span> 's stance toward the Protestant	Church	FALSE	NR	NR	agentivity	doctrine
church/N/br-b22/1326	Augustin Cardinal Bea , the director of the Secretariate for Christian Unity , has expressed as directly as anyone the new spirit that pervades the Church 's stance toward the Protestant and Orthodox Churches . Noting all the difficulties that stand in the way	a2	organization	A	simply_church	toward the Protestant and Orthodox <span class='hit'>Churches</span> . Noting all the difficulties	Churches	FALSE	NR	NR	institution	NR
church/N/br-d01/1628	When we see the steady and methodical inculcation into humanity of the idea of man 's worthlessness - until redeemed - the necessity of the Devil may become evident as a weapon , a weapon designed and used time and time again in every age to whip men into a surrender to a particular church or church-state '' . Apparently he does not intend that	a2	organization	A	simply_church	a surrender to a particular <span class='hit'>church</span> or church-state '' . Apparently	church	FALSE	NR	NR	institution	NR
church/N/br-d02/1641	Although they have also been concerned to stand squarely within the tradition of the apostolic church , they have exhibited no willingness whatever to sacrifice their modernity to their Christianity .	a2	organization	A	simply_church	the tradition of the apostolic <span class='hit'>church</span> , they have exhibited no	church	FALSE	NR	NR	institution	doctrine
church/N/br-d02/548	The same thing is also evidenced by the extreme `` culture Protestantism '' so often observed to characterize the preaching and teaching of the American churches . In the absence of a truly adequate conceptuality in	b	organization	B	simply_church	and teaching of the American <span class='hit'>churches</span> . In the absence of	churches	FALSE	NR	participation	institution	evangelism
church/N/br-d02/706	However , even if the latent demand for demythologization is not nearly as widespread as we are claiming , at least among the cultured elements of the population there tends to be an almost complete indifference to the church and its traditional message of sin and grace . To	a2	organization	A	simply_church	almost complete indifference to the <span class='hit'>church</span> and its traditional message of	church	FALSE	NR	NR	agentivity	doctrine
church/N/br-d02/877	? There is an ancient and venerable tradition in the church ( which derives , however , from the heritage of the Greeks rather than from the Bible ) that God is completely independent of his creation and so has no need of men for accomplishing his work in the world .	a2	organization	A	simply_church	and venerable tradition in the <span class='hit'>church</span> ( which derives , however	church	FALSE	NR	NR	institution	doctrine
church/N/br-d02/923	his work in the world . by analogy , the church also has been regarded as entirely independent of the `` world '' in the sense of requiring nothing from it in order to be the church .	a1	organization	A	simply_church	. by analogy , the <span class='hit'>church</span> also has been regarded as	church	FALSE	NR	NR	institution	NR
church/N/br-d02/949	by analogy , the church also has been regarded as entirely independent of the `` world '' in the sense of requiring nothing from it in order to be the church . But , as Scripture everywhere reminds us , God	a1	organization	A	simply_church	in order to be the <span class='hit'>church</span> . But , as Scripture	church	FALSE	NR	NR	institution	NR
church/N/br-d02/969	But , as Scripture everywhere reminds us , God does have need of his creatures , and the church , a fortiori , can ill afford to do without the talents with which the world , by God 's providence , presents it .	a1	organization	A	simply_church	his creatures , and the <span class='hit'>church</span> , a fortiori , can	church	FALSE	NR	believers	agentivity	NR
church/N/br-d03/1883	The general tone of articles appearing in such important newspapers as the Manchester Guardian and the Sunday Observer implies a kindly recognition that the Catholic Church is now at least of equal stature in England with the Protestant churches . On successive Sundays during October , 1960 , Paul	b	organization	B	simply_church	in England with the Protestant NA . On successive Sundays during	NA	FALSE	NR	NR	institution	NR
church/N/br-d03/1908	On successive Sundays during October , 1960 , Paul Ferris ( a non-Catholic ) wrote articles in the Observer depicting clergymen of the Church of England , the Church of Rome and the Nonconformist Church .	a2	organization	A	simply_church	Observer depicting clergymen of the NA of England , the Church	NA	FALSE	NR	membership	institution	NR
church/N/br-d03/1913	On successive Sundays during October , 1960 , Paul Ferris ( a non-Catholic ) wrote articles in the Observer depicting clergymen of the Church of England , the Church of Rome and the Nonconformist Church . The Catholic priest	a2	organization	A	simply_church	Church of England , the NA of Rome and the Nonconformist	NA	FALSE	NR	membership	institution	NR
church/N/br-d03/313	"In representing part of this new picture , I will be recounting some of my own personal experiences , reactions and judgments ; but my primary aim is to transcribe what Englishmen themselves are saying and writing and implying about the Roman and Anglican Churches and about the present religious state of England . Since"	a2	organization	A	simply_church	about the Roman and Anglican <span class='hit'>Churches</span> and about the present religious	Churches	FALSE	NR	NR	institution	NR
church/N/br-d03/35	Representing as it did the efforts of only unauthorized individuals of the Roman and Anglican Churches , and urging a communion of prayer unacceptable to Rome , this association produced little fruit , and , in fact , was condemned by the Holy Office in 1864 .	a2	organization	A	simply_church	of the Roman and Anglican <span class='hit'>Churches</span> , and urging a communion	Churches	FALSE	NR	membership	institution	NR
church/N/br-d03/862	According to a newspaper report of the 1961 statistics of the Church of England , the `` total of confirmed members is 9748000 , but only 2887671 are registered on the parochial church rolls '' , and `` over 27 million people in England are baptized into the Church of England , but roughly only a tenth of them continue '' .	a2	organization	A	simply_church	the 1961 statistics of the <span class='hit'>Church</span> of England , the ``	Church	FALSE	NR	membership	institution	NR
church/N/br-d03/899	According to a newspaper report of the 1961 statistics of the Church of England , the `` total of confirmed members is 9748000 , but only 2887671 are registered on the parochial church rolls '' , and `` over 27 million people in England are baptized into the Church of England , but roughly only a tenth of them continue '' .	a2	organization	A	simply_church	England are baptized into the <span class='hit'>Church</span> of England , but roughly	Church	FALSE	NR	membership	institution	NR
church/N/br-d03/945	An amazing article in the Manchester Guardian of last November , entitled `` Fate of Redundant Churches '' , states than an Archbishops ' Commission `` reported last month that in the Church of England alone there are 790 churches which are redundant now , or will be in 20 years ' time .	a2	organization	A	simply_church	last month that in the <span class='hit'>Church</span> of England alone there are	Church	FALSE	NR	NR	institution	NR
church/N/br-d05/1163	But Parker as the ultra-liberal minister within the pale of a church which had proclaimed itself the repository of liberality poses a different problem , which is not to be resolved by holding him up as the champion of freedom .	a2	congregation	A	simply_church	within the pale of a <span class='hit'>church</span> which had proclaimed itself the	church	FALSE	NR	membership	hierarchy	NR
church/N/br-d05/1536	But Theodore Parker , commencing his mission to the world-at-large , disguised as the minister of a `` twenty-eighth Congregational Church '' which bore no resemblance to the Congregational polities descended from the founders ( among which were still the Unitarian churches ) , made explicit from the beginning that the conflict between him and the Hunkerish society was not something which could be evaporated into a genteel difference about clerical decorum .	a2	organization	A	simply_church	which were still the Unitarian <span class='hit'>churches</span> ) , made explicit from	churches	FALSE	NR	NR	institution	NR
church/N/br-d05/1935	And he took repeated care to let his colleagues know that he intended them : `` Even the Unitarian churches have caught the malaria , and are worse than those who deceived them '' - which implied that they were very bad indeed .	b	organization	B	simply_church	: `` Even the Unitarian <span class='hit'>churches</span> have caught the malaria ,	churches	FALSE	NR	believers	NR	NR
church/N/br-d09/1044	Ask each member to write a statement on such topics as : `` What Christ Means to Me '' , `` What the Church Means to Me '' , `` Why Join the Church '' , `` The Duties of Church Members '' , etc. .	NA	organization	NA	simply_church	'' , `` What the <span class='hit'>Church</span> Means to Me '' ,	Church	FALSE	NR	membership	institution	devotion
church/N/br-d09/1054	Ask each member to write a statement on such topics as : `` What Christ Means to Me '' , `` What the Church Means to Me '' , `` Why Join the Church '' , `` The Duties of Church Members '' , etc. .	a2	organization	A	simply_church	, `` Why Join the <span class='hit'>Church</span> '' , `` The Duties	Church	FALSE	NR	membership	NR	NR
church/N/br-d09/1115	Service . There is a growing conviction among pastors and Church leaders that all those who come into the fellowship of the Church need preparatory training , including those coming by transfer of membership .	a2	organization	A	simply_church	growing conviction among pastors and <span class='hit'>Church</span> leaders that all those who	Church	FALSE	NR	NR	hierarchy	evangelism
church/N/br-d09/1127	There is a growing conviction among pastors and Church leaders that all those who come into the fellowship of the Church need preparatory training , including those coming by transfer of membership .	b	congregation	B	simply_church	into the fellowship of the <span class='hit'>Church</span> need preparatory training , including	Church	FALSE	NR	membership	NR	evangelism
church/N/br-d09/1156	George E. Sweazey writes : `` There is danger in trying to make admission to the Church so easy and painless that people will scarcely know that anything has happened '' .	a2	congregation	A	simply_church	to make admission to the <span class='hit'>Church</span> so easy and painless that	Church	FALSE	NR	membership	NR	evangelism
church/N/br-d09/129	In the average situation about one-third of those visited make commitments to Christ and the Church . The pastor and the Membership Preparation and Assimilation Committee	a1	congregation	A	simply_church	commitments to Christ and the <span class='hit'>Church</span> . The pastor and the	Church	FALSE	NR	participation	NR	devotion
church/N/br-d09/1297	The total process of evangelism reaches the crescendo when the group of new members stands before the congregation to declare publicly their faith and to be received into the fellowship of the Church . This should be a high moment in their lives	a2	congregation	A	simply_church	into the fellowship of the <span class='hit'>Church</span> . This should be a	Church	FALSE	NR	membership	NR	NR
church/N/br-d09/1404	It will help to determine the attitude of the new members toward the Church . It can mean the difference between participation and inaction	a2	congregation	A	simply_church	the new members toward the <span class='hit'>Church</span> . It can mean the	Church	FALSE	NR	membership	NR	NR
church/N/br-d09/1436	The worship service is the natural and logical time to receive new members into the Church . The atmosphere for this momentous experience can be created	a2	congregation	A	simply_church	receive new members into the <span class='hit'>Church</span> . The atmosphere for this	Church	FALSE	NR	membership	NR	NR
church/N/br-d09/1641	luncheon or dinner with new members as guests . The church is `` the family of God '' . The members	a1	congregation	A	simply_church	members as guests . The <span class='hit'>church</span> is `` the family of	church	FALSE	NR	membership	NR	NR
church/N/br-d09/1708	a participant . Yet the most difficult problem in the Church 's program of evangelism is right at this point - helping new members to become participating , growing parts of the fellowship .	a2	congregation	A	simply_church	most difficult problem in the <span class='hit'>Church</span> 's program of evangelism is	Church	FALSE	NR	participation	institution	evangelism
church/N/br-d09/172	The first thirty to sixty days after individuals make their decision will determine their interest and participation in the life of the Church . Neglect means spiritual paralysis or death . Churches that	d	congregation	D	simply_church	in the life of the <span class='hit'>Church</span> . Neglect means spiritual paralysis	Church	FALSE	NR	participation	NR	practice
church/N/br-d09/1774	A study of major denominational membership statistics over a twenty-year period revealed the appalling fact that nearly 40 per cent of those who joined the Church were lost to the Church within seven years . One	a2	congregation	A	simply_church	of those who joined the <span class='hit'>Church</span> were lost to the Church	Church	FALSE	NR	membership	NR	NR
church/N/br-d09/1779	A study of major denominational membership statistics over a twenty-year period revealed the appalling fact that nearly 40 per cent of those who joined the Church were lost to the Church within seven years . One denomination had a membership of	a2	congregation	A	simply_church	Church were lost to the <span class='hit'>Church</span> within seven years . One	Church	FALSE	NR	membership	NR	NR
church/N/br-d09/2155	or they will never mature into effective Christians . The Church expects certain things of those who become members . The	a2	congregation	A	simply_church	into effective Christians . The <span class='hit'>Church</span> expects certain things of those	Church	FALSE	NR	membership	agentivity	doctrine
church/N/br-d09/231	It is important that persons desiring to unite with the Church be prepared for this experience so that it may be meaningful and spiritually significant .	a2	congregation	A	simply_church	desiring to unite with the <span class='hit'>Church</span> be prepared for this experience	Church	FALSE	NR	membership	NR	NR
church/N/br-d09/39	When they fall by the wayside and fail to achieve Christian stature , it is an indictment of the Church . These fatalities are dramatic evidence of `` halfway evangelism	a2	organization	A	simply_church	is an indictment of the <span class='hit'>Church</span> . These fatalities are dramatic	Church	FALSE	NR	NR	agentivity	doctrine
church/N/br-d09/515	. None should ask less . Those who join the Church need to be instructed in the faith and the meaning of Christian discipleship before they take the sacred vows .	a2	congregation	A	simply_church	. Those who join the <span class='hit'>Church</span> need to be instructed in	Church	FALSE	NR	membership	NR	evangelism
church/N/br-d09/544	vows . They will have a greater appreciation for the Church and a deeper devotion to it if membership requires something of them .	a2	organization	A	simply_church	a greater appreciation for the <span class='hit'>Church</span> and a deeper devotion to	Church	FALSE	NR	NR	institution	devotion
church/N/br-d09/6	Few persons who join the Church are insincere .	a2	organization	A	simply_church	Few persons who join the <span class='hit'>Church</span> are insincere .	Church	FALSE	NR	membership	NR	devotion
church/N/br-d09/935	Use dramatization - for example , in discussing the Lord 's Supper or church symbolism . Use audio-visual aids . Some excellent filmstrips with	a1	organization	A	simply_church	the Lord 's Supper or <span class='hit'>church</span> symbolism . Use audio-visual aids	church	FALSE	NR	NR	institution	doctrine
church/N/br-d10/1913	And in this country Gustave Weigel 's delineation of the line between the sacral and secular orders during the last presidential campaign served to provide a most impressive Roman Catholic defense of the practical autonomy of both church and state . The failure at that time of the	a1	organization	A	simply_church	the practical autonomy of both <span class='hit'>church</span> and state . The failure	church	FALSE	NR	NR	institution	NR
church/N/br-d10/2114	Leslie Newbiggin reflects the dominant position within the World Council of Churches when he says , `` We must claim absoluteness and finality for Christ and His finished work , but that very claim forbids us to claim absoluteness and finality for our understanding of it '' .	a2	organization	A	simply_church	within the World Council of <span class='hit'>Churches</span> when he says , ``	Churches	FALSE	NR	NR	institution	NR
church/N/br-d10/2187	The Roman Catholic Church has excommunicated one of its priests , Father Feeney , for insisting that there is no salvation outside the visible church . In mentioning this under `` salvation reconsidered '' I	a1	organization	A	simply_church	no salvation outside the visible <span class='hit'>church</span> . In mentioning this under	church	FALSE	NR	NR	institution	doctrine
church/N/br-d12/1462	discussed must surely be raised . The role of both church and university as sources of information and settings within which the implications of such information may be explored needs consideration .	a1	organization	A	simply_church	. The role of both <span class='hit'>church</span> and university as sources of	church	FALSE	NR	NR	institution	NR
church/N/br-d12/233	? What social , ethical and theological insights can the church and university help him bring to bear upon his situation ?	a1	organization	A	simply_church	and theological insights can the <span class='hit'>church</span> and university help him bring	church	FALSE	NR	NR	institution	NR
church/N/br-d14/1311	We do well to remind ourselves that from men and women of New England ancestry also issued the Church of Jesus Christ of Latter Day Saints , the Seventh Day Adventists , Christian Science , the American Board of Commissioners for Foreign Missions , the American Home Missionary Society , the American Bible Society , and New England theology .	a2	organization	A	simply_church	England ancestry also issued the <span class='hit'>Church</span> of Jesus Christ of Latter	Church	FALSE	NR	NR	institution	NR
church/N/br-d14/1926	Incurably optimistic , dogmatic , and utterly fearless , in his youth a devout Baptist , in spite of his friendship for the Quaker poet John Greenleaf Whittier ( 1807 - 1892 ) he eventually attacked the orthodox churches for what he deemed their cowardly compromising on the slavery issue and in his invariably ardent manner was emphatically unorthodox and denied the plenary inspiration of the Bible .	a2	organization	A	simply_church	he eventually attacked the orthodox <span class='hit'>churches</span> for what he deemed their	churches	FALSE	NR	NR	institution	NR
church/N/br-d14/2203	of Lyman Beecher . Although he later broke with the churches because he believed that they were insufficiently outspoken against social evils , he remained a devout Christian .	a2	organization	A	simply_church	he later broke with the <span class='hit'>churches</span> because he believed that they	churches	FALSE	NR	NR	institution	doctrine
church/N/br-d16/1644	"You may be very religious , a good church member , an upright , honest and sincere person ; you may be baptized , confirmed , reverent and worshipful ; you may attend mass , do penance , say prayers and zealously keep all the sacraments and ceremonies of the church ; you may have the final and extreme unction but if you are not born again you are lost and headed for hell and eternal punishment ."	a2	organization	A	simply_church	"sacraments and ceremonies of the <span class='hit'>church</span> ; you may have the"	church	FALSE	NR	NR	NR	doctrine
church/N/br-d16/1947	You can ignore His Book , the Bible , and His church . You can laugh at His blood-bought salvation , curse	a1	organization	A	simply_church	the Bible , and His <span class='hit'>church</span> . You can laugh at	church	FALSE	NR	believers	assembly	doctrine
church/N/br-f15/1245	Consider what happened during World War 1 , , when the Protestant churches united to push the Prohibition law through Congress . Many	a2	organization	A	simply_church	, , when the Protestant <span class='hit'>churches</span> united to push the Prohibition	churches	FALSE	NR	NR	agentivity	NR
church/N/br-f15/1425	Up to the turn of the century , contraception was condemned by all Christian churches as immoral , unnatural and contrary to divine law .	a2	organization	A	simply_church	was condemned by all Christian <span class='hit'>churches</span> as immoral , unnatural and	churches	FALSE	NR	NR	agentivity	doctrine
church/N/br-f15/1720	In March , 1931 , 22 out of 28 members of a committee of the Federal Council of Churches ratified artificial methods of birth control . `` As to	a2	organization	A	simply_church	of the Federal Council of <span class='hit'>Churches</span> ratified artificial methods of birth	Churches	FALSE	NR	NR	agentivity	doctrine
church/N/br-f15/1887	This development is reflected in the action taken in February , 1961 , by the general board of the National Council of Churches , the largest Protestant organization in the US . The	a2	organization	A	simply_church	of the National Council of <span class='hit'>Churches</span> , the largest Protestant organization	Churches	FALSE	NR	NR	agentivity	NR
church/N/br-f15/1944	The general board declared : `` Most of the Protestant churches hold contraception and periodic continence to be morally right when the motives are right .	a2	organization	A	simply_church	`` Most of the Protestant <span class='hit'>churches</span> hold contraception and periodic continence	churches	FALSE	NR	NR	agentivity	doctrine
church/N/br-f15/1998	'' . An action once universally condemned by all Christian churches and forbidden by the civil law is now not only approved by the overwhelming majority of Protestant denominations , but also deemed , at certain times , to be a positive religious duty .	a2	organization	A	simply_church	universally condemned by all Christian <span class='hit'>churches</span> and forbidden by the civil	churches	FALSE	NR	NR	agentivity	doctrine
church/N/br-f15/776	the use of the infertile or safe period . The Church considers this to be the method provided by nature and its divine Author : It involves no frustration of nature 's laws , but simply an intelligent and disciplined use of them .	a2	organization	A	simply_church	or safe period . The <span class='hit'>Church</span> considers this to be the	Church	FALSE	NR	NR	agentivity	doctrine
church/N/br-f15/824	With the exception of the Roman Catholic and the Orthodox Catholic Churches , most churches make no moral distinction between rhythm and mechanical or chemical contraceptives , allowing the couple free choice .	a2	organization	A	simply_church	Orthodox Catholic Churches , most <span class='hit'>churches</span> make no moral distinction between	churches	FALSE	NR	NR	agentivity	doctrine
church/N/br-f15/862	seems little chance of agreement . The grounds for the Church 's position are Scriptural ( Old Testament ) , the teachings of the fathers and doctors of the early Church , the unbroken tradition of nineteen centuries , the decisions of the highest ecclesiastical authority and the natural law .	a2	organization	A	simply_church	. The grounds for the <span class='hit'>Church</span> 's position are Scriptural (	Church	FALSE	NR	NR	agentivity	doctrine
church/N/br-f15/882	The grounds for the Church 's position are Scriptural ( Old Testament ) , the teachings of the fathers and doctors of the early Church , the unbroken tradition of nineteen centuries , the decisions of the highest ecclesiastical authority and the natural law .	a1	organization	A	simply_church	and doctors of the early <span class='hit'>Church</span> , the unbroken tradition of	Church	FALSE	NR	NR	hierarchy	doctrine
church/N/br-f44/647	"There is much talk in theological circles about the `` Church as Mission '' and the `` Church 's Mission '' ; theologians have been stressing the fact that the Church does not exist for its own sake but as a testimony in the world for the healing of the world ."	a1	organization	A	simply_church	theological circles about the `` <span class='hit'>Church</span> as Mission '' and the	Church	FALSE	NR	NR	institution	evangelism
church/N/br-f44/654	"There is much talk in theological circles about the `` Church as Mission '' and the `` Church 's Mission '' ; theologians have been stressing the fact that the Church does not exist for its own sake but as a testimony in the world for the healing of the world ."	a2	organization	A	simply_church	"Mission '' and the `` <span class='hit'>Church</span> 's Mission '' ; theologians"	Church	FALSE	NR	NR	agentivity	evangelism
church/N/br-f44/667	"There is much talk in theological circles about the `` Church as Mission '' and the `` Church 's Mission '' ; theologians have been stressing the fact that the Church does not exist for its own sake but as a testimony in the world for the healing of the world ."	a1	organization	A	simply_church	stressing the fact that the <span class='hit'>Church</span> does not exist for its	Church	FALSE	NR	NR	institution	NR
church/N/br-f44/924	If we add to these contacts with friendly members the `` contacts with an organization of the church '' ( 11.2 per cent of the cases ) , then a substantial two thirds of all recruitment is through friendly contact .	b	congregation	B	simply_church	with an organization of the <span class='hit'>church</span> '' ( 11.2 per cent	church	FALSE	NR	membership	administration	NR
church/N/br-f44/986	"On the surface , this seems a sound approach to Christian mission : members of the congregation show by their friendly attitudes that they care for new people ; the new people respond in kind by joining the church . Missionary outreach by friendly contact looks somewhat different when"	b	congregation	B	simply_church	in kind by joining the <span class='hit'>church</span> . Missionary outreach by friendly	church	FALSE	NR	membership	NR	NR
church/N/br-g02/1539	In its beginnings the nation-state had to struggle to assert itself - internally , against feudal groups , and externally , against the power and influence of such other claimants for loyalty as the Church . The breakup of the Holy Roman Empire and the	a2	organization	A	simply_church	claimants for loyalty as the <span class='hit'>Church</span> . The breakup of the	Church	FALSE	NR	NR	institution	devotion
church/N/br-k04/1485	Wilson stressed the fact that clear as this was , they must have a better church , a more business-like conduct of the church organization , and an effort to get this religious center out of its rut of wild worship into a modern church organization .	b	congregation	B	simply_church	they must have a better <span class='hit'>church</span> , a more business-like conduct	church	FALSE	NR	NR	administration	NR
church/N/br-k04/2307	And for him to leave this job now without accomplishing anything would mean practically the end of his career in the Methodist church , if not in all churches .	a2	congregation	A	simply_church	, if not in all <span class='hit'>churches</span> .	churches	FALSE	NR	NR	hierarchy	NR
church/N/br-k10/1422	Why , oh why , does n't he stick to preaching the Gospel , instead of meddling in civic affairs , politics , economics , and social issues that are no concern of the Church '' ? And John 's reply was always the same	a2	organization	A	simply_church	are no concern of the NA '' ? And John 's	NA	FALSE	NR	NR	agentivity	doctrine
church/N/br-k10/1444	And John 's reply was always the same : `` Anything that affects souls is the concern of the Church ! We will have righteousness '' ! Tears burned behind	a2	organization	A	simply_church	is the concern of the NA ! We will have righteousness	NA	FALSE	NR	NR	agentivity	doctrine
church/N/br-k10/1801	Peter Caroli had come to Geneva , saying that he had been a bishop of the Church of Rome and had been persecuted in Paris for his Reformed faith .	a2	organization	A	simply_church	been a bishop of the NA of Rome and had been	NA	FALSE	NR	NR	hierarchy	NR
church/N/br-k10/205	The next morning , as the clock struck nine , he appeared at the Council meeting in the Town Hall and insisted that the couple would have to be punished if the Church was to be respected . `` I have told you	a2	organization	A	simply_church	to be punished if the <span class='hit'>Church</span> was to be respected .	Church	FALSE	NR	NR	institution	devotion
church/N/br-k10/257	`` That is the answer the ungodly will always make when the Church points its fingers at their sins . I say to	a1	organization	A	simply_church	will always make when the <span class='hit'>Church</span> points its fingers at their	Church	FALSE	NR	NR	agentivity	doctrine
church/N/br-k10/271	at their sins . I say to you that the Church will ever decry evil '' ! John 's reply was	a2	organization	A	simply_church	say to you that the <span class='hit'>Church</span> will ever decry evil ''	Church	FALSE	NR	NR	agentivity	doctrine
church/N/br-k10/561	Charles had died two weeks before , in early November , without being reconciled to the Church . The canons , in a body , had tried	a2	organization	A	simply_church	without being reconciled to the <span class='hit'>Church</span> . The canons , in	Church	FALSE	NR	NR	institution	doctrine
church/N/br-k10/588	The canons , in a body , had tried to force him on his deathbed to let them give him the last rites of the Church , but he had died still proclaiming salvation by faith .	a2	organization	A	simply_church	the last rites of the <span class='hit'>Church</span> , but he had died	Church	FALSE	NR	NR	institution	doctrine
church/N/br-k14/1113	The rabbi said thoughtfully , `` I would not want my people to get in trouble with the Church '' . `` I am working for the Cardinal of	a2	organization	A	simply_church	get in trouble with the NA '' . `` I am	NA	FALSE	NR	NR	agentivity	doctrine
church/N/br-k19/168	Even Rector himself was prey to this spirit of competition and he knew it , not for a more exalted office in the hierarchy of the church - his ambitions for the bishopry had died very early in his career -	a2	organization	A	simply_church	in the hierarchy of the <span class='hit'>church</span> - his ambitions for the	church	FALSE	NR	NR	hierarchy	NR
church/N/br-k19/213	He was not sure how much of this desire was due to his devotion to the church and how much was his own ego , demanding to be satisfied , for the two were intertwined and could not be separated .	a1	organization	A	simply_church	to his devotion to the <span class='hit'>church</span> and how much was his	church	FALSE	NR	NR	institution	devotion
church/N/br-m01/1680	. Fosterite bishops , after secret conclave , announced the Church 's second Major Miracle : Supreme Bishop Digby had been translated bodily to Heaven and spot-promoted to Archangel , ranking with-but-after	a2	organization	A	simply_church	secret conclave , announced the NA 's second Major Miracle :	NA	FALSE	NR	NR	institution	doctrine
church/N/br-m01/232	"he was learning to think in . The word `` church '' which turned up over and over again among Jubal 's words gave him knotty difficulty ; there was no Martian concept to match it - unless one took `` church '' and `` worship '' and `` God '' and `` congregation '' and many other words and equated them to the totality of the only world he had known during growing waiting & & & then forced the concept back into English in that phrase which had been rejected ( by each differently ) by Jubal , by Mahmoud , by Digby ."	NA	metalinguistic	NA	simply_church	in . The word `` NA '' which turned up over	NA	FALSE	NR	NR	NR	NR
church/N/br-m01/263	"The word `` church '' which turned up over and over again among Jubal 's words gave him knotty difficulty ; there was no Martian concept to match it - unless one took `` church '' and `` worship '' and `` God '' and `` congregation '' and many other words and equated them to the totality of the only world he had known during growing waiting & & & then forced the concept back into English in that phrase which had been rejected ( by each differently ) by Jubal , by Mahmoud , by Digby ."	NA	metalinguistic	NA	simply_church	- unless one took `` NA '' and `` worship ''	NA	FALSE	NR	NR	NR	NR
church/N/br-p12/1309	It was too bad he had no feeling himself for church . Not his poor mother 's fault . She would	d	service	D	simply_church	had no feeling himself for <span class='hit'>church</span> . Not his poor mother	church	FALSE	NR	participation	NR	devotion
church/N/br-p12/1433	Being a woman though , she would take only what she needed from church . It was too bad he was n't a Catholic	d	organization	D	simply_church	only what she needed from <span class='hit'>church</span> . It was too bad	church	FALSE	NR	NR	NR	doctrine
church/N/br-a10/1674	Friday night the delegates heard the need for their forthcoming program , `` Breakthrough '' scheduled to fill the churches for the next two years . In his opening address	c3	building	C	simply_church	'' scheduled to fill the <span class='hit'>churches</span> for the next two years	churches	TRUE	place	participation	NR	practice
church/N/br-a16/453	Because of the recent death of the bride 's father , Frederick B. Hamm , the marriage of Miss Terry Hamm to John Bruce Parichy will be a small one at noon tomorrow in St. Bernadine 's church , Forest Park . A small reception will follow in	c1	building	C	simply_church	tomorrow in St. Bernadine 's <span class='hit'>church</span> , Forest Park . A	church	TRUE	place	NR	NR	NR
church/N/br-a17/2228	Jr. seated guests . A reception was held at the church . The First Christian Church of Pampa was the setting	c1	building	C	simply_church	reception was held at the <span class='hit'>church</span> . The First Christian Church	church	TRUE	place	NR	NR	NR
church/N/br-a31/2212	. To start the week of special programs at the church , the Rev. John D. Henderson will preach on `` A Successful Marriage '' at 9 : 40 and 11 a. m. Sunday .	c3	congregation	C	simply_church	of special programs at the <span class='hit'>church</span> , the Rev. John D.	church	TRUE	place	participation	NR	practice
church/N/br-b08/2363	. But how little love we give him . The church truly is not a rest home for saints , but a hospital for sinners .	c1	building	C	simply_church	we give him . The <span class='hit'>church</span> truly is not a rest	church	TRUE	place	NR	NR	NR
church/N/br-b08/834	tonight '' , he continued . `` I leave this church with a feeling that a great weight has been lifted off my heart , I have left my grudge at the altar and forgiven my neighbor '' .	NA	building	NA	simply_church	. `` I leave this <span class='hit'>church</span> with a feeling that a	church	TRUE	place	NR	NR	NR
church/N/br-d03/1063	While it must be said that these same Protestants have built some new churches during this period , and that religious population shifts have emptied churches , a principal reason for this phenomenon of redundancy is that fewer Protestants are going to church .	c3	building	C	simply_church	religious population shifts have emptied <span class='hit'>churches</span> , a principal reason for	churches	TRUE	place	participation	NR	NR
church/N/br-d03/2335	"Almost daily something is reported which feeds this Catholic hope in England : statistics of the increasing numbers of converts and Irish Catholic immigrants ; news of a Protestant minister in Leamington who has offered to allow a Catholic priest to preach from his pulpit ; a report that a Catholic nun had been requested to teach in a non-Catholic secondary school during the sickness of one of its masters ; the startling statement in a respectable periodical that `` Catholics , if the present system is still in operation , will constitute almost one-third of the House of Lords in the next generation '' ; a report that 200 Protestant clergymen and laity attended a votive Mass offered for Christian unity at a Catholic church in Slough during the Church Unity Octave ."	c1	building	C	simply_church	Christian unity at a Catholic NA in Slough during the Church	NA	TRUE	place	NR	NR	NR
church/N/br-d03/721	A Protestant woman marveled to me over the large crowds going in and out of the Birmingham Oratory ( Catholic ) Church on Sunday mornings . She found this a marvel because	c1	building	C	simply_church	Birmingham Oratory ( Catholic ) <span class='hit'>Church</span> on Sunday mornings . She	Church	TRUE	place	NR	NR	practice
church/N/br-d03/952	An amazing article in the Manchester Guardian of last November , entitled `` Fate of Redundant Churches '' , states than an Archbishops ' Commission `` reported last month that in the Church of England alone there are 790 churches which are redundant now , or will be in 20 years ' time .	c1	building	C	simply_church	England alone there are 790 <span class='hit'>churches</span> which are redundant now ,	churches	TRUE	place	NR	NR	NR
church/N/br-f44/1122	"Churches can be strengthened through this process of co-optation so long as the environs of the church provide a sufficient pool of people who can fit the pattern of economic integration ; once the pool of recruits diminishes , the congregation is helpless - friendly contacts no longer keep it going ."	c2	congregation	C	simply_church	as the environs of the <span class='hit'>church</span> provide a sufficient pool of	church	TRUE	place	membership	administration	evangelism
church/N/br-k04/1353	After looking about a bit , Wilson discovered beyond Black Bottom , across the river and far removed from the white city , a considerable tract of land , and it occurred to him that the church and the better Negro homes might gradually be moved to this plot .	c1	building	C	simply_church	occurred to him that the <span class='hit'>church</span> and the better Negro homes	church	TRUE	place	believers	NR	NR
church/N/br-k06/852	with its high steeple and clock . There was no church like Drew Church , no preacher like Papa , who was intimate with Him , and could consign sinners to hellfire .	c1	building	C	simply_church	clock . There was no <span class='hit'>church</span> like Drew Church , no	church	TRUE	place	NR	NR	NR
church/N/br-k14/825	The Jewish section was in Trastevere , near the Tiber at the church of San Francesco a Ripa . The colony had been	c1	building	C	simply_church	near the Tiber at the NA of San Francesco a Ripa	NA	TRUE	place	NR	NR	NR
church/N/br-k25/80	He could no longer build anything , whether a private residence in his Pennsylvania county or a church in Brazil , without it being obvious that he had done it , and while here and there he was taken to task for again developing the same airy technique , they were such fanciful and sometimes even playful buildings that the public felt assured by its sense of recognition after a time , a quality of authentic uniqueness about them , which , once established by an artist as his private vision , is no longer disputable as to its other values .	c1	building	C	simply_church	his Pennsylvania county or a NA in Brazil , without it	NA	TRUE	place	NR	NR	NR
