_model	model.x	model.y	foc_minimum_features	soc_length	soc_length_num	tokens	type	LEMMAPATH	LEMMAREL	foc_boundaries	foc_context_words	foc_foc_pos	foc_foc_win	foc_ppmi	soc_soc_pos	soc_soc_win	stress	foc_base	soc_vector	pam_cluster	is_medoid
blik.BOWbound10lex.PPMIweight.LENGTH5000.SOCPOSnav	-0.1898983652066337	-0.004993811880279193	1	5000	5000	265	blik	NA	NA	bound	528	lex	10_10	weight	nav	4_4	0.200685093573222	BOW	nav_5000	c1	0
blik.BOWbound10lex.PPMIweight.LENGTH5000.SOCPOSall	-0.19036062034079285	-0.23102707855826993	1	5000	5000	265	blik	NA	NA	bound	528	lex	10_10	weight	all	4_4	0.24328303811131563	BOW	all_5000	c2	0
blik.BOWbound10lex.PPMIweight.LENGTHFOC.SOCPOSnav	-0.18034667536959775	-3.8646155765112634e-4	1	FOC	368	265	blik	NA	NA	bound	528	lex	10_10	weight	nav	4_4	0.2393025060811398	BOW	nav_FOC	c1	0
blik.BOWbound10lex.PPMIweight.LENGTHFOC.SOCPOSall	-0.17393262938096601	-0.0024760704320479984	1	FOC	528	265	blik	NA	NA	bound	528	lex	10_10	weight	all	4_4	0.23735212070452058	BOW	all_FOC	c1	0
blik.BOWbound10lex.PPMIselection.LENGTH5000.SOCPOSnav	-0.18841721237458145	0.0759975596935296	1	5000	5000	265	blik	NA	NA	bound	528	lex	10_10	selection	nav	4_4	0.21577863814097462	BOW	nav_5000	c1	0
blik.BOWbound10lex.PPMIselection.LENGTH5000.SOCPOSall	-0.19367865803102247	-0.25223921335733573	1	5000	5000	265	blik	NA	NA	bound	528	lex	10_10	selection	all	4_4	0.22601718524235262	BOW	all_5000	c2	0
blik.BOWbound10lex.PPMIselection.LENGTHFOC.SOCPOSnav	-0.20094086661060373	0.0761888249895438	1	FOC	368	265	blik	NA	NA	bound	528	lex	10_10	selection	nav	4_4	0.23901415291438796	BOW	nav_FOC	c1	0
blik.BOWbound10lex.PPMIselection.LENGTHFOC.SOCPOSall	-0.18877599680052826	0.0661691497100174	1	FOC	528	265	blik	NA	NA	bound	528	lex	10_10	selection	all	4_4	0.24668602460400255	BOW	all_FOC	c1	0
blik.BOWbound10lex.PPMIno.LENGTH5000.SOCPOSnav	-0.25768919743663726	0.19541761459889392	1	5000	5000	275	blik	NA	NA	bound	977	lex	10_10	no	nav	4_4	0.22899700090389627	BOW	nav_5000	c3	0
blik.BOWbound10lex.PPMIno.LENGTH5000.SOCPOSall	-0.4790469220145208	-0.03103107935608114	1	5000	5000	275	blik	NA	NA	bound	977	lex	10_10	no	all	4_4	0.19903990624572032	BOW	all_5000	c2	0
blik.BOWbound10lex.PPMIno.LENGTHFOC.SOCPOSnav	-0.25851402702752285	0.17822181597951556	1	FOC	706	275	blik	NA	NA	bound	977	lex	10_10	no	nav	4_4	0.21790793158855343	BOW	nav_FOC	c3	0
blik.BOWbound10lex.PPMIno.LENGTHFOC.SOCPOSall	-0.2460056366539023	0.1723580442326742	1	FOC	977	275	blik	NA	NA	bound	977	lex	10_10	no	all	4_4	0.22250529295859547	BOW	all_FOC	c3	0
blik.BOWbound10all.PPMIweight.LENGTH5000.SOCPOSnav	-6.824747654419013e-4	-0.03128430602377851	1	5000	5000	276	blik	NA	NA	bound	643	all	10_10	weight	nav	4_4	0.19000668216210304	BOW	nav_5000	c4	0
blik.BOWbound10all.PPMIweight.LENGTH5000.SOCPOSall	0.0508343009027877	-0.11751407585085223	1	5000	5000	276	blik	NA	NA	bound	643	all	10_10	weight	all	4_4	0.2035689591039928	BOW	all_5000	c4	0
blik.BOWbound10all.PPMIweight.LENGTHFOC.SOCPOSnav	-0.0449548870690554	-0.008681728825800678	1	FOC	368	276	blik	NA	NA	bound	643	all	10_10	weight	nav	4_4	0.2153137705974836	BOW	nav_FOC	c4	0
blik.BOWbound10all.PPMIweight.LENGTHFOC.SOCPOSall	-0.049605156290367054	-0.015781182735856554	1	FOC	643	276	blik	NA	NA	bound	643	all	10_10	weight	all	4_4	0.20685475314094076	BOW	all_FOC	c4	0
blik.BOWbound10all.PPMIselection.LENGTH5000.SOCPOSnav	0.1125695033042161	0.14857678411851608	1	5000	5000	276	blik	NA	NA	bound	643	all	10_10	selection	nav	4_4	0.2053114552632364	BOW	nav_5000	c5	0
blik.BOWbound10all.PPMIselection.LENGTH5000.SOCPOSall	0.24470133490004797	0.21408899678609705	1	5000	5000	276	blik	NA	NA	bound	643	all	10_10	selection	all	4_4	0.21351141960486547	BOW	all_5000	c6	0
blik.BOWbound10all.PPMIselection.LENGTHFOC.SOCPOSnav	-0.003062892270468908	0.11164988513821858	1	FOC	368	276	blik	NA	NA	bound	643	all	10_10	selection	nav	4_4	0.20268139363727813	BOW	nav_FOC	c5	0
blik.BOWbound10all.PPMIselection.LENGTHFOC.SOCPOSall	-0.010558885466546123	0.11235021420963928	1	FOC	643	276	blik	NA	NA	bound	643	all	10_10	selection	all	4_4	0.19725234165648536	BOW	all_FOC	c5	0
blik.BOWbound10all.PPMIno.LENGTH5000.SOCPOSnav	0.03613630975083034	0.22367421046796132	1	5000	5000	276	blik	NA	NA	bound	1276	all	10_10	no	nav	4_4	0.20851620174814467	BOW	nav_5000	c5	0
blik.BOWbound10all.PPMIno.LENGTH5000.SOCPOSall	0.12025476764693957	0.369595679366626	1	5000	5000	276	blik	NA	NA	bound	1276	all	10_10	no	all	4_4	0.22974057821139415	BOW	all_5000	c6	0
blik.BOWbound10all.PPMIno.LENGTHFOC.SOCPOSnav	-0.045830114042976315	0.22651587809979562	1	FOC	706	276	blik	NA	NA	bound	1276	all	10_10	no	nav	4_4	0.21698415955718367	BOW	nav_FOC	c5	0
blik.BOWbound10all.PPMIno.LENGTHFOC.SOCPOSall	-0.061986177627198276	0.25025724325210036	1	FOC	1276	276	blik	NA	NA	bound	1276	all	10_10	no	all	4_4	0.20877653170253865	BOW	all_FOC	c3	0
blik.BOWbound5lex.PPMIweight.LENGTH5000.SOCPOSnav	-0.18255126464191263	-0.027372475950599405	1	5000	5000	257	blik	NA	NA	bound	384	lex	5_5	weight	nav	4_4	0.20661644116768194	BOW	nav_5000	c1	0
blik.BOWbound5lex.PPMIweight.LENGTH5000.SOCPOSall	-0.20436759192347964	-0.22603237475427973	1	5000	5000	257	blik	NA	NA	bound	384	lex	5_5	weight	all	4_4	0.24778519429061469	BOW	all_5000	c2	1
blik.BOWbound5lex.PPMIweight.LENGTHFOC.SOCPOSnav	-0.17925450867984563	-0.023037378701506003	1	FOC	267	257	blik	NA	NA	bound	384	lex	5_5	weight	nav	4_4	0.25503991583733476	BOW	nav_FOC	c1	0
blik.BOWbound5lex.PPMIweight.LENGTHFOC.SOCPOSall	-0.1759927531032935	-0.02182465930593204	1	FOC	384	257	blik	NA	NA	bound	384	lex	5_5	weight	all	4_4	0.2467618813552333	BOW	all_FOC	c1	0
blik.BOWbound5lex.PPMIselection.LENGTH5000.SOCPOSnav	-0.18782813337323886	0.030070318369949924	1	5000	5000	257	blik	NA	NA	bound	384	lex	5_5	selection	nav	4_4	0.21977724614296254	BOW	nav_5000	c1	0
blik.BOWbound5lex.PPMIselection.LENGTH5000.SOCPOSall	-0.23030177414922023	-0.21169779688755314	1	5000	5000	257	blik	NA	NA	bound	384	lex	5_5	selection	all	4_4	0.2279739380508413	BOW	all_5000	c2	0
blik.BOWbound5lex.PPMIselection.LENGTHFOC.SOCPOSnav	-0.18749903123132564	0.02268533451326339	1	FOC	267	257	blik	NA	NA	bound	384	lex	5_5	selection	nav	4_4	0.24589336798596745	BOW	nav_FOC	c1	0
blik.BOWbound5lex.PPMIselection.LENGTHFOC.SOCPOSall	-0.17870470753871487	0.018133739560087694	1	FOC	384	257	blik	NA	NA	bound	384	lex	5_5	selection	all	4_4	0.24988823691708484	BOW	all_FOC	c1	1
blik.BOWbound5lex.PPMIno.LENGTH5000.SOCPOSnav	-0.23146303205302302	0.10637704389616484	1	5000	5000	273	blik	NA	NA	bound	595	lex	5_5	no	nav	4_4	0.24384529867804192	BOW	nav_5000	c1	0
blik.BOWbound5lex.PPMIno.LENGTH5000.SOCPOSall	-0.4166396023033726	-0.15345152630559683	1	5000	5000	273	blik	NA	NA	bound	595	lex	5_5	no	all	4_4	0.187487108674681	BOW	all_5000	c2	0
blik.BOWbound5lex.PPMIno.LENGTHFOC.SOCPOSnav	-0.22630970359843605	0.08325475132537287	1	FOC	430	273	blik	NA	NA	bound	595	lex	5_5	no	nav	4_4	0.23707164066499592	BOW	nav_FOC	c1	0
blik.BOWbound5lex.PPMIno.LENGTHFOC.SOCPOSall	-0.22555576090509719	0.07951234668628776	1	FOC	595	273	blik	NA	NA	bound	595	lex	5_5	no	all	4_4	0.2361945254188377	BOW	all_FOC	c1	0
blik.BOWbound5all.PPMIweight.LENGTH5000.SOCPOSnav	0.03642576364395588	-0.03066316411453101	1	5000	5000	276	blik	NA	NA	bound	483	all	5_5	weight	nav	4_4	0.1896704103552262	BOW	nav_5000	c4	0
blik.BOWbound5all.PPMIweight.LENGTH5000.SOCPOSall	0.08865490991293469	-0.10086941132204742	1	5000	5000	276	blik	NA	NA	bound	483	all	5_5	weight	all	4_4	0.19949079418578022	BOW	all_5000	c4	0
blik.BOWbound5all.PPMIweight.LENGTHFOC.SOCPOSnav	-0.025467123920569355	-0.01792783943238768	1	FOC	267	276	blik	NA	NA	bound	483	all	5_5	weight	nav	4_4	0.2215410460722615	BOW	nav_FOC	c4	0
blik.BOWbound5all.PPMIweight.LENGTHFOC.SOCPOSall	-0.027786380319180508	-0.021955977545811325	1	FOC	483	276	blik	NA	NA	bound	483	all	5_5	weight	all	4_4	0.21273731029132048	BOW	all_FOC	c4	1
blik.BOWbound5all.PPMIselection.LENGTH5000.SOCPOSnav	0.17669914401846917	0.07499699160863689	1	5000	5000	276	blik	NA	NA	bound	483	all	5_5	selection	nav	4_4	0.20143463967576786	BOW	nav_5000	c5	0
blik.BOWbound5all.PPMIselection.LENGTH5000.SOCPOSall	0.2592475200599309	0.12690634331403047	1	5000	5000	276	blik	NA	NA	bound	483	all	5_5	selection	all	4_4	0.2055140869698285	BOW	all_5000	c6	0
blik.BOWbound5all.PPMIselection.LENGTHFOC.SOCPOSnav	0.042455312034762015	0.05417867310157584	1	FOC	267	276	blik	NA	NA	bound	483	all	5_5	selection	nav	4_4	0.21554695044712208	BOW	nav_FOC	c5	0
blik.BOWbound5all.PPMIselection.LENGTHFOC.SOCPOSall	0.04624875038746228	0.056236874608256944	1	FOC	483	276	blik	NA	NA	bound	483	all	5_5	selection	all	4_4	0.21190319954244632	BOW	all_FOC	c5	1
blik.BOWbound5all.PPMIno.LENGTH5000.SOCPOSnav	0.12437748938663326	0.1170609241725569	1	5000	5000	276	blik	NA	NA	bound	787	all	5_5	no	nav	4_4	0.2180065418781426	BOW	nav_5000	c5	0
blik.BOWbound5all.PPMIno.LENGTH5000.SOCPOSall	0.21482963023370089	0.1990725752691056	1	5000	5000	276	blik	NA	NA	bound	787	all	5_5	no	all	4_4	0.210217276104541	BOW	all_5000	c6	0
blik.BOWbound5all.PPMIno.LENGTHFOC.SOCPOSnav	0.014320482122512414	0.12491088085524298	1	FOC	430	276	blik	NA	NA	bound	787	all	5_5	no	nav	4_4	0.22143955903005968	BOW	nav_FOC	c5	0
blik.BOWbound5all.PPMIno.LENGTHFOC.SOCPOSall	0.009214142475929945	0.14153280729430193	1	FOC	787	276	blik	NA	NA	bound	787	all	5_5	no	all	4_4	0.20851188140836976	BOW	all_FOC	c5	0
blik.BOWbound3lex.PPMIweight.LENGTH5000.SOCPOSnav	-0.20478943122559212	-0.05263185873091858	1	5000	5000	233	blik	NA	NA	bound	268	lex	3_3	weight	nav	4_4	0.21248386672322078	BOW	nav_5000	c1	0
blik.BOWbound3lex.PPMIweight.LENGTH5000.SOCPOSall	-0.22265071820301896	-0.2267512990698053	1	5000	5000	233	blik	NA	NA	bound	268	lex	3_3	weight	all	4_4	0.25443310550105125	BOW	all_5000	c2	0
blik.BOWbound3lex.PPMIweight.LENGTHFOC.SOCPOSnav	-0.1815072253388095	-0.05886294962044036	1	FOC	186	233	blik	NA	NA	bound	268	lex	3_3	weight	nav	4_4	0.2747343027027297	BOW	nav_FOC	c1	0
blik.BOWbound3lex.PPMIweight.LENGTHFOC.SOCPOSall	-0.17669822192946819	-0.056716347124371624	1	FOC	268	233	blik	NA	NA	bound	268	lex	3_3	weight	all	4_4	0.2644107653886221	BOW	all_FOC	c1	0
blik.BOWbound3lex.PPMIselection.LENGTH5000.SOCPOSnav	-0.20344933524704545	-0.03818747152998589	1	5000	5000	233	blik	NA	NA	bound	268	lex	3_3	selection	nav	4_4	0.21886344789276033	BOW	nav_5000	c1	0
blik.BOWbound3lex.PPMIselection.LENGTH5000.SOCPOSall	-0.24106297712959532	-0.22317320421274287	1	5000	5000	233	blik	NA	NA	bound	268	lex	3_3	selection	all	4_4	0.2409206217070768	BOW	all_5000	c2	0
blik.BOWbound3lex.PPMIselection.LENGTHFOC.SOCPOSnav	-0.18278271738696886	-0.04033674216225435	1	FOC	186	233	blik	NA	NA	bound	268	lex	3_3	selection	nav	4_4	0.26858659305158195	BOW	nav_FOC	c1	0
blik.BOWbound3lex.PPMIselection.LENGTHFOC.SOCPOSall	-0.1776466044991275	-0.04564723094978754	1	FOC	268	233	blik	NA	NA	bound	268	lex	3_3	selection	all	4_4	0.2662302829120111	BOW	all_FOC	c1	0
blik.BOWbound3lex.PPMIno.LENGTH5000.SOCPOSnav	-0.2530947698312106	0.04840147901043021	1	5000	5000	254	blik	NA	NA	bound	384	lex	3_3	no	nav	4_4	0.2307932179191042	BOW	nav_5000	c1	0
blik.BOWbound3lex.PPMIno.LENGTH5000.SOCPOSall	-0.3520624184631832	-0.2029977251038152	1	5000	5000	254	blik	NA	NA	bound	384	lex	3_3	no	all	4_4	0.2086765914401737	BOW	all_5000	c2	0
blik.BOWbound3lex.PPMIno.LENGTHFOC.SOCPOSnav	-0.23488010204371534	0.015163256249871979	1	FOC	277	254	blik	NA	NA	bound	384	lex	3_3	no	nav	4_4	0.2534719363690203	BOW	nav_FOC	c1	0
blik.BOWbound3lex.PPMIno.LENGTHFOC.SOCPOSall	-0.23555490247868208	0.01256448613507924	1	FOC	384	254	blik	NA	NA	bound	384	lex	3_3	no	all	4_4	0.2525968230042303	BOW	all_FOC	c1	0
blik.BOWbound3all.PPMIweight.LENGTH5000.SOCPOSnav	0.10105854837272425	-0.050414763143156884	1	5000	5000	276	blik	NA	NA	bound	350	all	3_3	weight	nav	4_4	0.19016256703678527	BOW	nav_5000	c4	0
blik.BOWbound3all.PPMIweight.LENGTH5000.SOCPOSall	0.210318087283138	-0.04918881235656543	1	5000	5000	276	blik	NA	NA	bound	350	all	3_3	weight	all	4_4	0.19738776641949587	BOW	all_5000	c6	0
blik.BOWbound3all.PPMIweight.LENGTHFOC.SOCPOSnav	0.002039851474164688	-0.06499954148916323	1	FOC	186	276	blik	NA	NA	bound	350	all	3_3	weight	nav	4_4	0.23325020805357463	BOW	nav_FOC	c4	0
blik.BOWbound3all.PPMIweight.LENGTHFOC.SOCPOSall	0.004808973783541307	-0.06496684583924678	1	FOC	350	276	blik	NA	NA	bound	350	all	3_3	weight	all	4_4	0.21815717671771598	BOW	all_FOC	c4	0
blik.BOWbound3all.PPMIselection.LENGTH5000.SOCPOSnav	0.24268259815864687	0.026260125408411522	1	5000	5000	276	blik	NA	NA	bound	350	all	3_3	selection	nav	4_4	0.19716914581726655	BOW	nav_5000	c7	0
blik.BOWbound3all.PPMIselection.LENGTH5000.SOCPOSall	0.3329451589659074	0.07132201135227562	1	5000	5000	276	blik	NA	NA	bound	350	all	3_3	selection	all	4_4	0.1927029165777332	BOW	all_5000	c6	0
blik.BOWbound3all.PPMIselection.LENGTHFOC.SOCPOSnav	0.08775251076524095	0.01834176508912837	1	FOC	186	276	blik	NA	NA	bound	350	all	3_3	selection	nav	4_4	0.21619264099587793	BOW	nav_FOC	c5	0
blik.BOWbound3all.PPMIselection.LENGTHFOC.SOCPOSall	0.09724001110539156	0.025355148535777538	1	FOC	350	276	blik	NA	NA	bound	350	all	3_3	selection	all	4_4	0.20876911713308835	BOW	all_FOC	c5	0
blik.BOWbound3all.PPMIno.LENGTH5000.SOCPOSnav	0.20887608262368915	0.04712589361186987	1	5000	5000	276	blik	NA	NA	bound	519	all	3_3	no	nav	4_4	0.21993790833520532	BOW	nav_5000	c7	0
blik.BOWbound3all.PPMIno.LENGTH5000.SOCPOSall	0.30702678681781764	0.09401825725403228	1	5000	5000	276	blik	NA	NA	bound	519	all	3_3	no	all	4_4	0.20559447915591045	BOW	all_5000	c6	0
blik.BOWbound3all.PPMIno.LENGTHFOC.SOCPOSnav	0.06279323931120563	0.053676702669499234	1	FOC	277	276	blik	NA	NA	bound	519	all	3_3	no	nav	4_4	0.24564019663787068	BOW	nav_FOC	c7	0
blik.BOWbound3all.PPMIno.LENGTHFOC.SOCPOSall	0.06554783546333463	0.07177480701338557	1	FOC	519	276	blik	NA	NA	bound	519	all	3_3	no	all	4_4	0.22315252684983375	BOW	all_FOC	c5	0
blik.BOWnobound10lex.PPMIweight.LENGTH5000.SOCPOSnav	-0.20345141911443382	0.0030935145779712007	1	5000	5000	269	blik	NA	NA	nobound	613	lex	10_10	weight	nav	4_4	0.1981160690368932	BOW	nav_5000	c1	0
blik.BOWnobound10lex.PPMIweight.LENGTH5000.SOCPOSall	-0.19857244994631532	-0.22859431041359304	1	5000	5000	269	blik	NA	NA	nobound	613	lex	10_10	weight	all	4_4	0.24400419673262216	BOW	all_5000	c2	0
blik.BOWnobound10lex.PPMIweight.LENGTHFOC.SOCPOSnav	-0.18826959762735612	0.008548200230210063	1	FOC	429	269	blik	NA	NA	nobound	613	lex	10_10	weight	nav	4_4	0.23542618216339978	BOW	nav_FOC	c1	0
blik.BOWnobound10lex.PPMIweight.LENGTHFOC.SOCPOSall	-0.18442889624567851	0.005458673124456474	1	FOC	613	269	blik	NA	NA	nobound	613	lex	10_10	weight	all	4_4	0.2320603654783227	BOW	all_FOC	c1	0
blik.BOWnobound10lex.PPMIselection.LENGTH5000.SOCPOSnav	-0.2115382076293184	0.11406047211118389	1	5000	5000	269	blik	NA	NA	nobound	613	lex	10_10	selection	nav	4_4	0.21708199113705537	BOW	nav_5000	c3	0
blik.BOWnobound10lex.PPMIselection.LENGTH5000.SOCPOSall	-0.22302342750625717	-0.26153569026390866	1	5000	5000	269	blik	NA	NA	nobound	613	lex	10_10	selection	all	4_4	0.22051077373811265	BOW	all_5000	c2	0
blik.BOWnobound10lex.PPMIselection.LENGTHFOC.SOCPOSnav	-0.23209152740194347	0.12150647206715309	1	FOC	429	269	blik	NA	NA	nobound	613	lex	10_10	selection	nav	4_4	0.23261239204576406	BOW	nav_FOC	c1	0
blik.BOWnobound10lex.PPMIselection.LENGTHFOC.SOCPOSall	-0.21726370897341565	0.10685670552159274	1	FOC	613	269	blik	NA	NA	nobound	613	lex	10_10	selection	all	4_4	0.2402737488025907	BOW	all_FOC	c1	0
blik.BOWnobound10lex.PPMIno.LENGTH5000.SOCPOSnav	-0.27067462516958757	0.23630370885335056	1	5000	5000	276	blik	NA	NA	nobound	1242	lex	10_10	no	nav	4_4	0.22744859358589298	BOW	nav_5000	c3	0
blik.BOWnobound10lex.PPMIno.LENGTH5000.SOCPOSall	-0.5924060133120741	0.17921070190853594	1	5000	5000	276	blik	NA	NA	nobound	1242	lex	10_10	no	all	4_4	0.19264263411422827	BOW	all_5000	c3	0
blik.BOWnobound10lex.PPMIno.LENGTHFOC.SOCPOSnav	-0.29293783287703096	0.24070424479748437	1	FOC	905	276	blik	NA	NA	nobound	1242	lex	10_10	no	nav	4_4	0.20499452984105263	BOW	nav_FOC	c3	0
blik.BOWnobound10lex.PPMIno.LENGTHFOC.SOCPOSall	-0.2835451347182601	0.22833835659387802	1	FOC	1242	276	blik	NA	NA	nobound	1242	lex	10_10	no	all	4_4	0.2111603924972446	BOW	all_FOC	c3	1
blik.BOWnobound10all.PPMIweight.LENGTH5000.SOCPOSnav	-0.02726025996582915	-0.04232697543365331	1	5000	5000	276	blik	NA	NA	nobound	746	all	10_10	weight	nav	4_4	0.18493761150969548	BOW	nav_5000	c4	0
blik.BOWnobound10all.PPMIweight.LENGTH5000.SOCPOSall	0.018514165875349067	-0.15124307943652812	1	5000	5000	276	blik	NA	NA	nobound	746	all	10_10	weight	all	4_4	0.19693348280066156	BOW	all_5000	c4	0
blik.BOWnobound10all.PPMIweight.LENGTHFOC.SOCPOSnav	-0.06194596039605823	-0.0033999953471994413	1	FOC	429	276	blik	NA	NA	nobound	746	all	10_10	weight	nav	4_4	0.2150412775110687	BOW	nav_FOC	c4	0
blik.BOWnobound10all.PPMIweight.LENGTHFOC.SOCPOSall	-0.06530386563275961	-0.01079740590232311	1	FOC	746	276	blik	NA	NA	nobound	746	all	10_10	weight	all	4_4	0.204108459165334	BOW	all_FOC	c4	0
blik.BOWnobound10all.PPMIselection.LENGTH5000.SOCPOSnav	0.07376273391679862	0.18737157603925636	1	5000	5000	276	blik	NA	NA	nobound	746	all	10_10	selection	nav	4_4	0.2111292115519542	BOW	nav_5000	c5	0
blik.BOWnobound10all.PPMIselection.LENGTH5000.SOCPOSall	0.22928098878934883	0.27758817072712977	1	5000	5000	276	blik	NA	NA	nobound	746	all	10_10	selection	all	4_4	0.21429403418203943	BOW	all_5000	c6	0
blik.BOWnobound10all.PPMIselection.LENGTHFOC.SOCPOSnav	-0.035935377762262	0.1600724805514609	1	FOC	429	276	blik	NA	NA	nobound	746	all	10_10	selection	nav	4_4	0.2122868522518234	BOW	nav_FOC	c5	0
blik.BOWnobound10all.PPMIselection.LENGTHFOC.SOCPOSall	-0.0443709105019904	0.15974243766976895	1	FOC	746	276	blik	NA	NA	nobound	746	all	10_10	selection	all	4_4	0.209284632297836	BOW	all_FOC	c5	0
blik.BOWnobound10all.PPMIno.LENGTH5000.SOCPOSnav	-0.022461875447890266	0.27163458158558407	1	5000	5000	276	blik	NA	NA	nobound	1645	all	10_10	no	nav	4_4	0.2111414525118088	BOW	nav_5000	c3	0
blik.BOWnobound10all.PPMIno.LENGTH5000.SOCPOSall	0.004803237744458522	0.5084040529731638	1	5000	5000	276	blik	NA	NA	nobound	1645	all	10_10	no	all	4_4	0.23631668291951907	BOW	all_5000	c6	0
blik.BOWnobound10all.PPMIno.LENGTHFOC.SOCPOSnav	-0.09734561860876687	0.2800193463280239	1	FOC	905	276	blik	NA	NA	nobound	1645	all	10_10	no	nav	4_4	0.20995881573200906	BOW	nav_FOC	c3	0
blik.BOWnobound10all.PPMIno.LENGTHFOC.SOCPOSall	-0.11135603780421875	0.3193056735710378	1	FOC	1645	276	blik	NA	NA	nobound	1645	all	10_10	no	all	4_4	0.20129600912468743	BOW	all_FOC	c3	0
blik.BOWnobound5lex.PPMIweight.LENGTH5000.SOCPOSnav	-0.2002645756669198	-0.02259088426962714	1	5000	5000	262	blik	NA	NA	nobound	411	lex	5_5	weight	nav	4_4	0.20696670552510973	BOW	nav_5000	c1	0
blik.BOWnobound5lex.PPMIweight.LENGTH5000.SOCPOSall	-0.21612617414610966	-0.22654214526708613	1	5000	5000	262	blik	NA	NA	nobound	411	lex	5_5	weight	all	4_4	0.2513196490996357	BOW	all_5000	c2	0
blik.BOWnobound5lex.PPMIweight.LENGTHFOC.SOCPOSnav	-0.2004047161995337	-0.017928417661428088	1	FOC	284	262	blik	NA	NA	nobound	411	lex	5_5	weight	nav	4_4	0.25097295741582487	BOW	nav_FOC	c1	0
blik.BOWnobound5lex.PPMIweight.LENGTHFOC.SOCPOSall	-0.19366221160414654	-0.01960444627979894	1	FOC	411	262	blik	NA	NA	nobound	411	lex	5_5	weight	all	4_4	0.23979086938074073	BOW	all_FOC	c1	0
blik.BOWnobound5lex.PPMIselection.LENGTH5000.SOCPOSnav	-0.20832125918064898	0.03979650030435291	1	5000	5000	262	blik	NA	NA	nobound	411	lex	5_5	selection	nav	4_4	0.22585136263850622	BOW	nav_5000	c1	0
blik.BOWnobound5lex.PPMIselection.LENGTH5000.SOCPOSall	-0.25580635837067456	-0.20981622892409846	1	5000	5000	262	blik	NA	NA	nobound	411	lex	5_5	selection	all	4_4	0.2294311438080739	BOW	all_5000	c2	0
blik.BOWnobound5lex.PPMIselection.LENGTHFOC.SOCPOSnav	-0.21233303313322835	0.03326736559289394	1	FOC	284	262	blik	NA	NA	nobound	411	lex	5_5	selection	nav	4_4	0.24028917430022154	BOW	nav_FOC	c1	0
blik.BOWnobound5lex.PPMIselection.LENGTHFOC.SOCPOSall	-0.20344704746811224	0.026910470927177275	1	FOC	411	262	blik	NA	NA	nobound	411	lex	5_5	selection	all	4_4	0.24501623741443626	BOW	all_FOC	c1	0
blik.BOWnobound5lex.PPMIno.LENGTH5000.SOCPOSnav	-0.25120080805202943	0.11839964388797941	1	5000	5000	276	blik	NA	NA	nobound	657	lex	5_5	no	nav	4_4	0.24312046516554736	BOW	nav_5000	c1	0
blik.BOWnobound5lex.PPMIno.LENGTH5000.SOCPOSall	-0.4359694554012618	-0.13351937507675793	1	5000	5000	276	blik	NA	NA	nobound	657	lex	5_5	no	all	4_4	0.20037706468220712	BOW	all_5000	c2	0
blik.BOWnobound5lex.PPMIno.LENGTHFOC.SOCPOSnav	-0.2467709184203031	0.09761448062881263	1	FOC	472	276	blik	NA	NA	nobound	657	lex	5_5	no	nav	4_4	0.23567267048005636	BOW	nav_FOC	c1	0
blik.BOWnobound5lex.PPMIno.LENGTHFOC.SOCPOSall	-0.2459122999961389	0.09338494699184141	1	FOC	657	276	blik	NA	NA	nobound	657	lex	5_5	no	all	4_4	0.23204871636871643	BOW	all_FOC	c1	0
blik.BOWnobound5all.PPMIweight.LENGTH5000.SOCPOSnav	0.029748919589459275	-0.031002619838943746	1	5000	5000	276	blik	NA	NA	nobound	518	all	5_5	weight	nav	4_4	0.19055701905843256	BOW	nav_5000	c4	0
blik.BOWnobound5all.PPMIweight.LENGTH5000.SOCPOSall	0.08312919647858988	-0.10565824869029115	1	5000	5000	276	blik	NA	NA	nobound	518	all	5_5	weight	all	4_4	0.19950538204995702	BOW	all_5000	c4	0
blik.BOWnobound5all.PPMIweight.LENGTHFOC.SOCPOSnav	-0.03329065638229417	-0.016069523668322285	1	FOC	284	276	blik	NA	NA	nobound	518	all	5_5	weight	nav	4_4	0.22610860003261712	BOW	nav_FOC	c4	0
blik.BOWnobound5all.PPMIweight.LENGTHFOC.SOCPOSall	-0.035877409620688736	-0.023807756094392427	1	FOC	518	276	blik	NA	NA	nobound	518	all	5_5	weight	all	4_4	0.21551034249256648	BOW	all_FOC	c4	0
blik.BOWnobound5all.PPMIselection.LENGTH5000.SOCPOSnav	0.17618270587400822	0.08847115253703289	1	5000	5000	276	blik	NA	NA	nobound	518	all	5_5	selection	nav	4_4	0.20507989260857248	BOW	nav_5000	c5	0
blik.BOWnobound5all.PPMIselection.LENGTH5000.SOCPOSall	0.27519170944859533	0.1448376342565558	1	5000	5000	276	blik	NA	NA	nobound	518	all	5_5	selection	all	4_4	0.202116178312315	BOW	all_5000	c6	0
blik.BOWnobound5all.PPMIselection.LENGTHFOC.SOCPOSnav	0.036691530460614345	0.07378532975525076	1	FOC	284	276	blik	NA	NA	nobound	518	all	5_5	selection	nav	4_4	0.21634081738434616	BOW	nav_FOC	c5	0
blik.BOWnobound5all.PPMIselection.LENGTHFOC.SOCPOSall	0.03725856200820145	0.07500664584474809	1	FOC	518	276	blik	NA	NA	nobound	518	all	5_5	selection	all	4_4	0.20956840352816297	BOW	all_FOC	c5	0
blik.BOWnobound5all.PPMIno.LENGTH5000.SOCPOSnav	0.11518888997209341	0.12964024998470627	1	5000	5000	276	blik	NA	NA	nobound	868	all	5_5	no	nav	4_4	0.22144467890847006	BOW	nav_5000	c5	0
blik.BOWnobound5all.PPMIno.LENGTH5000.SOCPOSall	0.2187941513499115	0.22139063445189947	1	5000	5000	276	blik	NA	NA	nobound	868	all	5_5	no	all	4_4	0.22073232718319089	BOW	all_5000	c6	0
blik.BOWnobound5all.PPMIno.LENGTHFOC.SOCPOSnav	0.006386457493295093	0.14522788273392798	1	FOC	472	276	blik	NA	NA	nobound	868	all	5_5	no	nav	4_4	0.22046092703791945	BOW	nav_FOC	c5	0
blik.BOWnobound5all.PPMIno.LENGTHFOC.SOCPOSall	-0.0013860135041551776	0.16658064117773133	1	FOC	868	276	blik	NA	NA	nobound	868	all	5_5	no	all	4_4	0.20208237116833994	BOW	all_FOC	c5	0
blik.BOWnobound3lex.PPMIweight.LENGTH5000.SOCPOSnav	-0.22191578246000215	-0.05125224662086008	1	5000	5000	238	blik	NA	NA	nobound	279	lex	3_3	weight	nav	4_4	0.2133140401131423	BOW	nav_5000	c1	0
blik.BOWnobound3lex.PPMIweight.LENGTH5000.SOCPOSall	-0.2339102161622335	-0.22955709433827948	1	5000	5000	238	blik	NA	NA	nobound	279	lex	3_3	weight	all	4_4	0.2596768963453005	BOW	all_5000	c2	0
blik.BOWnobound3lex.PPMIweight.LENGTHFOC.SOCPOSnav	-0.20087091629033582	-0.055662611693667215	1	FOC	193	238	blik	NA	NA	nobound	279	lex	3_3	weight	nav	4_4	0.27107821712671387	BOW	nav_FOC	c1	0
blik.BOWnobound3lex.PPMIweight.LENGTHFOC.SOCPOSall	-0.1919379368748707	-0.056550419880720744	1	FOC	279	238	blik	NA	NA	nobound	279	lex	3_3	weight	all	4_4	0.2583673546342075	BOW	all_FOC	c1	0
blik.BOWnobound3lex.PPMIselection.LENGTH5000.SOCPOSnav	-0.22606681066315124	-0.03698161362316416	1	5000	5000	238	blik	NA	NA	nobound	279	lex	3_3	selection	nav	4_4	0.2186071303352609	BOW	nav_5000	c1	0
blik.BOWnobound3lex.PPMIselection.LENGTH5000.SOCPOSall	-0.2512076668868806	-0.226650676668302	1	5000	5000	238	blik	NA	NA	nobound	279	lex	3_3	selection	all	4_4	0.2419722922832921	BOW	all_5000	c2	0
blik.BOWnobound3lex.PPMIselection.LENGTHFOC.SOCPOSnav	-0.2004677087257085	-0.04240876579980751	1	FOC	193	238	blik	NA	NA	nobound	279	lex	3_3	selection	nav	4_4	0.2616878408339234	BOW	nav_FOC	c1	0
blik.BOWnobound3lex.PPMIselection.LENGTHFOC.SOCPOSall	-0.19659210262057802	-0.04777741283030708	1	FOC	279	238	blik	NA	NA	nobound	279	lex	3_3	selection	all	4_4	0.2580905989606125	BOW	all_FOC	c1	0
blik.BOWnobound3lex.PPMIno.LENGTH5000.SOCPOSnav	-0.2746233976786159	0.04354706388294291	1	5000	5000	260	blik	NA	NA	nobound	402	lex	3_3	no	nav	4_4	0.23182181629085777	BOW	nav_5000	c1	0
blik.BOWnobound3lex.PPMIno.LENGTH5000.SOCPOSall	-0.3674595327715722	-0.20502742316642408	1	5000	5000	260	blik	NA	NA	nobound	402	lex	3_3	no	all	4_4	0.2112710350912633	BOW	all_5000	c2	0
blik.BOWnobound3lex.PPMIno.LENGTHFOC.SOCPOSnav	-0.2506368449737735	0.0168728405545293	1	FOC	289	260	blik	NA	NA	nobound	402	lex	3_3	no	nav	4_4	0.25510714994352224	BOW	nav_FOC	c1	0
blik.BOWnobound3lex.PPMIno.LENGTHFOC.SOCPOSall	-0.25220716428498513	0.01423439036021136	1	FOC	402	260	blik	NA	NA	nobound	402	lex	3_3	no	all	4_4	0.25237009323443915	BOW	all_FOC	c1	0
blik.BOWnobound3all.PPMIweight.LENGTH5000.SOCPOSnav	0.09061258404074163	-0.05246436823925619	1	5000	5000	276	blik	NA	NA	nobound	365	all	3_3	weight	nav	4_4	0.19009705502003932	BOW	nav_5000	c4	0
blik.BOWnobound3all.PPMIweight.LENGTH5000.SOCPOSall	0.2076612746855858	-0.0599409757791266	1	5000	5000	276	blik	NA	NA	nobound	365	all	3_3	weight	all	4_4	0.19507476202847507	BOW	all_5000	c6	0
blik.BOWnobound3all.PPMIweight.LENGTHFOC.SOCPOSnav	-0.007821325202752591	-0.060875332650884774	1	FOC	193	276	blik	NA	NA	nobound	365	all	3_3	weight	nav	4_4	0.2395482704524252	BOW	nav_FOC	c4	0
blik.BOWnobound3all.PPMIweight.LENGTHFOC.SOCPOSall	-0.007515796878533489	-0.06528422121475108	1	FOC	365	276	blik	NA	NA	nobound	365	all	3_3	weight	all	4_4	0.22051637074555666	BOW	all_FOC	c4	0
blik.BOWnobound3all.PPMIselection.LENGTH5000.SOCPOSnav	0.23755526524466763	0.031096606471347397	1	5000	5000	276	blik	NA	NA	nobound	365	all	3_3	selection	nav	4_4	0.20239632414929581	BOW	nav_5000	c7	0
blik.BOWnobound3all.PPMIselection.LENGTH5000.SOCPOSall	0.331428948317357	0.07390439104741665	1	5000	5000	276	blik	NA	NA	nobound	365	all	3_3	selection	all	4_4	0.19370904869280245	BOW	all_5000	c6	0
blik.BOWnobound3all.PPMIselection.LENGTHFOC.SOCPOSnav	0.07620452255909328	0.019051589973826926	1	FOC	193	276	blik	NA	NA	nobound	365	all	3_3	selection	nav	4_4	0.22779729432313123	BOW	nav_FOC	c5	0
blik.BOWnobound3all.PPMIselection.LENGTHFOC.SOCPOSall	0.0835670695590027	0.025859018573596352	1	FOC	365	276	blik	NA	NA	nobound	365	all	3_3	selection	all	4_4	0.21608464802802949	BOW	all_FOC	c5	0
blik.BOWnobound3all.PPMIno.LENGTH5000.SOCPOSnav	0.20508295799302378	0.053557483552510665	1	5000	5000	276	blik	NA	NA	nobound	543	all	3_3	no	nav	4_4	0.22380243753870754	BOW	nav_5000	c7	0
blik.BOWnobound3all.PPMIno.LENGTH5000.SOCPOSall	0.3045575910012998	0.09949566209462483	1	5000	5000	276	blik	NA	NA	nobound	543	all	3_3	no	all	4_4	0.2093504176719195	BOW	all_5000	c6	0
blik.BOWnobound3all.PPMIno.LENGTHFOC.SOCPOSnav	0.05760163016216055	0.06712492308583241	1	FOC	289	276	blik	NA	NA	nobound	543	all	3_3	no	nav	4_4	0.24931246800609555	BOW	nav_FOC	c7	0
blik.BOWnobound3all.PPMIno.LENGTHFOC.SOCPOSall	0.058610735721017576	0.08355209474994654	1	FOC	543	276	blik	NA	NA	nobound	543	all	3_3	no	all	4_4	0.22612015663602053	BOW	all_FOC	c5	0
blik.LEMMAPATHselection2.PPMIweight.LENGTH5000.SOCPOSnav	0.09363393863741129	-0.06944388122866477	1	5000	5000	276	blik	selection2	NA	bound	331	NA	NA	weight	nav	4_4	0.19428346499578505	LEMMAPATH	nav_5000	c7	0
blik.LEMMAPATHselection2.PPMIweight.LENGTH5000.SOCPOSall	0.1627596580991503	-0.12863952141864554	1	5000	5000	276	blik	selection2	NA	bound	331	NA	NA	weight	all	4_4	0.19400580084307079	LEMMAPATH	all_5000	c6	0
blik.LEMMAPATHselection2.PPMIweight.LENGTHFOC.SOCPOSnav	0.019279407091595587	-0.11202459562224067	1	FOC	186	276	blik	selection2	NA	bound	331	NA	NA	weight	nav	4_4	0.23369955488400282	LEMMAPATH	nav_FOC	c4	0
blik.LEMMAPATHselection2.PPMIweight.LENGTHFOC.SOCPOSall	0.017745336144221593	-0.10631136850470409	1	FOC	331	276	blik	selection2	NA	bound	331	NA	NA	weight	all	4_4	0.22045587535001612	LEMMAPATH	all_FOC	c4	0
blik.LEMMAPATHselection2.PPMIselection.LENGTH5000.SOCPOSnav	0.2505292854284638	-0.02583025715102179	1	5000	5000	276	blik	selection2	NA	bound	331	NA	NA	selection	nav	4_4	0.19722383325846177	LEMMAPATH	nav_5000	c7	0
blik.LEMMAPATHselection2.PPMIselection.LENGTH5000.SOCPOSall	0.304568647939163	0.018154279378375906	1	5000	5000	276	blik	selection2	NA	bound	331	NA	NA	selection	all	4_4	0.18947163383823276	LEMMAPATH	all_5000	c6	0
blik.LEMMAPATHselection2.PPMIselection.LENGTHFOC.SOCPOSnav	0.10572073229256543	-0.02871509598848523	1	FOC	186	276	blik	selection2	NA	bound	331	NA	NA	selection	nav	4_4	0.2301861601963929	LEMMAPATH	nav_FOC	c7	0
blik.LEMMAPATHselection2.PPMIselection.LENGTHFOC.SOCPOSall	0.10017667480482582	-0.02890243877317534	1	FOC	331	276	blik	selection2	NA	bound	331	NA	NA	selection	all	4_4	0.2329889164933776	LEMMAPATH	all_FOC	c7	0
blik.LEMMAPATHselection2.PPMIno.LENGTH5000.SOCPOSnav	0.22412885565504923	-0.012922839745069366	1	5000	5000	276	blik	selection2	NA	bound	558	NA	NA	no	nav	4_4	0.18693705374045677	LEMMAPATH	nav_5000	c7	0
blik.LEMMAPATHselection2.PPMIno.LENGTH5000.SOCPOSall	0.28681321983651775	0.051039254122181694	1	5000	5000	276	blik	selection2	NA	bound	558	NA	NA	no	all	4_4	0.21502557666451125	LEMMAPATH	all_5000	c6	0
blik.LEMMAPATHselection2.PPMIno.LENGTHFOC.SOCPOSnav	0.10292132968251706	-4.194728166429765e-4	1	FOC	318	276	blik	selection2	NA	bound	558	NA	NA	no	nav	4_4	0.23471261215391698	LEMMAPATH	nav_FOC	c7	0
blik.LEMMAPATHselection2.PPMIno.LENGTHFOC.SOCPOSall	0.09417056045539725	-1.3569187295500712e-4	1	FOC	558	276	blik	selection2	NA	bound	558	NA	NA	no	all	4_4	0.23633497870680947	LEMMAPATH	all_FOC	c7	0
blik.LEMMAPATHselection3.PPMIweight.LENGTH5000.SOCPOSnav	0.050918767857025385	-0.059478071096828254	1	5000	5000	276	blik	selection3	NA	bound	454	NA	NA	weight	nav	4_4	0.19204626148704784	LEMMAPATH	nav_5000	c4	0
blik.LEMMAPATHselection3.PPMIweight.LENGTH5000.SOCPOSall	0.11752753186730201	-0.14592580280306872	1	5000	5000	276	blik	selection3	NA	bound	454	NA	NA	weight	all	4_4	0.19825053257540884	LEMMAPATH	all_5000	c6	0
blik.LEMMAPATHselection3.PPMIweight.LENGTHFOC.SOCPOSnav	-0.01852620250922802	-0.06808554101896368	1	FOC	256	276	blik	selection3	NA	bound	454	NA	NA	weight	nav	4_4	0.21868908085686975	LEMMAPATH	nav_FOC	c4	0
blik.LEMMAPATHselection3.PPMIweight.LENGTHFOC.SOCPOSall	-0.018878824661731682	-0.06703963732114056	1	FOC	454	276	blik	selection3	NA	bound	454	NA	NA	weight	all	4_4	0.20743510595506312	LEMMAPATH	all_FOC	c4	0
blik.LEMMAPATHselection3.PPMIselection.LENGTH5000.SOCPOSnav	0.1713020621906016	0.03486368081126356	1	5000	5000	276	blik	selection3	NA	bound	454	NA	NA	selection	nav	4_4	0.20531270071481422	LEMMAPATH	nav_5000	c7	0
blik.LEMMAPATHselection3.PPMIselection.LENGTH5000.SOCPOSall	0.2594922774718539	0.09304935696739344	1	5000	5000	276	blik	selection3	NA	bound	454	NA	NA	selection	all	4_4	0.2121772820018395	LEMMAPATH	all_5000	c6	0
blik.LEMMAPATHselection3.PPMIselection.LENGTHFOC.SOCPOSnav	0.061087128022329094	0.02804698405829085	1	FOC	256	276	blik	selection3	NA	bound	454	NA	NA	selection	nav	4_4	0.22506352491462359	LEMMAPATH	nav_FOC	c7	0
blik.LEMMAPATHselection3.PPMIselection.LENGTHFOC.SOCPOSall	0.055104286048745225	0.025114677573561905	1	FOC	454	276	blik	selection3	NA	bound	454	NA	NA	selection	all	4_4	0.22159431299203672	LEMMAPATH	all_FOC	c7	0
blik.LEMMAPATHselection3.PPMIno.LENGTH5000.SOCPOSnav	0.12966272028769565	0.08755870184203242	1	5000	5000	276	blik	selection3	NA	bound	836	NA	NA	no	nav	4_4	0.22038818941758082	LEMMAPATH	nav_5000	c7	0
blik.LEMMAPATHselection3.PPMIno.LENGTH5000.SOCPOSall	0.20807614407847605	0.17557298709214617	1	5000	5000	276	blik	selection3	NA	bound	836	NA	NA	no	all	4_4	0.2340789702245796	LEMMAPATH	all_5000	c6	0
blik.LEMMAPATHselection3.PPMIno.LENGTHFOC.SOCPOSnav	0.028483897037402523	0.10327316551799803	1	FOC	469	276	blik	selection3	NA	bound	836	NA	NA	no	nav	4_4	0.25264521680922936	LEMMAPATH	nav_FOC	c7	0
blik.LEMMAPATHselection3.PPMIno.LENGTHFOC.SOCPOSall	0.018643268642509547	0.11527135850285274	1	FOC	836	276	blik	selection3	NA	bound	836	NA	NA	no	all	4_4	0.23683012374661946	LEMMAPATH	all_FOC	c7	0
blik.LEMMAPATHweight.PPMIselection.LENGTH5000.SOCPOSnav	0.2522763665714407	-0.02697746883152777	1	5000	5000	276	blik	weight	NA	bound	454	NA	NA	selection	nav	4_4	0.18796118409675172	LEMMAPATH	nav_5000	c7	0
blik.LEMMAPATHweight.PPMIselection.LENGTH5000.SOCPOSall	0.27142890797204244	0.014199927814407407	1	5000	5000	276	blik	weight	NA	bound	454	NA	NA	selection	all	4_4	0.20529835203798966	LEMMAPATH	all_5000	c6	1
blik.LEMMAPATHweight.PPMIselection.LENGTHFOC.SOCPOSnav	0.13133197902473323	-0.013306202420372634	1	FOC	256	276	blik	weight	NA	bound	454	NA	NA	selection	nav	4_4	0.23143459534097693	LEMMAPATH	nav_FOC	c7	0
blik.LEMMAPATHweight.PPMIselection.LENGTHFOC.SOCPOSall	0.12357765100073519	-0.013544835594025134	1	FOC	454	276	blik	weight	NA	bound	454	NA	NA	selection	all	4_4	0.23287361849744956	LEMMAPATH	all_FOC	c7	0
blik.LEMMAPATHweight.PPMIno.LENGTH5000.SOCPOSnav	0.2171178323004706	-0.012133011517131165	1	5000	5000	276	blik	weight	NA	bound	836	NA	NA	no	nav	4_4	0.1816892174761888	LEMMAPATH	nav_5000	c7	0
blik.LEMMAPATHweight.PPMIno.LENGTH5000.SOCPOSall	0.2518782246648418	0.030817494322884716	1	5000	5000	276	blik	weight	NA	bound	836	NA	NA	no	all	4_4	0.22892758050056342	LEMMAPATH	all_5000	c6	0
blik.LEMMAPATHweight.PPMIno.LENGTHFOC.SOCPOSnav	0.11964806095622318	0.0038517027129110837	1	FOC	469	276	blik	weight	NA	bound	836	NA	NA	no	nav	4_4	0.22995394168334257	LEMMAPATH	nav_FOC	c7	1
blik.LEMMAPATHweight.PPMIno.LENGTHFOC.SOCPOSall	0.10719617296259575	0.0062818603261471165	1	FOC	836	276	blik	weight	NA	bound	836	NA	NA	no	all	4_4	0.2328562285685216	LEMMAPATH	all_FOC	c7	0
blik.LEMMAREL1.PPMIweight.LENGTH5000.SOCPOSnav	0.1920933619487079	-0.12247784499348086	1	5000	5000	266	blik	NA	group1	bound	150	NA	NA	weight	nav	4_4	0.18688110538588562	LEMMAREL	nav_5000	c8	0
blik.LEMMAREL1.PPMIweight.LENGTH5000.SOCPOSall	0.2095398111754003	-0.14665553745367063	1	5000	5000	266	blik	NA	group1	bound	150	NA	NA	weight	all	4_4	0.19662801290462237	LEMMAREL	all_5000	c8	0
blik.LEMMAREL1.PPMIweight.LENGTHFOC.SOCPOSnav	0.1417642095517252	-0.21110503101041928	1	FOC	81	266	blik	NA	group1	bound	150	NA	NA	weight	nav	4_4	0.23969552090779173	LEMMAREL	nav_FOC	c8	0
blik.LEMMAREL1.PPMIweight.LENGTHFOC.SOCPOSall	0.1480960854648084	-0.19686269962335162	1	FOC	150	266	blik	NA	group1	bound	150	NA	NA	weight	all	4_4	0.22193205612403968	LEMMAREL	all_FOC	c8	0
blik.LEMMAREL1.PPMIselection.LENGTH5000.SOCPOSnav	0.32435439190416687	-0.10650794808787148	1	5000	5000	266	blik	NA	group1	bound	150	NA	NA	selection	nav	4_4	0.14947061003291487	LEMMAREL	nav_5000	c8	0
blik.LEMMAREL1.PPMIselection.LENGTH5000.SOCPOSall	0.28781030270789004	-0.07664562831199023	1	5000	5000	266	blik	NA	group1	bound	150	NA	NA	selection	all	4_4	0.2007911212072677	LEMMAREL	all_5000	c6	0
blik.LEMMAREL1.PPMIselection.LENGTHFOC.SOCPOSnav	0.1986274597076533	-0.15135476814926754	1	FOC	81	266	blik	NA	group1	bound	150	NA	NA	selection	nav	4_4	0.21926963812285324	LEMMAREL	nav_FOC	c8	0
blik.LEMMAREL1.PPMIselection.LENGTHFOC.SOCPOSall	0.2214230130975961	-0.14809878930095002	1	FOC	150	266	blik	NA	group1	bound	150	NA	NA	selection	all	4_4	0.1935328257565519	LEMMAREL	all_FOC	c8	0
blik.LEMMAREL1.PPMIno.LENGTH5000.SOCPOSnav	0.3168060180371079	-0.11432996205421873	1	5000	5000	270	blik	NA	group1	bound	196	NA	NA	no	nav	4_4	0.15254924720710702	LEMMAREL	nav_5000	c8	0
blik.LEMMAREL1.PPMIno.LENGTH5000.SOCPOSall	0.29366683395526694	-0.07206033426138735	1	5000	5000	270	blik	NA	group1	bound	196	NA	NA	no	all	4_4	0.20556784441189696	LEMMAREL	all_5000	c6	0
blik.LEMMAREL1.PPMIno.LENGTHFOC.SOCPOSnav	0.20109939057763146	-0.17799457585716516	1	FOC	106	270	blik	NA	group1	bound	196	NA	NA	no	nav	4_4	0.2206261593565992	LEMMAREL	nav_FOC	c8	0
blik.LEMMAREL1.PPMIno.LENGTHFOC.SOCPOSall	0.20654071137807298	-0.16136887044695553	1	FOC	196	270	blik	NA	group1	bound	196	NA	NA	no	all	4_4	0.20889428120025696	LEMMAREL	all_FOC	c8	0
blik.LEMMAREL2.PPMIweight.LENGTH5000.SOCPOSnav	0.1293399530872875	-0.10775872410488006	1	5000	5000	274	blik	NA	group2	bound	242	NA	NA	weight	nav	4_4	0.19481103730977292	LEMMAREL	nav_5000	c8	0
blik.LEMMAREL2.PPMIweight.LENGTH5000.SOCPOSall	0.17793501836703496	-0.14910908337608983	1	5000	5000	274	blik	NA	group2	bound	242	NA	NA	weight	all	4_4	0.20439699308716658	LEMMAREL	all_5000	c8	0
blik.LEMMAREL2.PPMIweight.LENGTHFOC.SOCPOSnav	0.051751574910165944	-0.1509077996701157	1	FOC	142	274	blik	NA	group2	bound	242	NA	NA	weight	nav	4_4	0.2409498065499993	LEMMAREL	nav_FOC	c8	0
blik.LEMMAREL2.PPMIweight.LENGTHFOC.SOCPOSall	0.05461332368799029	-0.152498459286092	1	FOC	242	274	blik	NA	group2	bound	242	NA	NA	weight	all	4_4	0.22121681936816495	LEMMAREL	all_FOC	c8	0
blik.LEMMAREL2.PPMIselection.LENGTH5000.SOCPOSnav	0.30042077904032305	-0.09726871003911983	1	5000	5000	274	blik	NA	group2	bound	242	NA	NA	selection	nav	4_4	0.1481252175871136	LEMMAREL	nav_5000	c8	0
blik.LEMMAREL2.PPMIselection.LENGTH5000.SOCPOSall	0.2882027771216148	-0.06541328718459193	1	5000	5000	274	blik	NA	group2	bound	242	NA	NA	selection	all	4_4	0.20552116210501098	LEMMAREL	all_5000	c6	0
blik.LEMMAREL2.PPMIselection.LENGTHFOC.SOCPOSnav	0.15846478130726843	-0.10433420368052204	1	FOC	142	274	blik	NA	group2	bound	242	NA	NA	selection	nav	4_4	0.2154746676345363	LEMMAREL	nav_FOC	c8	0
blik.LEMMAREL2.PPMIselection.LENGTHFOC.SOCPOSall	0.16381088114590206	-0.09634999319072715	1	FOC	242	274	blik	NA	group2	bound	242	NA	NA	selection	all	4_4	0.20650162764621835	LEMMAREL	all_FOC	c8	1
blik.LEMMAREL2.PPMIno.LENGTH5000.SOCPOSnav	0.2787792152343565	-0.09620887732616715	1	5000	5000	276	blik	NA	group2	bound	353	NA	NA	no	nav	4_4	0.1513298693286715	LEMMAREL	nav_5000	c8	0
blik.LEMMAREL2.PPMIno.LENGTH5000.SOCPOSall	0.2793563091882515	-0.06186481037857456	1	5000	5000	276	blik	NA	group2	bound	353	NA	NA	no	all	4_4	0.20453247285095905	LEMMAREL	all_5000	c6	0
blik.LEMMAREL2.PPMIno.LENGTHFOC.SOCPOSnav	0.1532310400634496	-0.08862388134473564	1	FOC	222	276	blik	NA	group2	bound	353	NA	NA	no	nav	4_4	0.21516478529413374	LEMMAREL	nav_FOC	c8	0
blik.LEMMAREL2.PPMIno.LENGTHFOC.SOCPOSall	0.15597415677651147	-0.07988754245078446	1	FOC	353	276	blik	NA	group2	bound	353	NA	NA	no	all	4_4	0.20350741902619782	LEMMAREL	all_FOC	c8	0
blik.LEMMAREL3.PPMIweight.LENGTH5000.SOCPOSnav	0.12809748022468045	-0.10188315127134304	1	5000	5000	275	blik	NA	group3	bound	276	NA	NA	weight	nav	4_4	0.19025460496764685	LEMMAREL	nav_5000	c8	0
blik.LEMMAREL3.PPMIweight.LENGTH5000.SOCPOSall	0.1836581291359836	-0.14926558325215264	1	5000	5000	275	blik	NA	group3	bound	276	NA	NA	weight	all	4_4	0.2050003228553157	LEMMAREL	all_5000	c6	0
blik.LEMMAREL3.PPMIweight.LENGTHFOC.SOCPOSnav	0.058024058484423595	-0.13673013760371366	1	FOC	157	275	blik	NA	group3	bound	276	NA	NA	weight	nav	4_4	0.23969407688833516	LEMMAREL	nav_FOC	c8	0
blik.LEMMAREL3.PPMIweight.LENGTHFOC.SOCPOSall	0.05518682671478765	-0.13711962447227474	1	FOC	276	275	blik	NA	group3	bound	276	NA	NA	weight	all	4_4	0.22714299814572173	LEMMAREL	all_FOC	c8	0
blik.LEMMAREL3.PPMIselection.LENGTH5000.SOCPOSnav	0.29215672983659163	-0.08874362659333652	1	5000	5000	275	blik	NA	group3	bound	276	NA	NA	selection	nav	4_4	0.15996607883668965	LEMMAREL	nav_5000	c8	0
blik.LEMMAREL3.PPMIselection.LENGTH5000.SOCPOSall	0.30865076149918336	-0.05002170785720861	1	5000	5000	275	blik	NA	group3	bound	276	NA	NA	selection	all	4_4	0.21001303686812636	LEMMAREL	all_5000	c6	0
blik.LEMMAREL3.PPMIselection.LENGTHFOC.SOCPOSnav	0.1541561253532961	-0.08157781891874528	1	FOC	157	275	blik	NA	group3	bound	276	NA	NA	selection	nav	4_4	0.22983337078139285	LEMMAREL	nav_FOC	c8	0
blik.LEMMAREL3.PPMIselection.LENGTHFOC.SOCPOSall	0.15673243838572717	-0.07632598165013821	1	FOC	276	275	blik	NA	group3	bound	276	NA	NA	selection	all	4_4	0.21903145941910881	LEMMAREL	all_FOC	c8	0
blik.LEMMAREL3.PPMIno.LENGTH5000.SOCPOSnav	0.270778406201891	-0.08227783559932554	1	5000	5000	276	blik	NA	group3	bound	443	NA	NA	no	nav	4_4	0.16171591817989145	LEMMAREL	nav_5000	c8	0
blik.LEMMAREL3.PPMIno.LENGTH5000.SOCPOSall	0.30413749699269577	-0.03803574891972193	1	5000	5000	276	blik	NA	group3	bound	443	NA	NA	no	all	4_4	0.18980667275823834	LEMMAREL	all_5000	c6	0
blik.LEMMAREL3.PPMIno.LENGTHFOC.SOCPOSnav	0.14968309224446896	-0.06180357986613977	1	FOC	260	276	blik	NA	group3	bound	443	NA	NA	no	nav	4_4	0.21027243311210062	LEMMAREL	nav_FOC	c8	0
blik.LEMMAREL3.PPMIno.LENGTHFOC.SOCPOSall	0.14574335700473237	-0.05861932062726239	1	FOC	443	276	blik	NA	group3	bound	443	NA	NA	no	all	4_4	0.19920395746503178	LEMMAREL	all_FOC	c8	0
