_model	model.x	model.y	LEMMAPATH	LEMMAREL	foc_boundaries	foc_context_words	foc_foc_pos	foc_foc_win	foc_minimum_features	foc_ppmi	soc_length	soc_length_num	soc_soc_pos	soc_soc_win	tokens	type	stress	foc_base
diskwalificeren.BOWbound10lex.PPMIweight.LENGTH5000.SOCPOSnav	-1.1228003959765813	-0.160814311083372	NA	NA	bound	364	lex	10_10	1	weight	5000	5000	nav	4_4	227	diskwalificeren	0.14364361644464077	BOW
diskwalificeren.BOWbound10lex.PPMIweight.LENGTH5000.SOCPOSall	-1.1313120544384727	-0.29176185837679386	NA	NA	bound	364	lex	10_10	1	weight	5000	5000	all	4_4	227	diskwalificeren	0.12970717033307116	BOW
diskwalificeren.BOWbound10lex.PPMIweight.LENGTHFOC.SOCPOSnav	-0.9891224382826105	-0.36326909415747977	NA	NA	bound	364	lex	10_10	1	weight	FOC	254	nav	4_4	227	diskwalificeren	0.14090607163396376	BOW
diskwalificeren.BOWbound10lex.PPMIweight.LENGTHFOC.SOCPOSall	-0.9653952123267997	-0.3367886349699898	NA	NA	bound	364	lex	10_10	1	weight	FOC	364	all	4_4	227	diskwalificeren	0.14583189355296414	BOW
diskwalificeren.BOWbound10lex.PPMIselection.LENGTH5000.SOCPOSnav	-0.9639401674077205	-0.21641044079930125	NA	NA	bound	364	lex	10_10	1	selection	5000	5000	nav	4_4	227	diskwalificeren	0.15915872681869989	BOW
diskwalificeren.BOWbound10lex.PPMIselection.LENGTH5000.SOCPOSall	-1.074521531067948	-0.5049503442966535	NA	NA	bound	364	lex	10_10	1	selection	5000	5000	all	4_4	227	diskwalificeren	0.1631564160966342	BOW
diskwalificeren.BOWbound10lex.PPMIselection.LENGTHFOC.SOCPOSnav	-0.858499834533053	-0.4590304061028477	NA	NA	bound	364	lex	10_10	1	selection	FOC	254	nav	4_4	227	diskwalificeren	0.14154447893175512	BOW
diskwalificeren.BOWbound10lex.PPMIselection.LENGTHFOC.SOCPOSall	-0.8342953698976012	-0.44277464785056514	NA	NA	bound	364	lex	10_10	1	selection	FOC	364	all	4_4	227	diskwalificeren	0.14933246715921583	BOW
diskwalificeren.BOWbound10lex.PPMIno.LENGTH5000.SOCPOSnav	-1.1948681668977448	-0.713909527461771	NA	NA	bound	672	lex	10_10	1	no	5000	5000	nav	4_4	233	diskwalificeren	0.17251389743615558	BOW
diskwalificeren.BOWbound10lex.PPMIno.LENGTH5000.SOCPOSall	-1.1506408608876848	-1.203098481682137	NA	NA	bound	672	lex	10_10	1	no	5000	5000	all	4_4	233	diskwalificeren	0.18585071137034725	BOW
diskwalificeren.BOWbound10lex.PPMIno.LENGTHFOC.SOCPOSnav	-0.9904301627066054	-0.980114069167626	NA	NA	bound	672	lex	10_10	1	no	FOC	478	nav	4_4	233	diskwalificeren	0.14170669003017192	BOW
diskwalificeren.BOWbound10lex.PPMIno.LENGTHFOC.SOCPOSall	-0.9803220897157395	-0.9441095294146468	NA	NA	bound	672	lex	10_10	1	no	FOC	672	all	4_4	233	diskwalificeren	0.14468250931235035	BOW
diskwalificeren.BOWbound10all.PPMIweight.LENGTH5000.SOCPOSnav	0.22455579948450433	-0.33184200739310266	NA	NA	bound	538	all	10_10	1	weight	5000	5000	nav	4_4	235	diskwalificeren	0.17738132983879987	BOW
diskwalificeren.BOWbound10all.PPMIweight.LENGTH5000.SOCPOSall	0.028682529206395555	-0.6465918970350486	NA	NA	bound	538	all	10_10	1	weight	5000	5000	all	4_4	235	diskwalificeren	0.14973145574371613	BOW
diskwalificeren.BOWbound10all.PPMIweight.LENGTHFOC.SOCPOSnav	0.1350903728407793	-0.6002490724279005	NA	NA	bound	538	all	10_10	1	weight	FOC	254	nav	4_4	235	diskwalificeren	0.13509330874094447	BOW
diskwalificeren.BOWbound10all.PPMIweight.LENGTHFOC.SOCPOSall	0.15565871489975266	-0.546217936946814	NA	NA	bound	538	all	10_10	1	weight	FOC	538	all	4_4	235	diskwalificeren	0.138132469259531	BOW
diskwalificeren.BOWbound10all.PPMIselection.LENGTH5000.SOCPOSnav	0.39160763523931613	-0.5750855909289486	NA	NA	bound	538	all	10_10	1	selection	5000	5000	nav	4_4	235	diskwalificeren	0.19101526067935917	BOW
diskwalificeren.BOWbound10all.PPMIselection.LENGTH5000.SOCPOSall	0.24134678921768496	-0.9883051934620755	NA	NA	bound	538	all	10_10	1	selection	5000	5000	all	4_4	235	diskwalificeren	0.16451228095239137	BOW
diskwalificeren.BOWbound10all.PPMIselection.LENGTHFOC.SOCPOSnav	0.23712768284895525	-0.69948623038142	NA	NA	bound	538	all	10_10	1	selection	FOC	254	nav	4_4	235	diskwalificeren	0.1259106278153112	BOW
diskwalificeren.BOWbound10all.PPMIselection.LENGTHFOC.SOCPOSall	0.2589542398151735	-0.6883884846180098	NA	NA	bound	538	all	10_10	1	selection	FOC	538	all	4_4	235	diskwalificeren	0.12974544954176825	BOW
diskwalificeren.BOWbound10all.PPMIno.LENGTH5000.SOCPOSnav	0.9967098471284821	-1.2970284211404908	NA	NA	bound	996	all	10_10	1	no	5000	5000	nav	4_4	237	diskwalificeren	0.17565538145316062	BOW
diskwalificeren.BOWbound10all.PPMIno.LENGTH5000.SOCPOSall	1.0409682891348144	-1.670086005831652	NA	NA	bound	996	all	10_10	1	no	5000	5000	all	4_4	237	diskwalificeren	0.19009082367439997	BOW
diskwalificeren.BOWbound10all.PPMIno.LENGTHFOC.SOCPOSnav	0.6066654507214752	-1.3194465513495433	NA	NA	bound	996	all	10_10	1	no	FOC	478	nav	4_4	237	diskwalificeren	0.13009074779215182	BOW
diskwalificeren.BOWbound10all.PPMIno.LENGTHFOC.SOCPOSall	0.5952911278332336	-1.3141328705734845	NA	NA	bound	996	all	10_10	1	no	FOC	996	all	4_4	237	diskwalificeren	0.12978225632374882	BOW
diskwalificeren.BOWbound5lex.PPMIweight.LENGTH5000.SOCPOSnav	-1.0805749547524903	0.47025227326669067	NA	NA	bound	314	lex	5_5	1	weight	5000	5000	nav	4_4	222	diskwalificeren	0.151331502491093	BOW
diskwalificeren.BOWbound5lex.PPMIweight.LENGTH5000.SOCPOSall	-1.114032654844702	0.4983363221382932	NA	NA	bound	314	lex	5_5	1	weight	5000	5000	all	4_4	222	diskwalificeren	0.14925980409178216	BOW
diskwalificeren.BOWbound5lex.PPMIweight.LENGTHFOC.SOCPOSnav	-0.9603878487098508	0.18483594171437698	NA	NA	bound	314	lex	5_5	1	weight	FOC	212	nav	4_4	222	diskwalificeren	0.16928101452279232	BOW
diskwalificeren.BOWbound5lex.PPMIweight.LENGTHFOC.SOCPOSall	-0.9822977150591039	0.22762281685103092	NA	NA	bound	314	lex	5_5	1	weight	FOC	314	all	4_4	222	diskwalificeren	0.1777792675286343	BOW
diskwalificeren.BOWbound5lex.PPMIselection.LENGTH5000.SOCPOSnav	-0.8775988641643544	0.36349987554079843	NA	NA	bound	314	lex	5_5	1	selection	5000	5000	nav	4_4	222	diskwalificeren	0.16741241540681648	BOW
diskwalificeren.BOWbound5lex.PPMIselection.LENGTH5000.SOCPOSall	-0.9927625568731978	0.4629738836881123	NA	NA	bound	314	lex	5_5	1	selection	5000	5000	all	4_4	222	diskwalificeren	0.17773940755869108	BOW
diskwalificeren.BOWbound5lex.PPMIselection.LENGTHFOC.SOCPOSnav	-0.7992945021838969	0.1472049533701505	NA	NA	bound	314	lex	5_5	1	selection	FOC	212	nav	4_4	222	diskwalificeren	0.1641992605228629	BOW
diskwalificeren.BOWbound5lex.PPMIselection.LENGTHFOC.SOCPOSall	-0.7924650041254784	0.17355909138580033	NA	NA	bound	314	lex	5_5	1	selection	FOC	314	all	4_4	222	diskwalificeren	0.16849087298323545	BOW
diskwalificeren.BOWbound5lex.PPMIno.LENGTH5000.SOCPOSnav	-1.33417837996156	0.5913734083239572	NA	NA	bound	418	lex	5_5	1	no	5000	5000	nav	4_4	230	diskwalificeren	0.17438185758733032	BOW
diskwalificeren.BOWbound5lex.PPMIno.LENGTH5000.SOCPOSall	-1.4486328503639803	0.614790427051053	NA	NA	bound	418	lex	5_5	1	no	5000	5000	all	4_4	230	diskwalificeren	0.19939337198484905	BOW
diskwalificeren.BOWbound5lex.PPMIno.LENGTHFOC.SOCPOSnav	-1.2002941421190454	0.16851363480549061	NA	NA	bound	418	lex	5_5	1	no	FOC	281	nav	4_4	230	diskwalificeren	0.17128274676857483	BOW
diskwalificeren.BOWbound5lex.PPMIno.LENGTHFOC.SOCPOSall	-1.199353398599373	0.2047199593242351	NA	NA	bound	418	lex	5_5	1	no	FOC	418	all	4_4	230	diskwalificeren	0.17254192630550078	BOW
diskwalificeren.BOWbound5all.PPMIweight.LENGTH5000.SOCPOSnav	0.06029878640183922	0.22359458078774178	NA	NA	bound	465	all	5_5	1	weight	5000	5000	nav	4_4	234	diskwalificeren	0.17228323723183056	BOW
diskwalificeren.BOWbound5all.PPMIweight.LENGTH5000.SOCPOSall	-0.09529018401698292	0.09057911209739769	NA	NA	bound	465	all	5_5	1	weight	5000	5000	all	4_4	234	diskwalificeren	0.16630028056460697	BOW
diskwalificeren.BOWbound5all.PPMIweight.LENGTHFOC.SOCPOSnav	-0.024930575430624314	-0.13711165449948498	NA	NA	bound	465	all	5_5	1	weight	FOC	212	nav	4_4	234	diskwalificeren	0.1630440374744121	BOW
diskwalificeren.BOWbound5all.PPMIweight.LENGTHFOC.SOCPOSall	0.012048826045034513	-0.1057456049231177	NA	NA	bound	465	all	5_5	1	weight	FOC	465	all	4_4	234	diskwalificeren	0.16596204694354844	BOW
diskwalificeren.BOWbound5all.PPMIselection.LENGTH5000.SOCPOSnav	0.1335532918478339	0.11120990907033529	NA	NA	bound	465	all	5_5	1	selection	5000	5000	nav	4_4	234	diskwalificeren	0.18150070904496018	BOW
diskwalificeren.BOWbound5all.PPMIselection.LENGTH5000.SOCPOSall	-0.06528621411223488	-0.022765225164230674	NA	NA	bound	465	all	5_5	1	selection	5000	5000	all	4_4	234	diskwalificeren	0.17531455507878554	BOW
diskwalificeren.BOWbound5all.PPMIselection.LENGTHFOC.SOCPOSnav	0.06039050010399897	-0.20169835053888338	NA	NA	bound	465	all	5_5	1	selection	FOC	212	nav	4_4	234	diskwalificeren	0.15441713952115768	BOW
diskwalificeren.BOWbound5all.PPMIselection.LENGTHFOC.SOCPOSall	0.10273058405461015	-0.19207625645131854	NA	NA	bound	465	all	5_5	1	selection	FOC	465	all	4_4	234	diskwalificeren	0.15306104098174783	BOW
diskwalificeren.BOWbound5all.PPMIno.LENGTH5000.SOCPOSnav	0.8363579960811043	-0.8626718680001687	NA	NA	bound	637	all	5_5	1	no	5000	5000	nav	4_4	237	diskwalificeren	0.19710462375140603	BOW
diskwalificeren.BOWbound5all.PPMIno.LENGTH5000.SOCPOSall	1.096386123867291	-1.3220794405257503	NA	NA	bound	637	all	5_5	1	no	5000	5000	all	4_4	237	diskwalificeren	0.21354937974784152	BOW
diskwalificeren.BOWbound5all.PPMIno.LENGTHFOC.SOCPOSnav	0.44350160906875513	-0.8444478520714715	NA	NA	bound	637	all	5_5	1	no	FOC	281	nav	4_4	237	diskwalificeren	0.14854787106849243	BOW
diskwalificeren.BOWbound5all.PPMIno.LENGTHFOC.SOCPOSall	0.4276170431963011	-0.7830465096011165	NA	NA	bound	637	all	5_5	1	no	FOC	637	all	4_4	237	diskwalificeren	0.13795760766249635	BOW
diskwalificeren.BOWbound3lex.PPMIweight.LENGTH5000.SOCPOSnav	-0.6137691238172102	0.7362089940384106	NA	NA	bound	229	lex	3_3	1	weight	5000	5000	nav	4_4	206	diskwalificeren	0.1602241724387764	BOW
diskwalificeren.BOWbound3lex.PPMIweight.LENGTH5000.SOCPOSall	-0.5477240747594284	0.7789401356509885	NA	NA	bound	229	lex	3_3	1	weight	5000	5000	all	4_4	206	diskwalificeren	0.15140141623817882	BOW
diskwalificeren.BOWbound3lex.PPMIweight.LENGTHFOC.SOCPOSnav	-0.5442363431045809	0.5181539407364008	NA	NA	bound	229	lex	3_3	1	weight	FOC	154	nav	4_4	206	diskwalificeren	0.1670753705203304	BOW
diskwalificeren.BOWbound3lex.PPMIweight.LENGTHFOC.SOCPOSall	-0.5532409040887939	0.5579658317205696	NA	NA	bound	229	lex	3_3	1	weight	FOC	229	all	4_4	206	diskwalificeren	0.17698772004383106	BOW
diskwalificeren.BOWbound3lex.PPMIselection.LENGTH5000.SOCPOSnav	-0.5214845086184438	0.568365060513169	NA	NA	bound	229	lex	3_3	1	selection	5000	5000	nav	4_4	206	diskwalificeren	0.17367974713600526	BOW
diskwalificeren.BOWbound3lex.PPMIselection.LENGTH5000.SOCPOSall	-0.5309765822218915	0.755565707958413	NA	NA	bound	229	lex	3_3	1	selection	5000	5000	all	4_4	206	diskwalificeren	0.1858950581458938	BOW
diskwalificeren.BOWbound3lex.PPMIselection.LENGTHFOC.SOCPOSnav	-0.5182129052158664	0.47899383590898376	NA	NA	bound	229	lex	3_3	1	selection	FOC	154	nav	4_4	206	diskwalificeren	0.1654245563266317	BOW
diskwalificeren.BOWbound3lex.PPMIselection.LENGTHFOC.SOCPOSall	-0.49320285590686747	0.4676088792890671	NA	NA	bound	229	lex	3_3	1	selection	FOC	229	all	4_4	206	diskwalificeren	0.1696189424353594	BOW
diskwalificeren.BOWbound3lex.PPMIno.LENGTH5000.SOCPOSnav	-0.8608232618960565	0.9591319822716189	NA	NA	bound	270	lex	3_3	1	no	5000	5000	nav	4_4	216	diskwalificeren	0.16865839573462096	BOW
diskwalificeren.BOWbound3lex.PPMIno.LENGTH5000.SOCPOSall	-0.8193415145822499	1.0827184735018274	NA	NA	bound	270	lex	3_3	1	no	5000	5000	all	4_4	216	diskwalificeren	0.20364287741045922	BOW
diskwalificeren.BOWbound3lex.PPMIno.LENGTHFOC.SOCPOSnav	-0.786859171448497	0.7428433937911527	NA	NA	bound	270	lex	3_3	1	no	FOC	181	nav	4_4	216	diskwalificeren	0.1648285401471741	BOW
diskwalificeren.BOWbound3lex.PPMIno.LENGTHFOC.SOCPOSall	-0.7923539626814756	0.7651818696466394	NA	NA	bound	270	lex	3_3	1	no	FOC	270	all	4_4	216	diskwalificeren	0.16699467715073638	BOW
diskwalificeren.BOWbound3all.PPMIweight.LENGTH5000.SOCPOSnav	0.2133000185682691	0.8571876337869069	NA	NA	bound	346	all	3_3	1	weight	5000	5000	nav	4_4	230	diskwalificeren	0.18467067406309565	BOW
diskwalificeren.BOWbound3all.PPMIweight.LENGTH5000.SOCPOSall	0.05731342942622452	0.9558814179946288	NA	NA	bound	346	all	3_3	1	weight	5000	5000	all	4_4	230	diskwalificeren	0.17105688794312748	BOW
diskwalificeren.BOWbound3all.PPMIweight.LENGTHFOC.SOCPOSnav	0.13454602941198068	0.6722750751798994	NA	NA	bound	346	all	3_3	1	weight	FOC	154	nav	4_4	230	diskwalificeren	0.16492875851241215	BOW
diskwalificeren.BOWbound3all.PPMIweight.LENGTHFOC.SOCPOSall	0.15846339235150406	0.5997753167159589	NA	NA	bound	346	all	3_3	1	weight	FOC	346	all	4_4	230	diskwalificeren	0.16849070650480785	BOW
diskwalificeren.BOWbound3all.PPMIselection.LENGTH5000.SOCPOSnav	0.25746778169940765	0.7022299421349785	NA	NA	bound	346	all	3_3	1	selection	5000	5000	nav	4_4	230	diskwalificeren	0.16751640921933683	BOW
diskwalificeren.BOWbound3all.PPMIselection.LENGTH5000.SOCPOSall	0.07384008021712991	0.8624478002358859	NA	NA	bound	346	all	3_3	1	selection	5000	5000	all	4_4	230	diskwalificeren	0.17750003011297227	BOW
diskwalificeren.BOWbound3all.PPMIselection.LENGTHFOC.SOCPOSnav	0.11167452039478162	0.46339239743469535	NA	NA	bound	346	all	3_3	1	selection	FOC	154	nav	4_4	230	diskwalificeren	0.15939968254029424	BOW
diskwalificeren.BOWbound3all.PPMIselection.LENGTHFOC.SOCPOSall	0.1792015816631798	0.43086032561647447	NA	NA	bound	346	all	3_3	1	selection	FOC	346	all	4_4	230	diskwalificeren	0.16393306990805642	BOW
diskwalificeren.BOWbound3all.PPMIno.LENGTH5000.SOCPOSnav	0.5169112411537473	1.1687262394533906	NA	NA	bound	419	all	3_3	1	no	5000	5000	nav	4_4	234	diskwalificeren	0.20551366128226545	BOW
diskwalificeren.BOWbound3all.PPMIno.LENGTH5000.SOCPOSall	0.4750546994456965	1.4974275580078458	NA	NA	bound	419	all	3_3	1	no	5000	5000	all	4_4	234	diskwalificeren	0.22066185566773203	BOW
diskwalificeren.BOWbound3all.PPMIno.LENGTHFOC.SOCPOSnav	0.262483895895585	0.7623695208189311	NA	NA	bound	419	all	3_3	1	no	FOC	181	nav	4_4	234	diskwalificeren	0.17067317522492195	BOW
diskwalificeren.BOWbound3all.PPMIno.LENGTHFOC.SOCPOSall	0.32066622205339007	0.699695445865077	NA	NA	bound	419	all	3_3	1	no	FOC	419	all	4_4	234	diskwalificeren	0.16987801195800487	BOW
diskwalificeren.BOWnobound10lex.PPMIweight.LENGTH5000.SOCPOSnav	-1.4204944084421225	-0.28596748850796105	NA	NA	nobound	425	lex	10_10	1	weight	5000	5000	nav	4_4	233	diskwalificeren	0.14204517923680593	BOW
diskwalificeren.BOWnobound10lex.PPMIweight.LENGTH5000.SOCPOSall	-1.5056958713905477	-0.46514790338655193	NA	NA	nobound	425	lex	10_10	1	weight	5000	5000	all	4_4	233	diskwalificeren	0.1441791764061836	BOW
diskwalificeren.BOWnobound10lex.PPMIweight.LENGTHFOC.SOCPOSnav	-1.2603007399054256	-0.5578109039645911	NA	NA	nobound	425	lex	10_10	1	weight	FOC	296	nav	4_4	233	diskwalificeren	0.1341661463736806	BOW
diskwalificeren.BOWnobound10lex.PPMIweight.LENGTHFOC.SOCPOSall	-1.268398850529979	-0.5257044973821132	NA	NA	nobound	425	lex	10_10	1	weight	FOC	425	all	4_4	233	diskwalificeren	0.13175737331221885	BOW
diskwalificeren.BOWnobound10lex.PPMIselection.LENGTH5000.SOCPOSnav	-1.3121500883637	-0.4184552667746736	NA	NA	nobound	425	lex	10_10	1	selection	5000	5000	nav	4_4	233	diskwalificeren	0.15757294612363063	BOW
diskwalificeren.BOWnobound10lex.PPMIselection.LENGTH5000.SOCPOSall	-1.4996513456066185	-0.7595182074301646	NA	NA	nobound	425	lex	10_10	1	selection	5000	5000	all	4_4	233	diskwalificeren	0.16173635036953407	BOW
diskwalificeren.BOWnobound10lex.PPMIselection.LENGTHFOC.SOCPOSnav	-1.105761130648767	-0.717476966765208	NA	NA	nobound	425	lex	10_10	1	selection	FOC	296	nav	4_4	233	diskwalificeren	0.13157783913660362	BOW
diskwalificeren.BOWnobound10lex.PPMIselection.LENGTHFOC.SOCPOSall	-1.1365138083812307	-0.7253770777887604	NA	NA	nobound	425	lex	10_10	1	selection	FOC	425	all	4_4	233	diskwalificeren	0.131148577823338	BOW
diskwalificeren.BOWnobound10lex.PPMIno.LENGTH5000.SOCPOSnav	-1.6737628634227615	-0.9948234693230406	NA	NA	nobound	936	lex	10_10	1	no	5000	5000	nav	4_4	237	diskwalificeren	0.1696865381071723	BOW
diskwalificeren.BOWnobound10lex.PPMIno.LENGTH5000.SOCPOSall	-1.7340779606705263	-1.4801295294661452	NA	NA	nobound	936	lex	10_10	1	no	5000	5000	all	4_4	237	diskwalificeren	0.17539263776045672	BOW
diskwalificeren.BOWnobound10lex.PPMIno.LENGTHFOC.SOCPOSnav	-1.4015089656522166	-1.2319104585726735	NA	NA	nobound	936	lex	10_10	1	no	FOC	660	nav	4_4	237	diskwalificeren	0.12537397355996954	BOW
diskwalificeren.BOWnobound10lex.PPMIno.LENGTHFOC.SOCPOSall	-1.4334490246644316	-1.183625422006676	NA	NA	nobound	936	lex	10_10	1	no	FOC	936	all	4_4	237	diskwalificeren	0.11692308634582971	BOW
diskwalificeren.BOWnobound10all.PPMIweight.LENGTH5000.SOCPOSnav	0.008465699414517735	-0.6002883332516732	NA	NA	nobound	636	all	10_10	1	weight	5000	5000	nav	4_4	236	diskwalificeren	0.1750565802624133	BOW
diskwalificeren.BOWnobound10all.PPMIweight.LENGTH5000.SOCPOSall	-0.2539473158484933	-1.061956826993266	NA	NA	nobound	636	all	10_10	1	weight	5000	5000	all	4_4	236	diskwalificeren	0.15671359597726925	BOW
diskwalificeren.BOWnobound10all.PPMIweight.LENGTHFOC.SOCPOSnav	-0.11905464514522722	-0.9040293894393109	NA	NA	nobound	636	all	10_10	1	weight	FOC	296	nav	4_4	236	diskwalificeren	0.12430164391592488	BOW
diskwalificeren.BOWnobound10all.PPMIweight.LENGTHFOC.SOCPOSall	-0.09493368180463403	-0.8618978459519333	NA	NA	nobound	636	all	10_10	1	weight	FOC	636	all	4_4	236	diskwalificeren	0.12418145402799981	BOW
diskwalificeren.BOWnobound10all.PPMIselection.LENGTH5000.SOCPOSnav	0.10810248225391171	-0.8785660302916944	NA	NA	nobound	636	all	10_10	1	selection	5000	5000	nav	4_4	236	diskwalificeren	0.18538980357507484	BOW
diskwalificeren.BOWnobound10all.PPMIselection.LENGTH5000.SOCPOSall	-0.2505261463303872	-1.3405476096300104	NA	NA	nobound	636	all	10_10	1	selection	5000	5000	all	4_4	236	diskwalificeren	0.15436723178122655	BOW
diskwalificeren.BOWnobound10all.PPMIselection.LENGTHFOC.SOCPOSnav	-0.07309999443176322	-0.9873591010338393	NA	NA	nobound	636	all	10_10	1	selection	FOC	296	nav	4_4	236	diskwalificeren	0.11681742692846014	BOW
diskwalificeren.BOWnobound10all.PPMIselection.LENGTHFOC.SOCPOSall	-0.05967411512445094	-1.0072715330403237	NA	NA	nobound	636	all	10_10	1	selection	FOC	636	all	4_4	236	diskwalificeren	0.11286465253201286	BOW
diskwalificeren.BOWnobound10all.PPMIno.LENGTH5000.SOCPOSnav	0.32334908613106733	-1.7106050496941092	NA	NA	nobound	1373	all	10_10	1	no	5000	5000	nav	4_4	238	diskwalificeren	0.17315125846739518	BOW
diskwalificeren.BOWnobound10all.PPMIno.LENGTH5000.SOCPOSall	0.2137375591938353	-2.18380400107463	NA	NA	nobound	1373	all	10_10	1	no	5000	5000	all	4_4	238	diskwalificeren	0.17367406904795873	BOW
diskwalificeren.BOWnobound10all.PPMIno.LENGTHFOC.SOCPOSnav	0.04023463829127032	-1.6652137137075296	NA	NA	nobound	1373	all	10_10	1	no	FOC	660	nav	4_4	238	diskwalificeren	0.11729366888397673	BOW
diskwalificeren.BOWnobound10all.PPMIno.LENGTHFOC.SOCPOSall	0.059933908653855845	-1.6461383697362886	NA	NA	nobound	1373	all	10_10	1	no	FOC	1373	all	4_4	238	diskwalificeren	0.11922624619608178	BOW
diskwalificeren.BOWnobound5lex.PPMIweight.LENGTH5000.SOCPOSnav	-1.2765057028974736	0.46304063533328227	NA	NA	nobound	354	lex	5_5	1	weight	5000	5000	nav	4_4	228	diskwalificeren	0.15131199212459337	BOW
diskwalificeren.BOWnobound5lex.PPMIweight.LENGTH5000.SOCPOSall	-1.3872634460883808	0.40909658618200245	NA	NA	nobound	354	lex	5_5	1	weight	5000	5000	all	4_4	228	diskwalificeren	0.16126457328979163	BOW
diskwalificeren.BOWnobound5lex.PPMIweight.LENGTHFOC.SOCPOSnav	-1.1862904452432994	0.10989003561705192	NA	NA	nobound	354	lex	5_5	1	weight	FOC	240	nav	4_4	228	diskwalificeren	0.1594477438080938	BOW
diskwalificeren.BOWnobound5lex.PPMIweight.LENGTHFOC.SOCPOSall	-1.1722034633972254	0.11752418617345171	NA	NA	nobound	354	lex	5_5	1	weight	FOC	354	all	4_4	228	diskwalificeren	0.15762482769443162	BOW
diskwalificeren.BOWnobound5lex.PPMIselection.LENGTH5000.SOCPOSnav	-1.0764722143347305	0.37335785984141584	NA	NA	nobound	354	lex	5_5	1	selection	5000	5000	nav	4_4	228	diskwalificeren	0.16802583105366725	BOW
diskwalificeren.BOWnobound5lex.PPMIselection.LENGTH5000.SOCPOSall	-1.3374955203717318	0.36655429031797554	NA	NA	nobound	354	lex	5_5	1	selection	5000	5000	all	4_4	228	diskwalificeren	0.1879092203257655	BOW
diskwalificeren.BOWnobound5lex.PPMIselection.LENGTHFOC.SOCPOSnav	-0.9703434265915922	0.07524536285111658	NA	NA	nobound	354	lex	5_5	1	selection	FOC	240	nav	4_4	228	diskwalificeren	0.1563346907002931	BOW
diskwalificeren.BOWnobound5lex.PPMIselection.LENGTHFOC.SOCPOSall	-0.9431145730527897	0.07512062402212989	NA	NA	nobound	354	lex	5_5	1	selection	FOC	354	all	4_4	228	diskwalificeren	0.15244764178873643	BOW
diskwalificeren.BOWnobound5lex.PPMIno.LENGTH5000.SOCPOSnav	-1.6438571799586204	0.4665111547828465	NA	NA	nobound	502	lex	5_5	1	no	5000	5000	nav	4_4	235	diskwalificeren	0.1891899821391016	BOW
diskwalificeren.BOWnobound5lex.PPMIno.LENGTH5000.SOCPOSall	-1.9674541602378293	0.3766637319034533	NA	NA	nobound	502	lex	5_5	1	no	5000	5000	all	4_4	235	diskwalificeren	0.21073469955318042	BOW
diskwalificeren.BOWnobound5lex.PPMIno.LENGTHFOC.SOCPOSnav	-1.5439157264995622	0.0546275243753765	NA	NA	nobound	502	lex	5_5	1	no	FOC	346	nav	4_4	235	diskwalificeren	0.1556868787552112	BOW
diskwalificeren.BOWnobound5lex.PPMIno.LENGTHFOC.SOCPOSall	-1.523574020159957	0.08036212275847661	NA	NA	nobound	502	lex	5_5	1	no	FOC	502	all	4_4	235	diskwalificeren	0.1556334867328579	BOW
diskwalificeren.BOWnobound5all.PPMIweight.LENGTH5000.SOCPOSnav	-0.01948231783414501	0.13078565181036067	NA	NA	nobound	526	all	5_5	1	weight	5000	5000	nav	4_4	236	diskwalificeren	0.18139125189694452	BOW
diskwalificeren.BOWnobound5all.PPMIweight.LENGTH5000.SOCPOSall	-0.3054908454422096	-0.3117205274940534	NA	NA	nobound	526	all	5_5	1	weight	5000	5000	all	4_4	236	diskwalificeren	0.16940861111829278	BOW
diskwalificeren.BOWnobound5all.PPMIweight.LENGTHFOC.SOCPOSnav	-0.14202688592207877	-0.34202381166701545	NA	NA	nobound	526	all	5_5	1	weight	FOC	240	nav	4_4	236	diskwalificeren	0.14877485355680614	BOW
diskwalificeren.BOWnobound5all.PPMIweight.LENGTHFOC.SOCPOSall	-0.12375299034306403	-0.29999976258745165	NA	NA	nobound	526	all	5_5	1	weight	FOC	526	all	4_4	236	diskwalificeren	0.1488691214638216	BOW
diskwalificeren.BOWnobound5all.PPMIselection.LENGTH5000.SOCPOSnav	0.05134694690892277	-0.053047735529818	NA	NA	nobound	526	all	5_5	1	selection	5000	5000	nav	4_4	236	diskwalificeren	0.18854883429478975	BOW
diskwalificeren.BOWnobound5all.PPMIselection.LENGTH5000.SOCPOSall	-0.2880658459726925	-0.6387868285145913	NA	NA	nobound	526	all	5_5	1	selection	5000	5000	all	4_4	236	diskwalificeren	0.171138427325666	BOW
diskwalificeren.BOWnobound5all.PPMIselection.LENGTHFOC.SOCPOSnav	-0.062414824719415	-0.3713534251114027	NA	NA	nobound	526	all	5_5	1	selection	FOC	240	nav	4_4	236	diskwalificeren	0.1401175512782588	BOW
diskwalificeren.BOWnobound5all.PPMIselection.LENGTHFOC.SOCPOSall	-0.022922223136619697	-0.3780422300073384	NA	NA	nobound	526	all	5_5	1	selection	FOC	526	all	4_4	236	diskwalificeren	0.1389250372446086	BOW
diskwalificeren.BOWnobound5all.PPMIno.LENGTH5000.SOCPOSnav	0.5687539282896426	-1.074242999950999	NA	NA	nobound	755	all	5_5	1	no	5000	5000	nav	4_4	237	diskwalificeren	0.1982982712465674	BOW
diskwalificeren.BOWnobound5all.PPMIno.LENGTH5000.SOCPOSall	0.5786832223785501	-1.8304283019206145	NA	NA	nobound	755	all	5_5	1	no	5000	5000	all	4_4	237	diskwalificeren	0.212534884943802	BOW
diskwalificeren.BOWnobound5all.PPMIno.LENGTHFOC.SOCPOSnav	0.07526293294077585	-1.0744122063119954	NA	NA	nobound	755	all	5_5	1	no	FOC	346	nav	4_4	237	diskwalificeren	0.13575612491515687	BOW
diskwalificeren.BOWnobound5all.PPMIno.LENGTHFOC.SOCPOSall	0.08557406388424194	-1.0094728474380086	NA	NA	nobound	755	all	5_5	1	no	FOC	755	all	4_4	237	diskwalificeren	0.13045465415827673	BOW
diskwalificeren.BOWnobound3lex.PPMIweight.LENGTH5000.SOCPOSnav	-0.7333642796327239	0.8465880869672384	NA	NA	nobound	251	lex	3_3	1	weight	5000	5000	nav	4_4	212	diskwalificeren	0.16013474460704066	BOW
diskwalificeren.BOWnobound3lex.PPMIweight.LENGTH5000.SOCPOSall	-0.6702823254110953	0.9043917706907034	NA	NA	nobound	251	lex	3_3	1	weight	5000	5000	all	4_4	212	diskwalificeren	0.15717515137209745	BOW
diskwalificeren.BOWnobound3lex.PPMIweight.LENGTHFOC.SOCPOSnav	-0.673678982506299	0.6180990398843416	NA	NA	nobound	251	lex	3_3	1	weight	FOC	170	nav	4_4	212	diskwalificeren	0.157589735835757	BOW
diskwalificeren.BOWnobound3lex.PPMIweight.LENGTHFOC.SOCPOSall	-0.6709074663302514	0.6476003390543893	NA	NA	nobound	251	lex	3_3	1	weight	FOC	251	all	4_4	212	diskwalificeren	0.1605523959381757	BOW
diskwalificeren.BOWnobound3lex.PPMIselection.LENGTH5000.SOCPOSnav	-0.6483446571567874	0.7079680317332653	NA	NA	nobound	251	lex	3_3	1	selection	5000	5000	nav	4_4	212	diskwalificeren	0.1775293548899892	BOW
diskwalificeren.BOWnobound3lex.PPMIselection.LENGTH5000.SOCPOSall	-0.6891719618954438	0.8998307309039095	NA	NA	nobound	251	lex	3_3	1	selection	5000	5000	all	4_4	212	diskwalificeren	0.19451146792128512	BOW
diskwalificeren.BOWnobound3lex.PPMIselection.LENGTHFOC.SOCPOSnav	-0.6155579893997363	0.5343905631063238	NA	NA	nobound	251	lex	3_3	1	selection	FOC	170	nav	4_4	212	diskwalificeren	0.15576946614134274	BOW
diskwalificeren.BOWnobound3lex.PPMIselection.LENGTHFOC.SOCPOSall	-0.6094705202030282	0.5470587467337733	NA	NA	nobound	251	lex	3_3	1	selection	FOC	251	all	4_4	212	diskwalificeren	0.1576737299362865	BOW
diskwalificeren.BOWnobound3lex.PPMIno.LENGTH5000.SOCPOSnav	-1.0190278537303683	1.0627825093855605	NA	NA	nobound	301	lex	3_3	1	no	5000	5000	nav	4_4	222	diskwalificeren	0.17946242555171704	BOW
diskwalificeren.BOWnobound3lex.PPMIno.LENGTH5000.SOCPOSall	-1.0480221801027465	1.1982303373190102	NA	NA	nobound	301	lex	3_3	1	no	5000	5000	all	4_4	222	diskwalificeren	0.2082948206554208	BOW
diskwalificeren.BOWnobound3lex.PPMIno.LENGTHFOC.SOCPOSnav	-0.9394484537960928	0.8670122677187324	NA	NA	nobound	301	lex	3_3	1	no	FOC	203	nav	4_4	222	diskwalificeren	0.16613045537783444	BOW
diskwalificeren.BOWnobound3lex.PPMIno.LENGTHFOC.SOCPOSall	-0.9542917100046918	0.894536946150557	NA	NA	nobound	301	lex	3_3	1	no	FOC	301	all	4_4	222	diskwalificeren	0.16053549922478638	BOW
diskwalificeren.BOWnobound3all.PPMIweight.LENGTH5000.SOCPOSnav	0.13528354355278596	0.986565099496659	NA	NA	nobound	382	all	3_3	1	weight	5000	5000	nav	4_4	233	diskwalificeren	0.18960095162357052	BOW
diskwalificeren.BOWnobound3all.PPMIweight.LENGTH5000.SOCPOSall	-0.025846325772614115	1.0988690555958953	NA	NA	nobound	382	all	3_3	1	weight	5000	5000	all	4_4	233	diskwalificeren	0.17963307143462157	BOW
diskwalificeren.BOWnobound3all.PPMIweight.LENGTHFOC.SOCPOSnav	0.03686122510749586	0.7735193250920985	NA	NA	nobound	382	all	3_3	1	weight	FOC	170	nav	4_4	233	diskwalificeren	0.16073975817609817	BOW
diskwalificeren.BOWnobound3all.PPMIweight.LENGTHFOC.SOCPOSall	0.06893282020574751	0.7127783414256642	NA	NA	nobound	382	all	3_3	1	weight	FOC	382	all	4_4	233	diskwalificeren	0.15973651700033073	BOW
diskwalificeren.BOWnobound3all.PPMIselection.LENGTH5000.SOCPOSnav	0.16949334476026526	0.7965656925287136	NA	NA	nobound	382	all	3_3	1	selection	5000	5000	nav	4_4	233	diskwalificeren	0.1780671191063991	BOW
diskwalificeren.BOWnobound3all.PPMIselection.LENGTH5000.SOCPOSall	-0.04103200143656075	1.0919605136477528	NA	NA	nobound	382	all	3_3	1	selection	5000	5000	all	4_4	233	diskwalificeren	0.18330910536590236	BOW
diskwalificeren.BOWnobound3all.PPMIselection.LENGTHFOC.SOCPOSnav	0.030680466314889	0.5087209824153688	NA	NA	nobound	382	all	3_3	1	selection	FOC	170	nav	4_4	233	diskwalificeren	0.15662753704052912	BOW
diskwalificeren.BOWnobound3all.PPMIselection.LENGTHFOC.SOCPOSall	0.09145241937206773	0.5065997135570448	NA	NA	nobound	382	all	3_3	1	selection	FOC	382	all	4_4	233	diskwalificeren	0.15870730462672208	BOW
diskwalificeren.BOWnobound3all.PPMIno.LENGTH5000.SOCPOSnav	0.4277518557532868	1.2347358820264034	NA	NA	nobound	469	all	3_3	1	no	5000	5000	nav	4_4	235	diskwalificeren	0.2123495095839489	BOW
diskwalificeren.BOWnobound3all.PPMIno.LENGTH5000.SOCPOSall	0.4346575876407132	1.733647763592595	NA	NA	nobound	469	all	3_3	1	no	5000	5000	all	4_4	235	diskwalificeren	0.21813307043004607	BOW
diskwalificeren.BOWnobound3all.PPMIno.LENGTHFOC.SOCPOSnav	0.1595475419320328	0.8983916296128616	NA	NA	nobound	469	all	3_3	1	no	FOC	203	nav	4_4	235	diskwalificeren	0.16885107862143767	BOW
diskwalificeren.BOWnobound3all.PPMIno.LENGTHFOC.SOCPOSall	0.25017222880277556	0.9026951830383414	NA	NA	nobound	469	all	3_3	1	no	FOC	469	all	4_4	235	diskwalificeren	0.16146085634613028	BOW
diskwalificeren.LEMMAREL1.PPMIweight.LENGTH5000.SOCPOSnav	1.2768362671760831	0.3710720420333523	NA	group1	bound	165	NA	NA	1	weight	5000	5000	nav	4_4	198	diskwalificeren	0.17740712891359994	LEMMAREL
diskwalificeren.LEMMAREL1.PPMIweight.LENGTH5000.SOCPOSall	1.364378451762641	0.40261138545048475	NA	group1	bound	165	NA	NA	1	weight	5000	5000	all	4_4	198	diskwalificeren	0.2172933022411466	LEMMAREL
diskwalificeren.LEMMAREL1.PPMIweight.LENGTHFOC.SOCPOSnav	1.6818569673799422	0.5933017575095026	NA	group1	bound	165	NA	NA	1	weight	FOC	51	nav	4_4	198	diskwalificeren	0.23214229948846982	LEMMAREL
diskwalificeren.LEMMAREL1.PPMIweight.LENGTHFOC.SOCPOSall	1.5103242850877214	0.420443544508168	NA	group1	bound	165	NA	NA	1	weight	FOC	165	all	4_4	198	diskwalificeren	0.19952197462642401	LEMMAREL
diskwalificeren.LEMMAREL1.PPMIselection.LENGTH5000.SOCPOSnav	1.292554741819469	0.2685859980299591	NA	group1	bound	165	NA	NA	1	selection	5000	5000	nav	4_4	198	diskwalificeren	0.20316851115348786	LEMMAREL
diskwalificeren.LEMMAREL1.PPMIselection.LENGTH5000.SOCPOSall	1.4201614052285572	0.35123631775769343	NA	group1	bound	165	NA	NA	1	selection	5000	5000	all	4_4	198	diskwalificeren	0.2136019700322502	LEMMAREL
diskwalificeren.LEMMAREL1.PPMIselection.LENGTHFOC.SOCPOSnav	1.6695946373091664	0.4433150503797641	NA	group1	bound	165	NA	NA	1	selection	FOC	51	nav	4_4	198	diskwalificeren	0.2316098963438437	LEMMAREL
diskwalificeren.LEMMAREL1.PPMIselection.LENGTHFOC.SOCPOSall	1.4908544178652623	0.26282016776605877	NA	group1	bound	165	NA	NA	1	selection	FOC	165	all	4_4	198	diskwalificeren	0.1987567880809589	LEMMAREL
diskwalificeren.LEMMAREL1.PPMIno.LENGTH5000.SOCPOSnav	1.8086518517329377	0.2534086809565803	NA	group1	bound	231	NA	NA	1	no	5000	5000	nav	4_4	215	diskwalificeren	0.23291170788839968	LEMMAREL
diskwalificeren.LEMMAREL1.PPMIno.LENGTH5000.SOCPOSall	2.138330793943568	0.19035739430427176	NA	group1	bound	231	NA	NA	1	no	5000	5000	all	4_4	215	diskwalificeren	0.23041196761242533	LEMMAREL
diskwalificeren.LEMMAREL1.PPMIno.LENGTHFOC.SOCPOSnav	2.0028539866229114	0.3481008750929888	NA	group1	bound	231	NA	NA	1	no	FOC	69	nav	4_4	215	diskwalificeren	0.242872515791434	LEMMAREL
diskwalificeren.LEMMAREL1.PPMIno.LENGTHFOC.SOCPOSall	1.8701961607201818	0.18124024436902508	NA	group1	bound	231	NA	NA	1	no	FOC	231	all	4_4	215	diskwalificeren	0.20779174980562304	LEMMAREL
diskwalificeren.LEMMAREL2.PPMIweight.LENGTH5000.SOCPOSnav	0.9224099505554281	0.7066265053510167	NA	group2	bound	240	NA	NA	1	weight	5000	5000	nav	4_4	223	diskwalificeren	0.15754039305117754	LEMMAREL
diskwalificeren.LEMMAREL2.PPMIweight.LENGTH5000.SOCPOSall	0.8375661195922488	0.6503229630497922	NA	group2	bound	240	NA	NA	1	weight	5000	5000	all	4_4	223	diskwalificeren	0.15950665153290425	LEMMAREL
diskwalificeren.LEMMAREL2.PPMIweight.LENGTHFOC.SOCPOSnav	0.8797236014221623	0.4583452062927052	NA	group2	bound	240	NA	NA	1	weight	FOC	101	nav	4_4	223	diskwalificeren	0.18869579561960118	LEMMAREL
diskwalificeren.LEMMAREL2.PPMIweight.LENGTHFOC.SOCPOSall	0.8282495112960293	0.39306602430750764	NA	group2	bound	240	NA	NA	1	weight	FOC	240	all	4_4	223	diskwalificeren	0.17036179875926138	LEMMAREL
diskwalificeren.LEMMAREL2.PPMIselection.LENGTH5000.SOCPOSnav	0.8391141844235098	0.5095445424602405	NA	group2	bound	240	NA	NA	1	selection	5000	5000	nav	4_4	223	diskwalificeren	0.15181677380853817	LEMMAREL
diskwalificeren.LEMMAREL2.PPMIselection.LENGTH5000.SOCPOSall	0.8953192533306001	0.617719358912035	NA	group2	bound	240	NA	NA	1	selection	5000	5000	all	4_4	223	diskwalificeren	0.16909221481203407	LEMMAREL
diskwalificeren.LEMMAREL2.PPMIselection.LENGTHFOC.SOCPOSnav	0.8751043837583374	0.29357835864567683	NA	group2	bound	240	NA	NA	1	selection	FOC	101	nav	4_4	223	diskwalificeren	0.17546797767808112	LEMMAREL
diskwalificeren.LEMMAREL2.PPMIselection.LENGTHFOC.SOCPOSall	0.8195145797279355	0.24142573427697833	NA	group2	bound	240	NA	NA	1	selection	FOC	240	all	4_4	223	diskwalificeren	0.1805973679948366	LEMMAREL
diskwalificeren.LEMMAREL2.PPMIno.LENGTH5000.SOCPOSnav	1.0425761580282358	0.5286864715882394	NA	group2	bound	345	NA	NA	1	no	5000	5000	nav	4_4	225	diskwalificeren	0.1603227856530959	LEMMAREL
diskwalificeren.LEMMAREL2.PPMIno.LENGTH5000.SOCPOSall	1.427271618913223	0.709231870191652	NA	group2	bound	345	NA	NA	1	no	5000	5000	all	4_4	225	diskwalificeren	0.18532987006471768	LEMMAREL
diskwalificeren.LEMMAREL2.PPMIno.LENGTHFOC.SOCPOSnav	1.0651776690573236	0.16513534192936583	NA	group2	bound	345	NA	NA	1	no	FOC	143	nav	4_4	225	diskwalificeren	0.18419023180851568	LEMMAREL
diskwalificeren.LEMMAREL2.PPMIno.LENGTHFOC.SOCPOSall	1.054192683873222	0.13095520012542558	NA	group2	bound	345	NA	NA	1	no	FOC	345	all	4_4	225	diskwalificeren	0.17956631172009557	LEMMAREL
diskwalificeren.LEMMAPATHselection2.PPMIweight.LENGTH5000.SOCPOSnav	0.7834359127502714	0.5014014066989767	selection2	NA	bound	296	NA	NA	1	weight	5000	5000	nav	4_4	224	diskwalificeren	0.1539921170565653	LEMMAPATH
diskwalificeren.LEMMAPATHselection2.PPMIweight.LENGTH5000.SOCPOSall	0.7581402354862459	0.4629219454966358	selection2	NA	bound	296	NA	NA	1	weight	5000	5000	all	4_4	224	diskwalificeren	0.1652490723132285	LEMMAPATH
diskwalificeren.LEMMAPATHselection2.PPMIweight.LENGTHFOC.SOCPOSnav	0.8000661136373202	0.1950856435988693	selection2	NA	bound	296	NA	NA	1	weight	FOC	121	nav	4_4	224	diskwalificeren	0.17322566674653542	LEMMAPATH
diskwalificeren.LEMMAPATHselection2.PPMIweight.LENGTHFOC.SOCPOSall	0.7230491256171726	0.19891132503808953	selection2	NA	bound	296	NA	NA	1	weight	FOC	296	all	4_4	224	diskwalificeren	0.16892329704222683	LEMMAPATH
diskwalificeren.LEMMAPATHselection2.PPMIselection.LENGTH5000.SOCPOSnav	0.7800810144902329	0.2833531676480285	selection2	NA	bound	296	NA	NA	1	selection	5000	5000	nav	4_4	224	diskwalificeren	0.16357666221349884	LEMMAPATH
diskwalificeren.LEMMAPATHselection2.PPMIselection.LENGTH5000.SOCPOSall	0.9546012562229754	0.3034232624534583	selection2	NA	bound	296	NA	NA	1	selection	5000	5000	all	4_4	224	diskwalificeren	0.1730076617465681	LEMMAPATH
diskwalificeren.LEMMAPATHselection2.PPMIselection.LENGTHFOC.SOCPOSnav	0.8247627290342642	-0.020324304410675828	selection2	NA	bound	296	NA	NA	1	selection	FOC	121	nav	4_4	224	diskwalificeren	0.15769221444569284	LEMMAPATH
diskwalificeren.LEMMAPATHselection2.PPMIselection.LENGTHFOC.SOCPOSall	0.8027686533022347	-0.0011963578831332403	selection2	NA	bound	296	NA	NA	1	selection	FOC	296	all	4_4	224	diskwalificeren	0.16627637894753058	LEMMAPATH
diskwalificeren.LEMMAPATHselection2.PPMIno.LENGTH5000.SOCPOSnav	1.3258894629725935	-0.07341195993445801	selection2	NA	bound	461	NA	NA	1	no	5000	5000	nav	4_4	225	diskwalificeren	0.18874133120590952	LEMMAPATH
diskwalificeren.LEMMAPATHselection2.PPMIno.LENGTH5000.SOCPOSall	1.8717438044588148	-0.19062374650817265	selection2	NA	bound	461	NA	NA	1	no	5000	5000	all	4_4	225	diskwalificeren	0.19025696659269084	LEMMAPATH
diskwalificeren.LEMMAPATHselection2.PPMIno.LENGTHFOC.SOCPOSnav	1.1238797707964443	-0.23385145363481136	selection2	NA	bound	461	NA	NA	1	no	FOC	197	nav	4_4	225	diskwalificeren	0.15129410296131654	LEMMAPATH
diskwalificeren.LEMMAPATHselection2.PPMIno.LENGTHFOC.SOCPOSall	1.0932939691431907	-0.21218516424772244	selection2	NA	bound	461	NA	NA	1	no	FOC	461	all	4_4	225	diskwalificeren	0.15847100575985015	LEMMAPATH
diskwalificeren.LEMMAPATHselection3.PPMIweight.LENGTH5000.SOCPOSnav	0.5697920162394219	0.18841777668869875	selection3	NA	bound	392	NA	NA	1	weight	5000	5000	nav	4_4	224	diskwalificeren	0.14971991469749837	LEMMAPATH
diskwalificeren.LEMMAPATHselection3.PPMIweight.LENGTH5000.SOCPOSall	0.5879870582958135	0.026570934533566664	selection3	NA	bound	392	NA	NA	1	weight	5000	5000	all	4_4	224	diskwalificeren	0.16570501359742873	LEMMAPATH
diskwalificeren.LEMMAPATHselection3.PPMIweight.LENGTHFOC.SOCPOSnav	0.4598374282565555	-0.1052211627307319	selection3	NA	bound	392	NA	NA	1	weight	FOC	174	nav	4_4	224	diskwalificeren	0.14838001211610807	LEMMAPATH
diskwalificeren.LEMMAPATHselection3.PPMIweight.LENGTHFOC.SOCPOSall	0.44471957461683753	-0.08851976243292424	selection3	NA	bound	392	NA	NA	1	weight	FOC	392	all	4_4	224	diskwalificeren	0.1494839188131326	LEMMAPATH
diskwalificeren.LEMMAPATHselection3.PPMIselection.LENGTH5000.SOCPOSnav	0.667065470614853	-0.07947418961977687	selection3	NA	bound	392	NA	NA	1	selection	5000	5000	nav	4_4	224	diskwalificeren	0.16840028706976196	LEMMAPATH
diskwalificeren.LEMMAPATHselection3.PPMIselection.LENGTH5000.SOCPOSall	0.7872641622715396	-0.31038846037299483	selection3	NA	bound	392	NA	NA	1	selection	5000	5000	all	4_4	224	diskwalificeren	0.17793062848551328	LEMMAPATH
diskwalificeren.LEMMAPATHselection3.PPMIselection.LENGTHFOC.SOCPOSnav	0.5290853755716496	-0.2673901314191243	selection3	NA	bound	392	NA	NA	1	selection	FOC	174	nav	4_4	224	diskwalificeren	0.13930314930453633	LEMMAPATH
diskwalificeren.LEMMAPATHselection3.PPMIselection.LENGTHFOC.SOCPOSall	0.5675387211959554	-0.2574219106743718	selection3	NA	bound	392	NA	NA	1	selection	FOC	392	all	4_4	224	diskwalificeren	0.15094717739008312	LEMMAPATH
diskwalificeren.LEMMAPATHselection3.PPMIno.LENGTH5000.SOCPOSnav	1.322889295034096	-0.5410836860389919	selection3	NA	bound	682	NA	NA	1	no	5000	5000	nav	4_4	225	diskwalificeren	0.18502967937461798	LEMMAPATH
diskwalificeren.LEMMAPATHselection3.PPMIno.LENGTH5000.SOCPOSall	1.7378877524124803	-0.7863211309982204	selection3	NA	bound	682	NA	NA	1	no	5000	5000	all	4_4	225	diskwalificeren	0.21388564659682535	LEMMAPATH
diskwalificeren.LEMMAPATHselection3.PPMIno.LENGTHFOC.SOCPOSnav	0.9728441141708848	-0.6012710247942218	selection3	NA	bound	682	NA	NA	1	no	FOC	315	nav	4_4	225	diskwalificeren	0.13963277136348362	LEMMAPATH
diskwalificeren.LEMMAPATHselection3.PPMIno.LENGTHFOC.SOCPOSall	1.0013667686894483	-0.5931146749864853	selection3	NA	bound	682	NA	NA	1	no	FOC	682	all	4_4	225	diskwalificeren	0.14286893432840575	LEMMAPATH
diskwalificeren.LEMMAPATHweight.PPMIweight.LENGTH5000.SOCPOSnav	0.5697920162394219	0.18841777668869875	weight	NA	bound	392	NA	NA	1	weight	5000	5000	nav	4_4	224	diskwalificeren	0.14971991469749837	LEMMAPATH
diskwalificeren.LEMMAPATHweight.PPMIweight.LENGTH5000.SOCPOSall	0.5879870582958135	0.026570934533566664	weight	NA	bound	392	NA	NA	1	weight	5000	5000	all	4_4	224	diskwalificeren	0.16570501359742873	LEMMAPATH
diskwalificeren.LEMMAPATHweight.PPMIweight.LENGTHFOC.SOCPOSnav	0.4598374282565555	-0.1052211627307319	weight	NA	bound	392	NA	NA	1	weight	FOC	174	nav	4_4	224	diskwalificeren	0.14838001211610807	LEMMAPATH
diskwalificeren.LEMMAPATHweight.PPMIweight.LENGTHFOC.SOCPOSall	0.44471957461683753	-0.08851976243292424	weight	NA	bound	392	NA	NA	1	weight	FOC	392	all	4_4	224	diskwalificeren	0.1494839188131326	LEMMAPATH
diskwalificeren.LEMMAPATHweight.PPMIselection.LENGTH5000.SOCPOSnav	0.7793806958780081	0.18637487560474897	weight	NA	bound	392	NA	NA	1	selection	5000	5000	nav	4_4	224	diskwalificeren	0.1470819015846288	LEMMAPATH
diskwalificeren.LEMMAPATHweight.PPMIselection.LENGTH5000.SOCPOSall	0.8149916666651609	0.07182377434137913	weight	NA	bound	392	NA	NA	1	selection	5000	5000	all	4_4	224	diskwalificeren	0.16753743768933907	LEMMAPATH
diskwalificeren.LEMMAPATHweight.PPMIselection.LENGTHFOC.SOCPOSnav	0.6075113240805549	-0.0317501529274315	weight	NA	bound	392	NA	NA	1	selection	FOC	174	nav	4_4	224	diskwalificeren	0.14121491102434997	LEMMAPATH
diskwalificeren.LEMMAPATHweight.PPMIselection.LENGTHFOC.SOCPOSall	0.628057665031292	-0.040142571083423693	weight	NA	bound	392	NA	NA	1	selection	FOC	392	all	4_4	224	diskwalificeren	0.15524018347944107	LEMMAPATH
diskwalificeren.LEMMAPATHweight.PPMIno.LENGTH5000.SOCPOSnav	1.169139975587993	-0.09870562028696965	weight	NA	bound	682	NA	NA	1	no	5000	5000	nav	4_4	225	diskwalificeren	0.17318708342158748	LEMMAPATH
diskwalificeren.LEMMAPATHweight.PPMIno.LENGTH5000.SOCPOSall	1.6069408205855644	-0.29414022392582934	weight	NA	bound	682	NA	NA	1	no	5000	5000	all	4_4	225	diskwalificeren	0.18707588033696823	LEMMAPATH
diskwalificeren.LEMMAPATHweight.PPMIno.LENGTHFOC.SOCPOSnav	0.892705757207666	-0.2237080860087425	weight	NA	bound	682	NA	NA	1	no	FOC	315	nav	4_4	225	diskwalificeren	0.1394696115878884	LEMMAPATH
diskwalificeren.LEMMAPATHweight.PPMIno.LENGTHFOC.SOCPOSall	0.9112357322881975	-0.22705840289017878	weight	NA	bound	682	NA	NA	1	no	FOC	682	all	4_4	225	diskwalificeren	0.15081400188425587	LEMMAPATH
