_model	model.x	model.y	foc_minimum_features	soc_length	soc_length_num	tokens	type	LEMMAPATH	LEMMAREL	foc_boundaries	foc_context_words	foc_foc_pos	foc_foc_win	foc_ppmi	soc_soc_pos	soc_soc_win	stress	foc_base
stof.BOWbound10lex.PPMIweight.LENGTH5000.SOCPOSnav	-0.9092300364754949	-0.14284021774368402	1	5000	5000	311	stof	NA	NA	bound	648	lex	10_10	weight	nav	4_4	0.16062176181479862	BOW
stof.BOWbound10lex.PPMIweight.LENGTH5000.SOCPOSall	0.2088194757146849	-1.5866141420304158	1	5000	5000	311	stof	NA	NA	bound	648	lex	10_10	weight	all	4_4	0.21755316042018488	BOW
stof.BOWbound10lex.PPMIweight.LENGTHFOC.SOCPOSnav	-1.1701113324455243	0.17801159126433938	1	FOC	507	311	stof	NA	NA	bound	648	lex	10_10	weight	nav	4_4	0.1403817747364661	BOW
stof.BOWbound10lex.PPMIweight.LENGTHFOC.SOCPOSall	-1.129154138943626	0.1493109846404243	1	FOC	648	311	stof	NA	NA	bound	648	lex	10_10	weight	all	4_4	0.1300451137716368	BOW
stof.BOWbound10lex.PPMIselection.LENGTH5000.SOCPOSnav	-0.9431852009842363	-0.5056746067275045	1	5000	5000	311	stof	NA	NA	bound	648	lex	10_10	selection	nav	4_4	0.17149533282915877	BOW
stof.BOWbound10lex.PPMIselection.LENGTH5000.SOCPOSall	-0.10803355748146048	-1.8159053068587445	1	5000	5000	311	stof	NA	NA	bound	648	lex	10_10	selection	all	4_4	0.21604720649147693	BOW
stof.BOWbound10lex.PPMIselection.LENGTHFOC.SOCPOSnav	-1.2014705085215878	-0.10536220372029236	1	FOC	507	311	stof	NA	NA	bound	648	lex	10_10	selection	nav	4_4	0.1494547507855801	BOW
stof.BOWbound10lex.PPMIselection.LENGTHFOC.SOCPOSall	-1.1359859485437835	-0.15129384625793946	1	FOC	648	311	stof	NA	NA	bound	648	lex	10_10	selection	all	4_4	0.13890882734631418	BOW
stof.BOWbound10lex.PPMIno.LENGTH5000.SOCPOSnav	-1.0827415328787515	-0.7604773979103467	1	5000	5000	313	stof	NA	NA	bound	1132	lex	10_10	no	nav	4_4	0.15380607184535408	BOW
stof.BOWbound10lex.PPMIno.LENGTH5000.SOCPOSall	-0.027031136142866355	-2.636863074304926	1	5000	5000	313	stof	NA	NA	bound	1132	lex	10_10	no	all	4_4	0.18462533743398285	BOW
stof.BOWbound10lex.PPMIno.LENGTHFOC.SOCPOSnav	-1.2671972491760926	-0.3584518123306158	1	FOC	870	313	stof	NA	NA	bound	1132	lex	10_10	no	nav	4_4	0.1344177850841555	BOW
stof.BOWbound10lex.PPMIno.LENGTHFOC.SOCPOSall	-1.2070004089766386	-0.4136438096353608	1	FOC	1132	313	stof	NA	NA	bound	1132	lex	10_10	no	all	4_4	0.12871421884125037	BOW
stof.BOWbound10all.PPMIweight.LENGTH5000.SOCPOSnav	-0.32792123286409414	-0.22163171105410984	1	5000	5000	313	stof	NA	NA	bound	766	all	10_10	weight	nav	4_4	0.1301140075921401	BOW
stof.BOWbound10all.PPMIweight.LENGTH5000.SOCPOSall	1.0490354342101418	-1.0527684477613477	1	5000	5000	313	stof	NA	NA	bound	766	all	10_10	weight	all	4_4	0.1876948609559224	BOW
stof.BOWbound10all.PPMIweight.LENGTHFOC.SOCPOSnav	-0.7792530171365939	0.13353288001400346	1	FOC	507	313	stof	NA	NA	bound	766	all	10_10	weight	nav	4_4	0.12172253143255632	BOW
stof.BOWbound10all.PPMIweight.LENGTHFOC.SOCPOSall	-0.6999010336825064	0.07593668147252486	1	FOC	766	313	stof	NA	NA	bound	766	all	10_10	weight	all	4_4	0.11092386993716943	BOW
stof.BOWbound10all.PPMIselection.LENGTH5000.SOCPOSnav	0.4151006200548609	-0.6736962573217685	1	5000	5000	313	stof	NA	NA	bound	766	all	10_10	selection	nav	4_4	0.23108406108940344	BOW
stof.BOWbound10all.PPMIselection.LENGTH5000.SOCPOSall	2.1321231795573405	-1.172152591916324	1	5000	5000	313	stof	NA	NA	bound	766	all	10_10	selection	all	4_4	0.21284970453358146	BOW
stof.BOWbound10all.PPMIselection.LENGTHFOC.SOCPOSnav	-0.48980339910270576	-0.31828204503638136	1	FOC	507	313	stof	NA	NA	bound	766	all	10_10	selection	nav	4_4	0.15069699244653412	BOW
stof.BOWbound10all.PPMIselection.LENGTHFOC.SOCPOSall	-0.4247440491327213	-0.3373467869619204	1	FOC	766	313	stof	NA	NA	bound	766	all	10_10	selection	all	4_4	0.15043675053220598	BOW
stof.BOWbound10all.PPMIno.LENGTH5000.SOCPOSnav	-0.44219094702849715	-1.2238087429806417	1	5000	5000	313	stof	NA	NA	bound	1416	all	10_10	no	nav	4_4	0.23350219755798512	BOW
stof.BOWbound10all.PPMIno.LENGTH5000.SOCPOSall	2.1874518688607965	-1.7597439576030576	1	5000	5000	313	stof	NA	NA	bound	1416	all	10_10	no	all	4_4	0.18867008559597667	BOW
stof.BOWbound10all.PPMIno.LENGTHFOC.SOCPOSnav	-0.6518295291147378	-0.6950646678059978	1	FOC	870	313	stof	NA	NA	bound	1416	all	10_10	no	nav	4_4	0.16119614832331985	BOW
stof.BOWbound10all.PPMIno.LENGTHFOC.SOCPOSall	-0.6217778836573702	-0.8018529528175796	1	FOC	1416	313	stof	NA	NA	bound	1416	all	10_10	no	all	4_4	0.18006988245396008	BOW
stof.BOWbound5lex.PPMIweight.LENGTH5000.SOCPOSnav	-0.8348331941607788	-0.040037416150610836	1	5000	5000	307	stof	NA	NA	bound	483	lex	5_5	weight	nav	4_4	0.15597565634217328	BOW
stof.BOWbound5lex.PPMIweight.LENGTH5000.SOCPOSall	0.36073640979413213	-1.5105731261616524	1	5000	5000	307	stof	NA	NA	bound	483	lex	5_5	weight	all	4_4	0.22069632200366393	BOW
stof.BOWbound5lex.PPMIweight.LENGTHFOC.SOCPOSnav	-1.06497713104789	0.25913751883337516	1	FOC	375	307	stof	NA	NA	bound	483	lex	5_5	weight	nav	4_4	0.16335298152190486	BOW
stof.BOWbound5lex.PPMIweight.LENGTHFOC.SOCPOSall	-1.016401783463389	0.21320401655558355	1	FOC	483	307	stof	NA	NA	bound	483	lex	5_5	weight	all	4_4	0.15129935342700318	BOW
stof.BOWbound5lex.PPMIselection.LENGTH5000.SOCPOSnav	-0.8074789068499926	-0.27808075309965247	1	5000	5000	307	stof	NA	NA	bound	483	lex	5_5	selection	nav	4_4	0.16805559814058774	BOW
stof.BOWbound5lex.PPMIselection.LENGTH5000.SOCPOSall	0.1599206349772616	-1.6188420413028228	1	5000	5000	307	stof	NA	NA	bound	483	lex	5_5	selection	all	4_4	0.2184140877380742	BOW
stof.BOWbound5lex.PPMIselection.LENGTHFOC.SOCPOSnav	-1.033713188211047	0.06285980580134641	1	FOC	375	307	stof	NA	NA	bound	483	lex	5_5	selection	nav	4_4	0.16676757233497502	BOW
stof.BOWbound5lex.PPMIselection.LENGTHFOC.SOCPOSall	-0.9747638125676377	0.022617361676645766	1	FOC	483	307	stof	NA	NA	bound	483	lex	5_5	selection	all	4_4	0.15449684163950542	BOW
stof.BOWbound5lex.PPMIno.LENGTH5000.SOCPOSnav	-0.9605648148039513	-0.46905668118649374	1	5000	5000	312	stof	NA	NA	bound	711	lex	5_5	no	nav	4_4	0.1554352928786888	BOW
stof.BOWbound5lex.PPMIno.LENGTH5000.SOCPOSall	0.12519517678161016	-2.1907163417815276	1	5000	5000	312	stof	NA	NA	bound	711	lex	5_5	no	all	4_4	0.21573154867643649	BOW
stof.BOWbound5lex.PPMIno.LENGTHFOC.SOCPOSnav	-1.1514943211018784	-0.05451847759024915	1	FOC	542	312	stof	NA	NA	bound	711	lex	5_5	no	nav	4_4	0.14751359497910047	BOW
stof.BOWbound5lex.PPMIno.LENGTHFOC.SOCPOSall	-1.0823760688839958	-0.10843552272305268	1	FOC	711	312	stof	NA	NA	bound	711	lex	5_5	no	all	4_4	0.137415486713441	BOW
stof.BOWbound5all.PPMIweight.LENGTH5000.SOCPOSnav	-0.2146335763381262	-0.09691092739530494	1	5000	5000	313	stof	NA	NA	bound	583	all	5_5	weight	nav	4_4	0.12696563876328124	BOW
stof.BOWbound5all.PPMIweight.LENGTH5000.SOCPOSall	1.1579955529710895	-0.9105761518108456	1	5000	5000	313	stof	NA	NA	bound	583	all	5_5	weight	all	4_4	0.1832444794796728	BOW
stof.BOWbound5all.PPMIweight.LENGTHFOC.SOCPOSnav	-0.721217142291839	0.24962862690016047	1	FOC	375	313	stof	NA	NA	bound	583	all	5_5	weight	nav	4_4	0.13902343457735097	BOW
stof.BOWbound5all.PPMIweight.LENGTHFOC.SOCPOSall	-0.6361524134947866	0.20696891568503484	1	FOC	583	313	stof	NA	NA	bound	583	all	5_5	weight	all	4_4	0.1254104875225763	BOW
stof.BOWbound5all.PPMIselection.LENGTH5000.SOCPOSnav	0.5454731055449974	-0.17254044317382147	1	5000	5000	313	stof	NA	NA	bound	583	all	5_5	selection	nav	4_4	0.24601980636796583	BOW
stof.BOWbound5all.PPMIselection.LENGTH5000.SOCPOSall	1.9830939962891572	-0.5023937080590501	1	5000	5000	313	stof	NA	NA	bound	583	all	5_5	selection	all	4_4	0.2163711393529212	BOW
stof.BOWbound5all.PPMIselection.LENGTHFOC.SOCPOSnav	-0.34449193786792376	0.05391382686376607	1	FOC	375	313	stof	NA	NA	bound	583	all	5_5	selection	nav	4_4	0.17460611550802502	BOW
stof.BOWbound5all.PPMIselection.LENGTHFOC.SOCPOSall	-0.29551420161090675	0.023187030552782522	1	FOC	583	313	stof	NA	NA	bound	583	all	5_5	selection	all	4_4	0.17071481942752353	BOW
stof.BOWbound5all.PPMIno.LENGTH5000.SOCPOSnav	0.5008858595836604	-0.3273195122232604	1	5000	5000	313	stof	NA	NA	bound	896	all	5_5	no	nav	4_4	0.23772226712129152	BOW
stof.BOWbound5all.PPMIno.LENGTH5000.SOCPOSall	2.102902768093959	-0.7885451772929027	1	5000	5000	313	stof	NA	NA	bound	896	all	5_5	no	all	4_4	0.2080898405518695	BOW
stof.BOWbound5all.PPMIno.LENGTHFOC.SOCPOSnav	-0.359566521008955	-0.11210507336461029	1	FOC	542	313	stof	NA	NA	bound	896	all	5_5	no	nav	4_4	0.16131157141805263	BOW
stof.BOWbound5all.PPMIno.LENGTHFOC.SOCPOSall	-0.27659240893527876	-0.19810450813097324	1	FOC	896	313	stof	NA	NA	bound	896	all	5_5	no	all	4_4	0.16435049717644717	BOW
stof.BOWbound3lex.PPMIweight.LENGTH5000.SOCPOSnav	-0.6530121853756324	0.140736103438743	1	5000	5000	292	stof	NA	NA	bound	341	lex	3_3	weight	nav	4_4	0.16943464917979012	BOW
stof.BOWbound3lex.PPMIweight.LENGTH5000.SOCPOSall	0.6325090589756722	-1.291426920996108	1	5000	5000	292	stof	NA	NA	bound	341	lex	3_3	weight	all	4_4	0.22964875513089	BOW
stof.BOWbound3lex.PPMIweight.LENGTHFOC.SOCPOSnav	-0.8948050367336619	0.44798783363065176	1	FOC	259	292	stof	NA	NA	bound	341	lex	3_3	weight	nav	4_4	0.1483537073004055	BOW
stof.BOWbound3lex.PPMIweight.LENGTHFOC.SOCPOSall	-0.8412639194745902	0.41352611922359583	1	FOC	341	292	stof	NA	NA	bound	341	lex	3_3	weight	all	4_4	0.14772927185401477	BOW
stof.BOWbound3lex.PPMIselection.LENGTH5000.SOCPOSnav	-0.632223345856066	-0.03214458180264167	1	5000	5000	292	stof	NA	NA	bound	341	lex	3_3	selection	nav	4_4	0.1679164389856576	BOW
stof.BOWbound3lex.PPMIselection.LENGTH5000.SOCPOSall	0.49631534789345744	-1.3676621472336175	1	5000	5000	292	stof	NA	NA	bound	341	lex	3_3	selection	all	4_4	0.23675964037820765	BOW
stof.BOWbound3lex.PPMIselection.LENGTHFOC.SOCPOSnav	-0.8326534564947312	0.35541814400480876	1	FOC	259	292	stof	NA	NA	bound	341	lex	3_3	selection	nav	4_4	0.1583812183699415	BOW
stof.BOWbound3lex.PPMIselection.LENGTHFOC.SOCPOSall	-0.7898820270067455	0.3213130178842362	1	FOC	341	292	stof	NA	NA	bound	341	lex	3_3	selection	all	4_4	0.15142255200257276	BOW
stof.BOWbound3lex.PPMIno.LENGTH5000.SOCPOSnav	-1.0128391250581108	-0.31042061111770264	1	5000	5000	307	stof	NA	NA	bound	455	lex	3_3	no	nav	4_4	0.1623097173371566	BOW
stof.BOWbound3lex.PPMIno.LENGTH5000.SOCPOSall	0.5866906152179537	-2.0562076260943725	1	5000	5000	307	stof	NA	NA	bound	455	lex	3_3	no	all	4_4	0.22203230259160614	BOW
stof.BOWbound3lex.PPMIno.LENGTHFOC.SOCPOSnav	-1.1486967171641145	0.42336682080838267	1	FOC	341	307	stof	NA	NA	bound	455	lex	3_3	no	nav	4_4	0.1512473051811435	BOW
stof.BOWbound3lex.PPMIno.LENGTHFOC.SOCPOSall	-1.1095594047892714	0.3979223977376924	1	FOC	455	307	stof	NA	NA	bound	455	lex	3_3	no	all	4_4	0.14381296728057533	BOW
stof.BOWbound3all.PPMIweight.LENGTH5000.SOCPOSnav	-0.006328794669239629	0.20524672032540955	1	5000	5000	312	stof	NA	NA	bound	418	all	3_3	weight	nav	4_4	0.13606161274745732	BOW
stof.BOWbound3all.PPMIweight.LENGTH5000.SOCPOSall	1.4534126989030436	-0.5305957279675679	1	5000	5000	312	stof	NA	NA	bound	418	all	3_3	weight	all	4_4	0.19485562878221552	BOW
stof.BOWbound3all.PPMIweight.LENGTHFOC.SOCPOSnav	-0.704014729429625	0.6082256216102998	1	FOC	259	312	stof	NA	NA	bound	418	all	3_3	weight	nav	4_4	0.13322721547697203	BOW
stof.BOWbound3all.PPMIweight.LENGTHFOC.SOCPOSall	-0.6060018321449122	0.5487576592751666	1	FOC	418	312	stof	NA	NA	bound	418	all	3_3	weight	all	4_4	0.1366971750819106	BOW
stof.BOWbound3all.PPMIselection.LENGTH5000.SOCPOSnav	0.6856808525172311	0.30719739943580304	1	5000	5000	312	stof	NA	NA	bound	418	all	3_3	selection	nav	4_4	0.23660519627122475	BOW
stof.BOWbound3all.PPMIselection.LENGTH5000.SOCPOSall	1.94487185744437	0.11490630952247978	1	5000	5000	312	stof	NA	NA	bound	418	all	3_3	selection	all	4_4	0.22159379318830555	BOW
stof.BOWbound3all.PPMIselection.LENGTHFOC.SOCPOSnav	-0.2678935788818129	0.4568952899374275	1	FOC	259	312	stof	NA	NA	bound	418	all	3_3	selection	nav	4_4	0.18742211491925878	BOW
stof.BOWbound3all.PPMIselection.LENGTHFOC.SOCPOSall	-0.19828001722300087	0.38937969510800613	1	FOC	418	312	stof	NA	NA	bound	418	all	3_3	selection	all	4_4	0.1981124156333815	BOW
stof.BOWbound3all.PPMIno.LENGTH5000.SOCPOSnav	0.7027392959238921	0.20594788696259295	1	5000	5000	312	stof	NA	NA	bound	590	all	3_3	no	nav	4_4	0.24463942465786032	BOW
stof.BOWbound3all.PPMIno.LENGTH5000.SOCPOSall	2.1636781256935596	-0.0497739854229127	1	5000	5000	312	stof	NA	NA	bound	590	all	3_3	no	all	4_4	0.22713045816802632	BOW
stof.BOWbound3all.PPMIno.LENGTHFOC.SOCPOSnav	-0.2607545236287611	0.34626116580461247	1	FOC	341	312	stof	NA	NA	bound	590	all	3_3	no	nav	4_4	0.16512635609841914	BOW
stof.BOWbound3all.PPMIno.LENGTHFOC.SOCPOSall	-0.16620615273773373	0.2552920062582423	1	FOC	590	312	stof	NA	NA	bound	590	all	3_3	no	all	4_4	0.17230997488016792	BOW
stof.BOWnobound10lex.PPMIweight.LENGTH5000.SOCPOSnav	-1.05748236348976	-0.1847158285183226	1	5000	5000	311	stof	NA	NA	nobound	747	lex	10_10	weight	nav	4_4	0.1553691840136864	BOW
stof.BOWnobound10lex.PPMIweight.LENGTH5000.SOCPOSall	-0.03795920350861766	-1.667979836932555	1	5000	5000	311	stof	NA	NA	nobound	747	lex	10_10	weight	all	4_4	0.21193261401665192	BOW
stof.BOWnobound10lex.PPMIweight.LENGTHFOC.SOCPOSnav	-1.283964355505933	0.13539098017214213	1	FOC	579	311	stof	NA	NA	nobound	747	lex	10_10	weight	nav	4_4	0.12617977490661714	BOW
stof.BOWnobound10lex.PPMIweight.LENGTHFOC.SOCPOSall	-1.251234414216503	0.10971494636522464	1	FOC	747	311	stof	NA	NA	nobound	747	lex	10_10	weight	all	4_4	0.12527698030623835	BOW
stof.BOWnobound10lex.PPMIselection.LENGTH5000.SOCPOSnav	-1.1804616643969277	-0.6371912240255373	1	5000	5000	311	stof	NA	NA	nobound	747	lex	10_10	selection	nav	4_4	0.1628884828342369	BOW
stof.BOWnobound10lex.PPMIselection.LENGTH5000.SOCPOSall	-0.276980302841661	-1.970346999833367	1	5000	5000	311	stof	NA	NA	nobound	747	lex	10_10	selection	all	4_4	0.21204629729757513	BOW
stof.BOWnobound10lex.PPMIselection.LENGTHFOC.SOCPOSnav	-1.3859435369050743	-0.18322966462277498	1	FOC	579	311	stof	NA	NA	nobound	747	lex	10_10	selection	nav	4_4	0.1495053303454689	BOW
stof.BOWnobound10lex.PPMIselection.LENGTHFOC.SOCPOSall	-1.3326322977959084	-0.23638114505929064	1	FOC	747	311	stof	NA	NA	nobound	747	lex	10_10	selection	all	4_4	0.13951657123592517	BOW
stof.BOWnobound10lex.PPMIno.LENGTH5000.SOCPOSnav	-1.4145355733906453	-0.871997234916304	1	5000	5000	313	stof	NA	NA	nobound	1452	lex	10_10	no	nav	4_4	0.152250442637819	BOW
stof.BOWnobound10lex.PPMIno.LENGTH5000.SOCPOSall	-0.4098957175982122	-2.998341874046818	1	5000	5000	313	stof	NA	NA	nobound	1452	lex	10_10	no	all	4_4	0.17599256790247825	BOW
stof.BOWnobound10lex.PPMIno.LENGTHFOC.SOCPOSnav	-1.496680026410977	-0.47185515911616494	1	FOC	1112	313	stof	NA	NA	nobound	1452	lex	10_10	no	nav	4_4	0.13290608383869276	BOW
stof.BOWnobound10lex.PPMIno.LENGTHFOC.SOCPOSall	-1.448489331995122	-0.5282190238247424	1	FOC	1452	313	stof	NA	NA	nobound	1452	lex	10_10	no	all	4_4	0.132083060877394	BOW
stof.BOWnobound10all.PPMIweight.LENGTH5000.SOCPOSnav	-0.5040916012800382	-0.3961957359161762	1	5000	5000	313	stof	NA	NA	nobound	889	all	10_10	weight	nav	4_4	0.12913992207596067	BOW
stof.BOWnobound10all.PPMIweight.LENGTH5000.SOCPOSall	1.0079414108569442	-1.1990781139334514	1	5000	5000	313	stof	NA	NA	nobound	889	all	10_10	weight	all	4_4	0.1827095597341866	BOW
stof.BOWnobound10all.PPMIweight.LENGTHFOC.SOCPOSnav	-0.9558812526773784	0.10061433646918641	1	FOC	579	313	stof	NA	NA	nobound	889	all	10_10	weight	nav	4_4	0.1155342888640129	BOW
stof.BOWnobound10all.PPMIweight.LENGTHFOC.SOCPOSall	-0.8572128792141971	0.018628827023585162	1	FOC	889	313	stof	NA	NA	nobound	889	all	10_10	weight	all	4_4	0.10984598075306577	BOW
stof.BOWnobound10all.PPMIselection.LENGTH5000.SOCPOSnav	-0.272349699110501	-1.1825334218781993	1	5000	5000	313	stof	NA	NA	nobound	889	all	10_10	selection	nav	4_4	0.22786505194912626	BOW
stof.BOWnobound10all.PPMIselection.LENGTH5000.SOCPOSall	2.220698508878422	-1.5145309541749645	1	5000	5000	313	stof	NA	NA	nobound	889	all	10_10	selection	all	4_4	0.1799048462267422	BOW
stof.BOWnobound10all.PPMIselection.LENGTHFOC.SOCPOSnav	-0.7427659977168746	-0.5639527358791295	1	FOC	579	313	stof	NA	NA	nobound	889	all	10_10	selection	nav	4_4	0.15270271677316427	BOW
stof.BOWnobound10all.PPMIselection.LENGTHFOC.SOCPOSall	-0.6340531779034659	-0.5581540258886715	1	FOC	889	313	stof	NA	NA	nobound	889	all	10_10	selection	all	4_4	0.15175284101031308	BOW
stof.BOWnobound10all.PPMIno.LENGTH5000.SOCPOSnav	-1.015852795429362	-1.448109690763885	1	5000	5000	313	stof	NA	NA	nobound	1845	all	10_10	no	nav	4_4	0.21998453988045963	BOW
stof.BOWnobound10all.PPMIno.LENGTH5000.SOCPOSall	2.138361872392594	-2.367308497017395	1	5000	5000	313	stof	NA	NA	nobound	1845	all	10_10	no	all	4_4	0.19100312745788986	BOW
stof.BOWnobound10all.PPMIno.LENGTHFOC.SOCPOSnav	-1.0920692631415378	-0.9702668042741563	1	FOC	1112	313	stof	NA	NA	nobound	1845	all	10_10	no	nav	4_4	0.16113627792534405	BOW
stof.BOWnobound10all.PPMIno.LENGTHFOC.SOCPOSall	-1.0839411300040884	-1.1130514551437674	1	FOC	1845	313	stof	NA	NA	nobound	1845	all	10_10	no	all	4_4	0.18867428852836468	BOW
stof.BOWnobound5lex.PPMIweight.LENGTH5000.SOCPOSnav	-0.9611925775482457	-0.039265850092043676	1	5000	5000	310	stof	NA	NA	nobound	513	lex	5_5	weight	nav	4_4	0.15282093676678668	BOW
stof.BOWnobound5lex.PPMIweight.LENGTH5000.SOCPOSall	0.233689448705695	-1.6532820268120547	1	5000	5000	310	stof	NA	NA	nobound	513	lex	5_5	weight	all	4_4	0.21314607816143036	BOW
stof.BOWnobound5lex.PPMIweight.LENGTHFOC.SOCPOSnav	-1.1894515447163898	0.2507701779153677	1	FOC	395	310	stof	NA	NA	nobound	513	lex	5_5	weight	nav	4_4	0.1672003996668374	BOW
stof.BOWnobound5lex.PPMIweight.LENGTHFOC.SOCPOSall	-1.1355883264694007	0.220049574451482	1	FOC	513	310	stof	NA	NA	nobound	513	lex	5_5	weight	all	4_4	0.15316666996607461	BOW
stof.BOWnobound5lex.PPMIselection.LENGTH5000.SOCPOSnav	-0.96115461388868	-0.34570271453838863	1	5000	5000	310	stof	NA	NA	nobound	513	lex	5_5	selection	nav	4_4	0.170111774224894	BOW
stof.BOWnobound5lex.PPMIselection.LENGTH5000.SOCPOSall	0.04664383655564042	-1.7883841568795853	1	5000	5000	310	stof	NA	NA	nobound	513	lex	5_5	selection	all	4_4	0.22431692638058412	BOW
stof.BOWnobound5lex.PPMIselection.LENGTHFOC.SOCPOSnav	-1.16109360512958	0.039186156544401454	1	FOC	395	310	stof	NA	NA	nobound	513	lex	5_5	selection	nav	4_4	0.16286046308426286	BOW
stof.BOWnobound5lex.PPMIselection.LENGTHFOC.SOCPOSall	-1.0986429672636782	-0.003536395220724982	1	FOC	513	310	stof	NA	NA	nobound	513	lex	5_5	selection	all	4_4	0.15308336055815433	BOW
stof.BOWnobound5lex.PPMIno.LENGTH5000.SOCPOSnav	-1.095313656389457	-0.5350209196340134	1	5000	5000	313	stof	NA	NA	nobound	799	lex	5_5	no	nav	4_4	0.1610386933784907	BOW
stof.BOWnobound5lex.PPMIno.LENGTH5000.SOCPOSall	-0.10356731637071404	-2.4270578501891658	1	5000	5000	313	stof	NA	NA	nobound	799	lex	5_5	no	all	4_4	0.2124158709703999	BOW
stof.BOWnobound5lex.PPMIno.LENGTHFOC.SOCPOSnav	-1.2415840544790855	-0.10923190272259528	1	FOC	601	313	stof	NA	NA	nobound	799	lex	5_5	no	nav	4_4	0.14843875981681512	BOW
stof.BOWnobound5lex.PPMIno.LENGTHFOC.SOCPOSall	-1.1952249444378977	-0.1697692865287246	1	FOC	799	313	stof	NA	NA	nobound	799	lex	5_5	no	all	4_4	0.14138516190813652	BOW
stof.BOWnobound5all.PPMIweight.LENGTH5000.SOCPOSnav	-0.2620085004873123	-0.14317909541428678	1	5000	5000	313	stof	NA	NA	nobound	624	all	5_5	weight	nav	4_4	0.12411183910642422	BOW
stof.BOWnobound5all.PPMIweight.LENGTH5000.SOCPOSall	1.1611417965678985	-1.0073422145437743	1	5000	5000	313	stof	NA	NA	nobound	624	all	5_5	weight	all	4_4	0.17860791884231433	BOW
stof.BOWnobound5all.PPMIweight.LENGTHFOC.SOCPOSnav	-0.791860402847047	0.2258707819742473	1	FOC	395	313	stof	NA	NA	nobound	624	all	5_5	weight	nav	4_4	0.13950751058511926	BOW
stof.BOWnobound5all.PPMIweight.LENGTHFOC.SOCPOSall	-0.6937727746678631	0.18827007325355602	1	FOC	624	313	stof	NA	NA	nobound	624	all	5_5	weight	all	4_4	0.12565394633065324	BOW
stof.BOWnobound5all.PPMIselection.LENGTH5000.SOCPOSnav	0.6030200353974079	-0.26147789512940733	1	5000	5000	313	stof	NA	NA	nobound	624	all	5_5	selection	nav	4_4	0.24826904657901136	BOW
stof.BOWnobound5all.PPMIselection.LENGTH5000.SOCPOSall	2.137397284630963	-0.5903816955361822	1	5000	5000	313	stof	NA	NA	nobound	624	all	5_5	selection	all	4_4	0.22608466504364336	BOW
stof.BOWnobound5all.PPMIselection.LENGTHFOC.SOCPOSnav	-0.38807077781128263	0.011213657894740816	1	FOC	395	313	stof	NA	NA	nobound	624	all	5_5	selection	nav	4_4	0.1683263966297729	BOW
stof.BOWnobound5all.PPMIselection.LENGTHFOC.SOCPOSall	-0.32655189342114016	-0.023209059656241326	1	FOC	624	313	stof	NA	NA	nobound	624	all	5_5	selection	all	4_4	0.16673521483039677	BOW
stof.BOWnobound5all.PPMIno.LENGTH5000.SOCPOSnav	0.5062375596925952	-0.43745519890822554	1	5000	5000	313	stof	NA	NA	nobound	1016	all	5_5	no	nav	4_4	0.24105550324539357	BOW
stof.BOWnobound5all.PPMIno.LENGTH5000.SOCPOSall	2.2492387939577534	-1.094892931086785	1	5000	5000	313	stof	NA	NA	nobound	1016	all	5_5	no	all	4_4	0.21610839049553432	BOW
stof.BOWnobound5all.PPMIno.LENGTHFOC.SOCPOSnav	-0.42903249076495925	-0.22235294543551365	1	FOC	601	313	stof	NA	NA	nobound	1016	all	5_5	no	nav	4_4	0.16072405942197718	BOW
stof.BOWnobound5all.PPMIno.LENGTHFOC.SOCPOSall	-0.3267322219088347	-0.31960002741966764	1	FOC	1016	313	stof	NA	NA	nobound	1016	all	5_5	no	all	4_4	0.1712327726553153	BOW
stof.BOWnobound3lex.PPMIweight.LENGTH5000.SOCPOSnav	-0.6868324028096076	0.12207815712394683	1	5000	5000	294	stof	NA	NA	nobound	352	lex	3_3	weight	nav	4_4	0.1693055395142777	BOW
stof.BOWnobound3lex.PPMIweight.LENGTH5000.SOCPOSall	0.6182795344535575	-1.3281304146980446	1	5000	5000	294	stof	NA	NA	nobound	352	lex	3_3	weight	all	4_4	0.22850879596030188	BOW
stof.BOWnobound3lex.PPMIweight.LENGTHFOC.SOCPOSnav	-0.9309950748051141	0.44058514490110695	1	FOC	269	294	stof	NA	NA	nobound	352	lex	3_3	weight	nav	4_4	0.14655671687579538	BOW
stof.BOWnobound3lex.PPMIweight.LENGTHFOC.SOCPOSall	-0.8899786810082064	0.4027712221999374	1	FOC	352	294	stof	NA	NA	nobound	352	lex	3_3	weight	all	4_4	0.1477503558428959	BOW
stof.BOWnobound3lex.PPMIselection.LENGTH5000.SOCPOSnav	-0.6739648704062869	-0.07145304743199264	1	5000	5000	294	stof	NA	NA	nobound	352	lex	3_3	selection	nav	4_4	0.16909808216568323	BOW
stof.BOWnobound3lex.PPMIselection.LENGTH5000.SOCPOSall	0.48135884038803417	-1.4101174828495557	1	5000	5000	294	stof	NA	NA	nobound	352	lex	3_3	selection	all	4_4	0.23497465117150562	BOW
stof.BOWnobound3lex.PPMIselection.LENGTHFOC.SOCPOSnav	-0.8762126962388522	0.33796995119447326	1	FOC	269	294	stof	NA	NA	nobound	352	lex	3_3	selection	nav	4_4	0.1566517863149427	BOW
stof.BOWnobound3lex.PPMIselection.LENGTHFOC.SOCPOSall	-0.8349910431271591	0.30508510497557906	1	FOC	352	294	stof	NA	NA	nobound	352	lex	3_3	selection	all	4_4	0.15101508750044176	BOW
stof.BOWnobound3lex.PPMIno.LENGTH5000.SOCPOSnav	-1.1646850323583537	-0.32770319365030154	1	5000	5000	309	stof	NA	NA	nobound	484	lex	3_3	no	nav	4_4	0.16470622656266184	BOW
stof.BOWnobound3lex.PPMIno.LENGTH5000.SOCPOSall	0.4771033484725683	-2.199625277719953	1	5000	5000	309	stof	NA	NA	nobound	484	lex	3_3	no	all	4_4	0.21299405603159285	BOW
stof.BOWnobound3lex.PPMIno.LENGTHFOC.SOCPOSnav	-1.2452343579648195	0.3814369289913362	1	FOC	363	309	stof	NA	NA	nobound	484	lex	3_3	no	nav	4_4	0.15141749838732418	BOW
stof.BOWnobound3lex.PPMIno.LENGTHFOC.SOCPOSall	-1.2182720255041963	0.35886885750685094	1	FOC	484	309	stof	NA	NA	nobound	484	lex	3_3	no	all	4_4	0.14717225607151369	BOW
stof.BOWnobound3all.PPMIweight.LENGTH5000.SOCPOSnav	-0.012418589031712867	0.14054355828899026	1	5000	5000	313	stof	NA	NA	nobound	434	all	3_3	weight	nav	4_4	0.1349591723278803	BOW
stof.BOWnobound3all.PPMIweight.LENGTH5000.SOCPOSall	1.472545016851375	-0.5957604678307576	1	5000	5000	313	stof	NA	NA	nobound	434	all	3_3	weight	all	4_4	0.1878814622553074	BOW
stof.BOWnobound3all.PPMIweight.LENGTHFOC.SOCPOSnav	-0.7423663502551153	0.5998237884961045	1	FOC	269	313	stof	NA	NA	nobound	434	all	3_3	weight	nav	4_4	0.1339908390929426	BOW
stof.BOWnobound3all.PPMIweight.LENGTHFOC.SOCPOSall	-0.6496609833716975	0.5462795953612556	1	FOC	434	313	stof	NA	NA	nobound	434	all	3_3	weight	all	4_4	0.13549481884921197	BOW
stof.BOWnobound3all.PPMIselection.LENGTH5000.SOCPOSnav	0.7333761274307347	0.31968850373876323	1	5000	5000	313	stof	NA	NA	nobound	434	all	3_3	selection	nav	4_4	0.2483554245492801	BOW
stof.BOWnobound3all.PPMIselection.LENGTH5000.SOCPOSall	2.0445387397775803	0.10710796117521351	1	5000	5000	313	stof	NA	NA	nobound	434	all	3_3	selection	all	4_4	0.22439898229159178	BOW
stof.BOWnobound3all.PPMIselection.LENGTHFOC.SOCPOSnav	-0.28595761938695574	0.4501694071688918	1	FOC	269	313	stof	NA	NA	nobound	434	all	3_3	selection	nav	4_4	0.19098088650127656	BOW
stof.BOWnobound3all.PPMIselection.LENGTHFOC.SOCPOSall	-0.21681114614106134	0.3823739741572349	1	FOC	434	313	stof	NA	NA	nobound	434	all	3_3	selection	all	4_4	0.20118315003239312	BOW
stof.BOWnobound3all.PPMIno.LENGTH5000.SOCPOSnav	0.7595866302979838	0.19545436413715042	1	5000	5000	313	stof	NA	NA	nobound	628	all	3_3	no	nav	4_4	0.259888976442255	BOW
stof.BOWnobound3all.PPMIno.LENGTH5000.SOCPOSall	2.3079709271573634	-0.09100912787300654	1	5000	5000	313	stof	NA	NA	nobound	628	all	3_3	no	all	4_4	0.23177148672329576	BOW
stof.BOWnobound3all.PPMIno.LENGTHFOC.SOCPOSnav	-0.27875819450394523	0.3462271797255484	1	FOC	363	313	stof	NA	NA	nobound	628	all	3_3	no	nav	4_4	0.16864521557472872	BOW
stof.BOWnobound3all.PPMIno.LENGTHFOC.SOCPOSall	-0.18116567325945332	0.2357633475448509	1	FOC	628	313	stof	NA	NA	nobound	628	all	3_3	no	all	4_4	0.1763097854694346	BOW
stof.LEMMAPATHselection2.PPMIweight.LENGTH5000.SOCPOSnav	0.061933119192248684	0.7439034933834138	1	5000	5000	313	stof	selection2	NA	bound	399	NA	NA	weight	nav	4_4	0.1426561176366028	LEMMAPATH
stof.LEMMAPATHselection2.PPMIweight.LENGTH5000.SOCPOSall	1.65924091612079	-0.17504011876177622	1	5000	5000	313	stof	selection2	NA	bound	399	NA	NA	weight	all	4_4	0.18161171389418151	LEMMAPATH
stof.LEMMAPATHselection2.PPMIweight.LENGTHFOC.SOCPOSnav	-0.6659007009200172	0.9210339847398253	1	FOC	254	313	stof	selection2	NA	bound	399	NA	NA	weight	nav	4_4	0.14610755040135678	LEMMAPATH
stof.LEMMAPATHselection2.PPMIweight.LENGTHFOC.SOCPOSall	-0.6095969233666797	0.8809313241928033	1	FOC	399	313	stof	selection2	NA	bound	399	NA	NA	weight	all	4_4	0.13723937577328407	LEMMAPATH
stof.LEMMAPATHselection2.PPMIselection.LENGTH5000.SOCPOSnav	0.7665311123169964	0.7735202196122801	1	5000	5000	313	stof	selection2	NA	bound	399	NA	NA	selection	nav	4_4	0.24508957897365985	LEMMAPATH
stof.LEMMAPATHselection2.PPMIselection.LENGTH5000.SOCPOSall	1.9651710291216629	0.5237777400414999	1	5000	5000	313	stof	selection2	NA	bound	399	NA	NA	selection	all	4_4	0.21990476961730068	LEMMAPATH
stof.LEMMAPATHselection2.PPMIselection.LENGTHFOC.SOCPOSnav	-0.17773570899794533	0.8320587824759755	1	FOC	254	313	stof	selection2	NA	bound	399	NA	NA	selection	nav	4_4	0.19896855610122013	LEMMAPATH
stof.LEMMAPATHselection2.PPMIselection.LENGTHFOC.SOCPOSall	-0.14495429819377917	0.7800518659319339	1	FOC	399	313	stof	selection2	NA	bound	399	NA	NA	selection	all	4_4	0.18563287151282531	LEMMAPATH
stof.LEMMAPATHselection2.PPMIno.LENGTH5000.SOCPOSnav	0.7985299745900831	0.7193794795680906	1	5000	5000	313	stof	selection2	NA	bound	563	NA	NA	no	nav	4_4	0.24338159582039368	LEMMAPATH
stof.LEMMAPATHselection2.PPMIno.LENGTH5000.SOCPOSall	2.1230769783839976	0.4542411346031896	1	5000	5000	313	stof	selection2	NA	bound	563	NA	NA	no	all	4_4	0.22586807595378	LEMMAPATH
stof.LEMMAPATHselection2.PPMIno.LENGTHFOC.SOCPOSnav	-0.12161744952318884	0.7830238196464647	1	FOC	342	313	stof	selection2	NA	bound	563	NA	NA	no	nav	4_4	0.1819480219007829	LEMMAPATH
stof.LEMMAPATHselection2.PPMIno.LENGTHFOC.SOCPOSall	-0.06548084996725377	0.7537791088953893	1	FOC	563	313	stof	selection2	NA	bound	563	NA	NA	no	all	4_4	0.17430947465513985	LEMMAPATH
stof.LEMMAPATHselection3.PPMIweight.LENGTH5000.SOCPOSnav	-0.11303900994321435	0.1654123528036802	1	5000	5000	313	stof	selection3	NA	bound	534	NA	NA	weight	nav	4_4	0.1415973169642185	LEMMAPATH
stof.LEMMAPATHselection3.PPMIweight.LENGTH5000.SOCPOSall	1.3485639869361075	-0.7770497540151747	1	5000	5000	313	stof	selection3	NA	bound	534	NA	NA	weight	all	4_4	0.18492181828207785	LEMMAPATH
stof.LEMMAPATHselection3.PPMIweight.LENGTHFOC.SOCPOSnav	-0.7315342552854021	0.5720753035579238	1	FOC	346	313	stof	selection3	NA	bound	534	NA	NA	weight	nav	4_4	0.13594802347136245	LEMMAPATH
stof.LEMMAPATHselection3.PPMIweight.LENGTHFOC.SOCPOSall	-0.6551758158113794	0.5232804199505139	1	FOC	534	313	stof	selection3	NA	bound	534	NA	NA	weight	all	4_4	0.12708194584631644	LEMMAPATH
stof.LEMMAPATHselection3.PPMIselection.LENGTH5000.SOCPOSnav	0.8589519695270108	0.3822984536092595	1	5000	5000	313	stof	selection3	NA	bound	534	NA	NA	selection	nav	4_4	0.24694554080495978	LEMMAPATH
stof.LEMMAPATHselection3.PPMIselection.LENGTH5000.SOCPOSall	2.2754347947668356	0.04706019035537941	1	5000	5000	313	stof	selection3	NA	bound	534	NA	NA	selection	all	4_4	0.2208966093194606	LEMMAPATH
stof.LEMMAPATHselection3.PPMIselection.LENGTHFOC.SOCPOSnav	-0.22415810173653666	0.43897567770706475	1	FOC	346	313	stof	selection3	NA	bound	534	NA	NA	selection	nav	4_4	0.1846669115795079	LEMMAPATH
stof.LEMMAPATHselection3.PPMIselection.LENGTHFOC.SOCPOSall	-0.14393777119652	0.3603521003951109	1	FOC	534	313	stof	selection3	NA	bound	534	NA	NA	selection	all	4_4	0.18322284247169635	LEMMAPATH
stof.LEMMAPATHselection3.PPMIno.LENGTH5000.SOCPOSnav	0.9397144571472099	0.26349981004598555	1	5000	5000	313	stof	selection3	NA	bound	849	NA	NA	no	nav	4_4	0.24665093536709753	LEMMAPATH
stof.LEMMAPATHselection3.PPMIno.LENGTH5000.SOCPOSall	2.5555299386616332	-0.20913819397071345	1	5000	5000	313	stof	selection3	NA	bound	849	NA	NA	no	all	4_4	0.21318750398391698	LEMMAPATH
stof.LEMMAPATHselection3.PPMIno.LENGTHFOC.SOCPOSnav	-0.0663340843670002	0.30381256460063766	1	FOC	526	313	stof	selection3	NA	bound	849	NA	NA	no	nav	4_4	0.16509950147353344	LEMMAPATH
stof.LEMMAPATHselection3.PPMIno.LENGTHFOC.SOCPOSall	0.049207465387638497	0.1804028204034809	1	FOC	849	313	stof	selection3	NA	bound	849	NA	NA	no	all	4_4	0.1716890535652632	LEMMAPATH
stof.LEMMAPATHweight.PPMIselection.LENGTH5000.SOCPOSnav	0.7724332959507367	0.7052385909565115	1	5000	5000	313	stof	weight	NA	bound	534	NA	NA	selection	nav	4_4	0.2390184775028433	LEMMAPATH
stof.LEMMAPATHweight.PPMIselection.LENGTH5000.SOCPOSall	1.945951413155676	0.5313184461096886	1	5000	5000	313	stof	weight	NA	bound	534	NA	NA	selection	all	4_4	0.22706140813411557	LEMMAPATH
stof.LEMMAPATHweight.PPMIselection.LENGTHFOC.SOCPOSnav	-0.05473243690127173	0.5831487101641654	1	FOC	346	313	stof	weight	NA	bound	534	NA	NA	selection	nav	4_4	0.19329001210686314	LEMMAPATH
stof.LEMMAPATHweight.PPMIselection.LENGTHFOC.SOCPOSall	-0.016759259085812227	0.5527242220827522	1	FOC	534	313	stof	weight	NA	bound	534	NA	NA	selection	all	4_4	0.19477787881623587	LEMMAPATH
stof.LEMMAPATHweight.PPMIno.LENGTH5000.SOCPOSnav	0.8057011960598036	0.649553598572524	1	5000	5000	313	stof	weight	NA	bound	849	NA	NA	no	nav	4_4	0.2433980530531753	LEMMAPATH
stof.LEMMAPATHweight.PPMIno.LENGTH5000.SOCPOSall	2.10339607072898	0.4545015611366749	1	5000	5000	313	stof	weight	NA	bound	849	NA	NA	no	all	4_4	0.22501365351089728	LEMMAPATH
stof.LEMMAPATHweight.PPMIno.LENGTHFOC.SOCPOSnav	0.05770024181425974	0.5263255155017967	1	FOC	526	313	stof	weight	NA	bound	849	NA	NA	no	nav	4_4	0.17848217897536311	LEMMAPATH
stof.LEMMAPATHweight.PPMIno.LENGTHFOC.SOCPOSall	0.11393005293354172	0.4952836896784083	1	FOC	849	313	stof	weight	NA	bound	849	NA	NA	no	all	4_4	0.1820188382407891	LEMMAPATH
stof.LEMMAREL1.PPMIweight.LENGTH5000.SOCPOSnav	0.4594875975937396	1.1569221681143715	1	5000	5000	298	stof	NA	group1	bound	176	NA	NA	weight	nav	4_4	0.18197463967568592	LEMMAREL
stof.LEMMAREL1.PPMIweight.LENGTH5000.SOCPOSall	1.6795531023918633	1.106259653358357	1	5000	5000	298	stof	NA	group1	bound	176	NA	NA	weight	all	4_4	0.19545450189667804	LEMMAREL
stof.LEMMAREL1.PPMIweight.LENGTHFOC.SOCPOSnav	-0.18274449229591072	1.4043150830344446	1	FOC	112	298	stof	NA	group1	bound	176	NA	NA	weight	nav	4_4	0.21092198670110612	LEMMAREL
stof.LEMMAREL1.PPMIweight.LENGTHFOC.SOCPOSall	-0.1085393949505371	1.354891031163216	1	FOC	176	298	stof	NA	group1	bound	176	NA	NA	weight	all	4_4	0.22381987116569338	LEMMAREL
stof.LEMMAREL1.PPMIselection.LENGTH5000.SOCPOSnav	0.7795952190469368	1.1582566598846862	1	5000	5000	298	stof	NA	group1	bound	176	NA	NA	selection	nav	4_4	0.198196667654457	LEMMAREL
stof.LEMMAREL1.PPMIselection.LENGTH5000.SOCPOSall	1.7184934678478234	1.2116859480466993	1	5000	5000	298	stof	NA	group1	bound	176	NA	NA	selection	all	4_4	0.2273480475518692	LEMMAREL
stof.LEMMAREL1.PPMIselection.LENGTHFOC.SOCPOSnav	0.18266052631461463	1.2658905468961155	1	FOC	112	298	stof	NA	group1	bound	176	NA	NA	selection	nav	4_4	0.21809388543741662	LEMMAREL
stof.LEMMAREL1.PPMIselection.LENGTHFOC.SOCPOSall	0.2413380142078083	1.2037792550796504	1	FOC	176	298	stof	NA	group1	bound	176	NA	NA	selection	all	4_4	0.2171651804354802	LEMMAREL
stof.LEMMAREL1.PPMIno.LENGTH5000.SOCPOSnav	0.8079694109785898	1.2036034213455016	1	5000	5000	300	stof	NA	group1	bound	200	NA	NA	no	nav	4_4	0.19583641361351872	LEMMAREL
stof.LEMMAREL1.PPMIno.LENGTH5000.SOCPOSall	1.8062500575438682	1.2488425862842956	1	5000	5000	300	stof	NA	group1	bound	200	NA	NA	no	all	4_4	0.22105792319390893	LEMMAREL
stof.LEMMAREL1.PPMIno.LENGTHFOC.SOCPOSnav	0.16689933303747753	1.3121782795589185	1	FOC	125	300	stof	NA	group1	bound	200	NA	NA	no	nav	4_4	0.2156017125553564	LEMMAREL
stof.LEMMAREL1.PPMIno.LENGTHFOC.SOCPOSall	0.252708257916216	1.2223320422306425	1	FOC	200	300	stof	NA	group1	bound	200	NA	NA	no	all	4_4	0.2168632027470213	LEMMAREL
stof.LEMMAREL2.PPMIweight.LENGTH5000.SOCPOSnav	-0.004523990892669787	1.1819414946564528	1	5000	5000	309	stof	NA	group2	bound	278	NA	NA	weight	nav	4_4	0.15938268481926238	LEMMAREL
stof.LEMMAREL2.PPMIweight.LENGTH5000.SOCPOSall	1.7513807467902438	1.0532049921688065	1	5000	5000	309	stof	NA	group2	bound	278	NA	NA	weight	all	4_4	0.19307433779764172	LEMMAREL
stof.LEMMAREL2.PPMIweight.LENGTHFOC.SOCPOSnav	-0.5451268140989834	1.1729305082341868	1	FOC	193	309	stof	NA	group2	bound	278	NA	NA	weight	nav	4_4	0.1898048480151188	LEMMAREL
stof.LEMMAREL2.PPMIweight.LENGTHFOC.SOCPOSall	-0.4845948298642936	1.1544079527130797	1	FOC	278	309	stof	NA	group2	bound	278	NA	NA	weight	all	4_4	0.18444074347097264	LEMMAREL
stof.LEMMAREL2.PPMIselection.LENGTH5000.SOCPOSnav	0.702570406365154	1.1033262314316024	1	5000	5000	309	stof	NA	group2	bound	278	NA	NA	selection	nav	4_4	0.21128809839430032	LEMMAREL
stof.LEMMAREL2.PPMIselection.LENGTH5000.SOCPOSall	1.9152756607888732	1.1141283755446656	1	5000	5000	309	stof	NA	group2	bound	278	NA	NA	selection	all	4_4	0.21924580692238585	LEMMAREL
stof.LEMMAREL2.PPMIselection.LENGTHFOC.SOCPOSnav	-0.06877856020181308	1.095171636126412	1	FOC	193	309	stof	NA	group2	bound	278	NA	NA	selection	nav	4_4	0.2268372795735951	LEMMAREL
stof.LEMMAREL2.PPMIselection.LENGTHFOC.SOCPOSall	-0.003522005784541093	1.061706491513249	1	FOC	278	309	stof	NA	group2	bound	278	NA	NA	selection	all	4_4	0.22411636559591247	LEMMAREL
stof.LEMMAREL2.PPMIno.LENGTH5000.SOCPOSnav	0.7264638047463194	1.1315084218354992	1	5000	5000	311	stof	NA	group2	bound	339	NA	NA	no	nav	4_4	0.210684081338336	LEMMAREL
stof.LEMMAREL2.PPMIno.LENGTH5000.SOCPOSall	2.01288263157214	1.102604173171124	1	5000	5000	311	stof	NA	group2	bound	339	NA	NA	no	all	4_4	0.20449341282142788	LEMMAREL
stof.LEMMAREL2.PPMIno.LENGTHFOC.SOCPOSnav	-0.016533931573137504	1.1049075590510584	1	FOC	232	311	stof	NA	group2	bound	339	NA	NA	no	nav	4_4	0.20658195179509653	LEMMAREL
stof.LEMMAREL2.PPMIno.LENGTHFOC.SOCPOSall	0.0516905092538419	1.062718876298084	1	FOC	339	311	stof	NA	group2	bound	339	NA	NA	no	all	4_4	0.19736656024952434	LEMMAREL
stof.LEMMAREL3.PPMIweight.LENGTH5000.SOCPOSnav	-0.0632110890651585	1.1533305115983674	1	5000	5000	311	stof	NA	group3	bound	318	NA	NA	weight	nav	4_4	0.15788400271524475	LEMMAREL
stof.LEMMAREL3.PPMIweight.LENGTH5000.SOCPOSall	1.7787680167158495	0.9363018953787293	1	5000	5000	311	stof	NA	group3	bound	318	NA	NA	weight	all	4_4	0.1939523346450454	LEMMAREL
stof.LEMMAREL3.PPMIweight.LENGTHFOC.SOCPOSnav	-0.5752766812661664	1.1213042452370101	1	FOC	208	311	stof	NA	group3	bound	318	NA	NA	weight	nav	4_4	0.17723427820634133	LEMMAREL
stof.LEMMAREL3.PPMIweight.LENGTHFOC.SOCPOSall	-0.5147604972093306	1.09998451275763	1	FOC	318	311	stof	NA	group3	bound	318	NA	NA	weight	all	4_4	0.17849104799266335	LEMMAREL
stof.LEMMAREL3.PPMIselection.LENGTH5000.SOCPOSnav	0.7519773634154094	1.0736848071419631	1	5000	5000	311	stof	NA	group3	bound	318	NA	NA	selection	nav	4_4	0.2308013740565084	LEMMAREL
stof.LEMMAREL3.PPMIselection.LENGTH5000.SOCPOSall	2.01261043319281	1.0180522164937056	1	5000	5000	311	stof	NA	group3	bound	318	NA	NA	selection	all	4_4	0.21012249446826217	LEMMAREL
stof.LEMMAREL3.PPMIselection.LENGTHFOC.SOCPOSnav	-0.07315381756092547	1.0581611801659214	1	FOC	208	311	stof	NA	group3	bound	318	NA	NA	selection	nav	4_4	0.2331543259022698	LEMMAREL
stof.LEMMAREL3.PPMIselection.LENGTHFOC.SOCPOSall	-0.00895041599180493	1.0118862512584723	1	FOC	318	311	stof	NA	group3	bound	318	NA	NA	selection	all	4_4	0.22426774661669005	LEMMAREL
stof.LEMMAREL3.PPMIno.LENGTH5000.SOCPOSnav	0.8094061675829142	1.0693795142047413	1	5000	5000	312	stof	NA	group3	bound	433	NA	NA	no	nav	4_4	0.2364462885035501	LEMMAREL
stof.LEMMAREL3.PPMIno.LENGTH5000.SOCPOSall	2.215635956531147	0.9722450244400019	1	5000	5000	312	stof	NA	group3	bound	433	NA	NA	no	all	4_4	0.2113292787744974	LEMMAREL
stof.LEMMAREL3.PPMIno.LENGTHFOC.SOCPOSnav	0.03832565083883452	1.0337117126199007	1	FOC	267	312	stof	NA	group3	bound	433	NA	NA	no	nav	4_4	0.20466846717393455	LEMMAREL
stof.LEMMAREL3.PPMIno.LENGTHFOC.SOCPOSall	0.08534359601817021	0.9949244814357482	1	FOC	433	312	stof	NA	group3	bound	433	NA	NA	no	all	4_4	0.2007254151966733	LEMMAREL
