_model	model.x	model.y	minimum_contextwords	foc_part_of_speech	foc_sent_bound	soc_corpus	soc_length	soc_length_num	soc_window	foc_token_window	tokens	type	foc_weighting	stress
church_nocomp.5_5.nvjid.noweight.nobound.COHA.5_5.5000.2	-0.1670975202411752	-0.09608891269984256	2	nvjid	False	COHA	5000	5000	5_5	5_5	249	church_nocomp	noweight	0.20720806745951886
church_nocomp.5_5.nvjid.noweight.nobound.COHA.5_5.10000.2	-0.17462028794257894	-0.10009719737366679	2	nvjid	False	COHA	10000	10000	5_5	5_5	249	church_nocomp	noweight	0.21797210871436695
church_nocomp.5_5.nvjid.noweight.nobound.COHA.5_5.focc.2	-0.31952679448228466	-0.21789554548465587	2	nvjid	False	COHA	focc	24583	5_5	5_5	249	church_nocomp	noweight	0.22974802231380007
church_nocomp.5_5.nvjid.noweight.nobound.COHA.10_10.5000.2	-0.10304732845295853	-0.09586931409641579	2	nvjid	False	COHA	5000	5000	10_10	5_5	249	church_nocomp	noweight	0.19580568072162757
church_nocomp.5_5.nvjid.noweight.nobound.COHA.10_10.10000.2	-0.12412928913879094	-0.10812185084050482	2	nvjid	False	COHA	10000	10000	10_10	5_5	249	church_nocomp	noweight	0.20736711938539848
church_nocomp.5_5.nvjid.noweight.nobound.COHA.10_10.focc.2	-0.18056200379170123	-0.11372899594248463	2	nvjid	False	COHA	focc	24583	10_10	5_5	249	church_nocomp	noweight	0.22867534135141324
church_nocomp.5_5.nvjid.noweight.nobound.COHA.5_5.5000.3	-0.16183420115462138	-0.09588426566742074	3	nvjid	False	COHA	5000	5000	5_5	5_5	245	church_nocomp	noweight	0.21775255260765194
church_nocomp.5_5.nvjid.noweight.nobound.COHA.5_5.10000.3	-0.1703453507878983	-0.09773692834451463	3	nvjid	False	COHA	10000	10000	5_5	5_5	245	church_nocomp	noweight	0.22621520676695225
church_nocomp.5_5.nvjid.noweight.nobound.COHA.5_5.focc.3	-0.3085423076056959	-0.22420410732996823	3	nvjid	False	COHA	focc	24583	5_5	5_5	245	church_nocomp	noweight	0.23542591520976724
church_nocomp.5_5.nvjid.noweight.nobound.COHA.10_10.5000.3	-0.10524657353063545	-0.1113906403873015	3	nvjid	False	COHA	5000	5000	10_10	5_5	245	church_nocomp	noweight	0.20741002809947337
church_nocomp.5_5.nvjid.noweight.nobound.COHA.10_10.10000.3	-0.09634365594459561	-0.15839066780912933	3	nvjid	False	COHA	10000	10000	10_10	5_5	245	church_nocomp	noweight	0.21637891436522314
church_nocomp.5_5.nvjid.noweight.nobound.COHA.10_10.focc.3	-0.18827436433043945	-0.15180156765481084	3	nvjid	False	COHA	focc	24583	10_10	5_5	245	church_nocomp	noweight	0.23567395925406726
church_nocomp.5_5.none.noweight.nobound.COHA.5_5.5000.2	-0.1682658413611035	-0.03416560254096339	2	none	False	COHA	5000	5000	5_5	5_5	249	church_nocomp	noweight	0.21845618182477847
church_nocomp.5_5.none.noweight.nobound.COHA.5_5.10000.2	-0.20569335534081093	-0.04691678987404724	2	none	False	COHA	10000	10000	5_5	5_5	249	church_nocomp	noweight	0.2268588916402419
church_nocomp.5_5.none.noweight.nobound.COHA.5_5.focc.2	-0.2636735757612612	-0.06605303279739445	2	none	False	COHA	focc	27085	5_5	5_5	249	church_nocomp	noweight	0.23910130363121296
church_nocomp.5_5.none.noweight.nobound.COHA.10_10.5000.2	-0.1310891610207311	-0.04157772593108029	2	none	False	COHA	5000	5000	10_10	5_5	249	church_nocomp	noweight	0.20867574227538796
church_nocomp.5_5.none.noweight.nobound.COHA.10_10.10000.2	-0.13041174222799937	-0.04251055430991746	2	none	False	COHA	10000	10000	10_10	5_5	249	church_nocomp	noweight	0.21809329207247385
church_nocomp.5_5.none.noweight.nobound.COHA.10_10.focc.2	-0.19370060375854445	-0.06403980702295155	2	none	False	COHA	focc	27085	10_10	5_5	249	church_nocomp	noweight	0.23252273870707124
church_nocomp.5_5.none.noweight.nobound.COHA.5_5.5000.3	-0.1682658413611035	-0.03416560254096339	3	none	False	COHA	5000	5000	5_5	5_5	249	church_nocomp	noweight	0.21845618182477847
church_nocomp.5_5.none.noweight.nobound.COHA.5_5.10000.3	-0.1743426101609012	-0.030790818637662937	3	none	False	COHA	10000	10000	5_5	5_5	249	church_nocomp	noweight	0.22682481021509918
church_nocomp.5_5.none.noweight.nobound.COHA.5_5.focc.3	-0.2636735757612612	-0.06605303279739445	3	none	False	COHA	focc	27085	5_5	5_5	249	church_nocomp	noweight	0.23910130363121296
church_nocomp.5_5.none.noweight.nobound.COHA.10_10.5000.3	-0.12975169777720597	-0.039729776584164975	3	none	False	COHA	5000	5000	10_10	5_5	249	church_nocomp	noweight	0.2087420780232833
church_nocomp.5_5.none.noweight.nobound.COHA.10_10.10000.3	-0.13238864379849605	-0.043168514885443446	3	none	False	COHA	10000	10000	10_10	5_5	249	church_nocomp	noweight	0.21801610390211285
church_nocomp.5_5.none.noweight.nobound.COHA.10_10.focc.3	-0.19370060375854445	-0.06403980702295155	3	none	False	COHA	focc	27085	10_10	5_5	249	church_nocomp	noweight	0.23252273870707124
church_nocomp.5_5.nvj.ppmi.nobound.Semcor.5_5.5000.2	0.27015176627528037	0.2598162253820172	2	nvj	False	Semcor	5000	5000	5_5	5_5	232	church_nocomp	ppmi	0.2889445198459798
church_nocomp.5_5.nvj.ppmi.nobound.Semcor.5_5.10000.2	0.2783689639441821	0.24727487222921346	2	nvj	False	Semcor	10000	10000	5_5	5_5	232	church_nocomp	ppmi	0.2923700631843847
church_nocomp.5_5.nvj.ppmi.nobound.Semcor.5_5.focc.2	0.30927311884108377	0.30745770083044516	2	nvj	False	Semcor	focc	812	5_5	5_5	232	church_nocomp	ppmi	0.31036011562478466
church_nocomp.5_5.nvj.ppmi.nobound.Semcor.10_10.5000.2	0.23574287198868962	0.19905627247738816	2	nvj	False	Semcor	5000	5000	10_10	5_5	232	church_nocomp	ppmi	0.2873308842723396
church_nocomp.5_5.nvj.ppmi.nobound.Semcor.10_10.10000.2	0.18332381569539552	0.19385830382921965	2	nvj	False	Semcor	10000	10000	10_10	5_5	232	church_nocomp	ppmi	0.293118251834017
church_nocomp.5_5.nvj.ppmi.nobound.Semcor.10_10.focc.2	0.2523626430944663	0.16672605340030164	2	nvj	False	Semcor	focc	812	10_10	5_5	232	church_nocomp	ppmi	0.31151580831330444
church_nocomp.5_5.nvj.noweight.nobound.Semcor.5_5.5000.2	-0.0696884837806323	0.21316100160896395	2	nvj	False	Semcor	5000	5000	5_5	5_5	246	church_nocomp	noweight	0.2537406533925229
church_nocomp.5_5.nvj.noweight.nobound.Semcor.5_5.10000.2	-0.08476930478772708	0.2187740271106771	2	nvj	False	Semcor	10000	10000	5_5	5_5	246	church_nocomp	noweight	0.24672230487275373
church_nocomp.5_5.nvj.noweight.nobound.Semcor.5_5.focc.2	-0.16134810061234986	-0.2175103819830037	2	nvj	False	Semcor	focc	31447	5_5	5_5	246	church_nocomp	noweight	0.24478277569030513
church_nocomp.5_5.nvj.noweight.nobound.Semcor.10_10.5000.2	-0.03886475432799783	0.20665556928990314	2	nvj	False	Semcor	5000	5000	10_10	5_5	246	church_nocomp	noweight	0.25030285202713604
church_nocomp.5_5.nvj.noweight.nobound.Semcor.10_10.10000.2	-0.07917482094283154	0.2022754769390244	2	nvj	False	Semcor	10000	10000	10_10	5_5	246	church_nocomp	noweight	0.24779518577830864
church_nocomp.5_5.nvj.noweight.nobound.Semcor.10_10.focc.2	-0.11283027278971802	-0.19994084089785835	2	nvj	False	Semcor	focc	31447	10_10	5_5	246	church_nocomp	noweight	0.24522706137970826
church_nocomp.5_5.nvjid.ppmi.nobound.Semcor.5_5.5000.2	0.20349580164905606	0.2197396427647132	2	nvjid	False	Semcor	5000	5000	5_5	5_5	247	church_nocomp	ppmi	0.2822377121320605
church_nocomp.5_5.nvjid.ppmi.nobound.Semcor.5_5.10000.2	0.15621823827401038	0.24588618850300464	2	nvjid	False	Semcor	10000	10000	5_5	5_5	247	church_nocomp	ppmi	0.28311520454970907
church_nocomp.5_5.nvjid.ppmi.nobound.Semcor.5_5.focc.2	0.2885292750354012	0.2396743142654196	2	nvjid	False	Semcor	focc	843	5_5	5_5	247	church_nocomp	ppmi	0.294480411110338
church_nocomp.5_5.nvjid.ppmi.nobound.Semcor.10_10.5000.2	0.1157155260103659	0.14668890500540008	2	nvjid	False	Semcor	5000	5000	10_10	5_5	247	church_nocomp	ppmi	0.2811888245508613
church_nocomp.5_5.nvjid.ppmi.nobound.Semcor.10_10.10000.2	0.12470720446560218	0.1549407683396999	2	nvjid	False	Semcor	10000	10000	10_10	5_5	247	church_nocomp	ppmi	0.2824494201666283
church_nocomp.5_5.nvjid.ppmi.nobound.Semcor.10_10.focc.2	0.17361656494099392	0.1798254876280943	2	nvjid	False	Semcor	focc	843	10_10	5_5	247	church_nocomp	ppmi	0.3001584175890991
church_nocomp.5_5.nvjid.noweight.nobound.Semcor.5_5.5000.2	-0.3079715349169738	-0.1363375177891582	2	nvjid	False	Semcor	5000	5000	5_5	5_5	249	church_nocomp	noweight	0.253940869475678
church_nocomp.5_5.nvjid.noweight.nobound.Semcor.5_5.10000.2	-0.40914844000863154	-0.19123790332601517	2	nvjid	False	Semcor	10000	10000	5_5	5_5	249	church_nocomp	noweight	0.24146951136906755
church_nocomp.5_5.nvjid.noweight.nobound.Semcor.5_5.focc.2	-0.3820072899165366	-0.4144673278144029	2	nvjid	False	Semcor	focc	31607	5_5	5_5	249	church_nocomp	noweight	0.2120054430900325
church_nocomp.5_5.nvjid.noweight.nobound.Semcor.10_10.5000.2	-0.16479277926841288	-0.05007803066181274	2	nvjid	False	Semcor	5000	5000	10_10	5_5	249	church_nocomp	noweight	0.2526237760818662
church_nocomp.5_5.nvjid.noweight.nobound.Semcor.10_10.10000.2	-0.3543661036509811	-0.19529317541875257	2	nvjid	False	Semcor	10000	10000	10_10	5_5	249	church_nocomp	noweight	0.2536861112258864
church_nocomp.5_5.nvjid.noweight.nobound.Semcor.10_10.focc.2	-0.4834914144324045	-0.2743642753151308	2	nvjid	False	Semcor	focc	31607	10_10	5_5	249	church_nocomp	noweight	0.23226816585656335
church_nocomp.5_5.nvjid.noweight.nobound.Semcor.5_5.5000.3	-0.245558263669782	-0.08489610052915546	3	nvjid	False	Semcor	5000	5000	5_5	5_5	245	church_nocomp	noweight	0.2544173181893667
church_nocomp.5_5.nvjid.noweight.nobound.Semcor.5_5.10000.3	-0.3815687524278834	-0.22596633573698982	3	nvjid	False	Semcor	10000	10000	5_5	5_5	245	church_nocomp	noweight	0.24016086663566102
church_nocomp.5_5.nvjid.noweight.nobound.Semcor.5_5.focc.3	-0.47248336418867537	-0.3100626776928471	3	nvjid	False	Semcor	focc	31607	5_5	5_5	245	church_nocomp	noweight	0.20751617152725574
church_nocomp.5_5.nvjid.noweight.nobound.Semcor.10_10.5000.3	-0.15138076539885506	-0.03430895083463394	3	nvjid	False	Semcor	5000	5000	10_10	5_5	245	church_nocomp	noweight	0.25187963035189753
church_nocomp.5_5.nvjid.noweight.nobound.Semcor.10_10.10000.3	-0.30723507420401	-0.1778131610690044	3	nvjid	False	Semcor	10000	10000	10_10	5_5	245	church_nocomp	noweight	0.25451248476825455
church_nocomp.5_5.nvjid.noweight.nobound.Semcor.10_10.focc.3	-0.48702494251902545	-0.28491950324196463	3	nvjid	False	Semcor	focc	31607	10_10	5_5	245	church_nocomp	noweight	0.2315504465680143
church_nocomp.5_5.none.ppmi.nobound.Semcor.5_5.5000.2	0.1924412067952754	0.22624470037133224	2	none	False	Semcor	5000	5000	5_5	5_5	248	church_nocomp	ppmi	0.2862614469431518
church_nocomp.5_5.none.ppmi.nobound.Semcor.5_5.10000.2	0.14030282861828758	0.22246880718123124	2	none	False	Semcor	10000	10000	5_5	5_5	248	church_nocomp	ppmi	0.2885992853965552
church_nocomp.5_5.none.ppmi.nobound.Semcor.5_5.focc.2	0.260505112698118	0.2486891875862457	2	none	False	Semcor	focc	946	5_5	5_5	248	church_nocomp	ppmi	0.2967597562439356
church_nocomp.5_5.none.ppmi.nobound.Semcor.10_10.5000.2	0.11330467666753939	0.14970018697010837	2	none	False	Semcor	5000	5000	10_10	5_5	248	church_nocomp	ppmi	0.28507211551492667
church_nocomp.5_5.none.ppmi.nobound.Semcor.10_10.10000.2	0.09517698645027792	0.10828845045854206	2	none	False	Semcor	10000	10000	10_10	5_5	248	church_nocomp	ppmi	0.28613134659279665
church_nocomp.5_5.none.ppmi.nobound.Semcor.10_10.focc.2	0.12848545854025295	0.1217386881556126	2	none	False	Semcor	focc	946	10_10	5_5	248	church_nocomp	ppmi	0.30095305770263847
church_nocomp.5_5.none.noweight.nobound.Semcor.5_5.5000.2	-0.2886294358347824	0.00749961782988724	2	none	False	Semcor	5000	5000	5_5	5_5	249	church_nocomp	noweight	0.24488686461662565
church_nocomp.5_5.none.noweight.nobound.Semcor.5_5.10000.2	-0.3466931650740121	-0.018116146653460882	2	none	False	Semcor	10000	10000	5_5	5_5	249	church_nocomp	noweight	0.24936708691866474
church_nocomp.5_5.none.noweight.nobound.Semcor.5_5.focc.2	-0.5558209024868749	0.011990687146553627	2	none	False	Semcor	focc	34786	5_5	5_5	249	church_nocomp	noweight	0.2663555992850913
church_nocomp.5_5.none.noweight.nobound.Semcor.10_10.5000.2	-0.15785541161119593	0.03162798397722119	2	none	False	Semcor	5000	5000	10_10	5_5	249	church_nocomp	noweight	0.2414103122210152
church_nocomp.5_5.none.noweight.nobound.Semcor.10_10.10000.2	-0.2237751983545542	0.028808569687983288	2	none	False	Semcor	10000	10000	10_10	5_5	249	church_nocomp	noweight	0.2487595976836564
church_nocomp.5_5.none.noweight.nobound.Semcor.10_10.focc.2	-0.4604534343873282	0.0029759617757746755	2	none	False	Semcor	focc	34786	10_10	5_5	249	church_nocomp	noweight	0.26518950072996605
church_nocomp.5_5.none.noweight.nobound.Semcor.5_5.5000.3	-0.2277036579888208	0.00710827004597863	3	none	False	Semcor	5000	5000	5_5	5_5	249	church_nocomp	noweight	0.24530697343038874
church_nocomp.5_5.none.noweight.nobound.Semcor.5_5.10000.3	-0.3466931650740121	-0.018116146653460882	3	none	False	Semcor	10000	10000	5_5	5_5	249	church_nocomp	noweight	0.24936708691866474
church_nocomp.5_5.none.noweight.nobound.Semcor.5_5.focc.3	-0.5558209024868749	0.011990687146553627	3	none	False	Semcor	focc	34786	5_5	5_5	249	church_nocomp	noweight	0.2663555992850913
church_nocomp.5_5.none.noweight.nobound.Semcor.10_10.5000.3	-0.16164946093344865	0.007429695724658253	3	none	False	Semcor	5000	5000	10_10	5_5	249	church_nocomp	noweight	0.2435036055971941
church_nocomp.5_5.none.noweight.nobound.Semcor.10_10.10000.3	-0.2776898722322158	0.008074914457355966	3	none	False	Semcor	10000	10000	10_10	5_5	249	church_nocomp	noweight	0.2456797178728923
church_nocomp.5_5.none.noweight.nobound.Semcor.10_10.focc.3	-0.4604534343873282	0.0029759617757746755	3	none	False	Semcor	focc	34786	10_10	5_5	249	church_nocomp	noweight	0.26518950072996605
church_nocomp.10_10.nvj.ppmi.nobound.COHA.5_5.5000.2	0.2989825985707825	-0.08415621696952186	2	nvj	False	COHA	5000	5000	5_5	10_10	227	church_nocomp	ppmi	0.24166550538687168
church_nocomp.10_10.nvj.ppmi.nobound.COHA.5_5.10000.2	0.27221044027374297	-0.10440320110128501	2	nvj	False	COHA	10000	10000	5_5	10_10	227	church_nocomp	ppmi	0.24465839062405909
church_nocomp.10_10.nvj.ppmi.nobound.COHA.5_5.focc.2	0.26983735348741644	-0.12278946354460905	2	nvj	False	COHA	focc	4210	5_5	10_10	227	church_nocomp	ppmi	0.2507672420969192
church_nocomp.10_10.nvj.ppmi.nobound.COHA.10_10.5000.2	0.2769787001515306	-0.12925694343893798	2	nvj	False	COHA	5000	5000	10_10	10_10	227	church_nocomp	ppmi	0.22696121244512418
church_nocomp.10_10.nvj.ppmi.nobound.COHA.10_10.10000.2	0.26932687559546836	-0.1363895469668358	2	nvj	False	COHA	10000	10000	10_10	10_10	227	church_nocomp	ppmi	0.2338289983607971
church_nocomp.10_10.nvj.ppmi.nobound.COHA.10_10.focc.2	0.2964843304983683	-0.13643996240181852	2	nvj	False	COHA	focc	4210	10_10	10_10	227	church_nocomp	ppmi	0.24417455683104933
church_nocomp.10_10.nvj.ppmi.nobound.COHA.5_5.5000.3	0.29354303121723996	-0.10863540096950233	3	nvj	False	COHA	5000	5000	5_5	10_10	189	church_nocomp	ppmi	0.23679536082873173
church_nocomp.10_10.nvj.ppmi.nobound.COHA.5_5.10000.3	0.27937216085670175	-0.14765812322289962	3	nvj	False	COHA	10000	10000	5_5	10_10	189	church_nocomp	ppmi	0.2376341435171674
church_nocomp.10_10.nvj.ppmi.nobound.COHA.5_5.focc.3	0.26148915889320157	-0.13691002185135273	3	nvj	False	COHA	focc	4210	5_5	10_10	189	church_nocomp	ppmi	0.24457133928090494
church_nocomp.10_10.nvj.ppmi.nobound.COHA.10_10.5000.3	0.2972032575567268	-0.1247264554175008	3	nvj	False	COHA	5000	5000	10_10	10_10	189	church_nocomp	ppmi	0.22229507200019064
church_nocomp.10_10.nvj.ppmi.nobound.COHA.10_10.10000.3	0.2797705828593496	-0.15060742448148068	3	nvj	False	COHA	10000	10000	10_10	10_10	189	church_nocomp	ppmi	0.22778094435187354
church_nocomp.10_10.nvj.ppmi.nobound.COHA.10_10.focc.3	0.27817786412677026	-0.1668027898844032	3	nvj	False	COHA	focc	4210	10_10	10_10	189	church_nocomp	ppmi	0.24100572910836857
church_nocomp.10_10.nvj.noweight.nobound.COHA.5_5.5000.2	0.013900141228920282	1.392233087945492e-4	2	nvj	False	COHA	5000	5000	5_5	10_10	249	church_nocomp	noweight	0.23407025560794015
church_nocomp.10_10.nvj.noweight.nobound.COHA.5_5.10000.2	0.047597522328311374	0.008409431546474843	2	nvj	False	COHA	10000	10000	5_5	10_10	249	church_nocomp	noweight	0.23916379507449864
church_nocomp.10_10.nvj.noweight.nobound.COHA.5_5.focc.2	-0.0065337118826126585	0.04930659299884866	2	nvj	False	COHA	focc	24438	5_5	10_10	249	church_nocomp	noweight	0.2570125666321742
church_nocomp.10_10.nvj.noweight.nobound.COHA.10_10.5000.2	0.03653754204338844	-0.021142975368450508	2	nvj	False	COHA	5000	5000	10_10	10_10	249	church_nocomp	noweight	0.2204076292736411
church_nocomp.10_10.nvj.noweight.nobound.COHA.10_10.10000.2	0.07706768146812969	-0.061023930425503387	2	nvj	False	COHA	10000	10000	10_10	10_10	249	church_nocomp	noweight	0.22527558588255905
church_nocomp.10_10.nvj.noweight.nobound.COHA.10_10.focc.2	0.05926878138405527	-0.10227134559300603	2	nvj	False	COHA	focc	24438	10_10	10_10	249	church_nocomp	noweight	0.24328545077297076
church_nocomp.10_10.nvj.noweight.nobound.COHA.5_5.5000.3	0.0410909871793184	0.009474737947891918	3	nvj	False	COHA	5000	5000	5_5	10_10	249	church_nocomp	noweight	0.2326693826698305
church_nocomp.10_10.nvj.noweight.nobound.COHA.5_5.10000.3	0.05756689851813919	7.68176324402807e-4	3	nvj	False	COHA	10000	10000	5_5	10_10	249	church_nocomp	noweight	0.23938351837104993
church_nocomp.10_10.nvj.noweight.nobound.COHA.5_5.focc.3	-0.04176518407319109	0.0841619107116141	3	nvj	False	COHA	focc	24438	5_5	10_10	249	church_nocomp	noweight	0.2580463016467492
church_nocomp.10_10.nvj.noweight.nobound.COHA.10_10.5000.3	0.04280085125794172	-0.024401147772891922	3	nvj	False	COHA	5000	5000	10_10	10_10	249	church_nocomp	noweight	0.22069700610137957
church_nocomp.10_10.nvj.noweight.nobound.COHA.10_10.10000.3	0.07288578734062974	-0.0510692524363977	3	nvj	False	COHA	10000	10000	10_10	10_10	249	church_nocomp	noweight	0.22652927897267475
church_nocomp.10_10.nvj.noweight.nobound.COHA.10_10.focc.3	0.08612687455897615	-0.14591872673106154	3	nvj	False	COHA	focc	24438	10_10	10_10	249	church_nocomp	noweight	0.2433091319181994
church_nocomp.10_10.nvjid.ppmi.nobound.COHA.5_5.5000.2	0.23644123925302843	-0.17342592155057157	2	nvjid	False	COHA	5000	5000	5_5	10_10	246	church_nocomp	ppmi	0.2351190383539996
church_nocomp.10_10.nvjid.ppmi.nobound.COHA.5_5.10000.2	0.21369059811924304	-0.19759949481671724	2	nvjid	False	COHA	10000	10000	5_5	10_10	246	church_nocomp	ppmi	0.2365781974926078
church_nocomp.10_10.nvjid.ppmi.nobound.COHA.5_5.focc.2	0.21844630530988826	-0.1713150125235454	2	nvjid	False	COHA	focc	4276	5_5	10_10	246	church_nocomp	ppmi	0.24153719999169648
church_nocomp.10_10.nvjid.ppmi.nobound.COHA.10_10.5000.2	0.2341795982887548	-0.19674403210664224	2	nvjid	False	COHA	5000	5000	10_10	10_10	246	church_nocomp	ppmi	0.21889258991052496
church_nocomp.10_10.nvjid.ppmi.nobound.COHA.10_10.10000.2	0.2481483611290825	-0.20193273423469973	2	nvjid	False	COHA	10000	10000	10_10	10_10	246	church_nocomp	ppmi	0.2250574377548972
church_nocomp.10_10.nvjid.ppmi.nobound.COHA.10_10.focc.2	0.24241827160851764	-0.21059628064396818	2	nvjid	False	COHA	focc	4276	10_10	10_10	246	church_nocomp	ppmi	0.236050537505634
church_nocomp.10_10.nvjid.ppmi.nobound.COHA.5_5.5000.3	0.2132606148574733	-0.1628779085236879	3	nvjid	False	COHA	5000	5000	5_5	10_10	243	church_nocomp	ppmi	0.23420264444572006
church_nocomp.10_10.nvjid.ppmi.nobound.COHA.5_5.10000.3	0.21805831384239258	-0.18213537141100894	3	nvjid	False	COHA	10000	10000	5_5	10_10	243	church_nocomp	ppmi	0.23594890505353977
church_nocomp.10_10.nvjid.ppmi.nobound.COHA.5_5.focc.3	0.19765408924358496	-0.19580995382331565	3	nvjid	False	COHA	focc	4276	5_5	10_10	243	church_nocomp	ppmi	0.24072684210833456
church_nocomp.10_10.nvjid.ppmi.nobound.COHA.10_10.5000.3	0.24726783437847516	-0.1714946692449541	3	nvjid	False	COHA	5000	5000	10_10	10_10	243	church_nocomp	ppmi	0.21898192207419423
church_nocomp.10_10.nvjid.ppmi.nobound.COHA.10_10.10000.3	0.2507703968694686	-0.1993352276158458	3	nvjid	False	COHA	10000	10000	10_10	10_10	243	church_nocomp	ppmi	0.22430230479757832
church_nocomp.10_10.nvjid.ppmi.nobound.COHA.10_10.focc.3	0.23197814453532528	-0.20082142919253781	3	nvjid	False	COHA	focc	4276	10_10	10_10	243	church_nocomp	ppmi	0.2363436071691201
church_nocomp.10_10.nvjid.noweight.nobound.COHA.5_5.5000.2	-0.04214609149083652	-0.023535610100327113	2	nvjid	False	COHA	5000	5000	5_5	10_10	249	church_nocomp	noweight	0.21528556697571968
church_nocomp.10_10.nvjid.noweight.nobound.COHA.5_5.10000.2	-0.04606280247636971	-0.0020437883673466097	2	nvjid	False	COHA	10000	10000	5_5	10_10	249	church_nocomp	noweight	0.22468633973386762
church_nocomp.10_10.nvjid.noweight.nobound.COHA.5_5.focc.2	-0.07093014693297191	-0.10768384688019314	2	nvjid	False	COHA	focc	24583	5_5	10_10	249	church_nocomp	noweight	0.23675015259390614
church_nocomp.10_10.nvjid.noweight.nobound.COHA.10_10.5000.2	-0.019115345601349462	-0.04924510076879095	2	nvjid	False	COHA	5000	5000	10_10	10_10	249	church_nocomp	noweight	0.20073869308871534
church_nocomp.10_10.nvjid.noweight.nobound.COHA.10_10.10000.2	2.299256861371562e-4	-0.03915783205125032	2	nvjid	False	COHA	10000	10000	10_10	10_10	249	church_nocomp	noweight	0.2095842563934838
church_nocomp.10_10.nvjid.noweight.nobound.COHA.10_10.focc.2	-0.029264025193712705	-0.07900133365359481	2	nvjid	False	COHA	focc	24583	10_10	10_10	249	church_nocomp	noweight	0.22799750875145075
church_nocomp.10_10.nvjid.noweight.nobound.COHA.5_5.5000.3	-0.05602173471547391	-0.04130007463813108	3	nvjid	False	COHA	5000	5000	5_5	10_10	249	church_nocomp	noweight	0.21596864565316365
church_nocomp.10_10.nvjid.noweight.nobound.COHA.5_5.10000.3	-0.0660589844919014	-0.014443160945804546	3	nvjid	False	COHA	10000	10000	5_5	10_10	249	church_nocomp	noweight	0.22582357643023385
church_nocomp.10_10.nvjid.noweight.nobound.COHA.5_5.focc.3	-0.06964945571145219	-0.0706734303043001	3	nvjid	False	COHA	focc	24583	5_5	10_10	249	church_nocomp	noweight	0.2368409386587942
church_nocomp.10_10.nvjid.noweight.nobound.COHA.10_10.5000.3	-0.018674125351984885	-0.05251793819254605	3	nvjid	False	COHA	5000	5000	10_10	10_10	249	church_nocomp	noweight	0.19978503109238688
church_nocomp.10_10.nvjid.noweight.nobound.COHA.10_10.10000.3	-0.011678337440480632	-0.08261441990213363	3	nvjid	False	COHA	10000	10000	10_10	10_10	249	church_nocomp	noweight	0.2081987192910664
church_nocomp.10_10.nvjid.noweight.nobound.COHA.10_10.focc.3	-0.024783831657450742	-0.13924710478998434	3	nvjid	False	COHA	focc	24583	10_10	10_10	249	church_nocomp	noweight	0.22853439632132502
church_nocomp.10_10.none.ppmi.nobound.COHA.5_5.5000.2	0.19289527867528555	-0.15734294619936195	2	none	False	COHA	5000	5000	5_5	10_10	248	church_nocomp	ppmi	0.23766561742416892
church_nocomp.10_10.none.ppmi.nobound.COHA.5_5.10000.2	0.20893461946652017	-0.16437282244869242	2	none	False	COHA	10000	10000	5_5	10_10	248	church_nocomp	ppmi	0.23936084652281994
church_nocomp.10_10.none.ppmi.nobound.COHA.5_5.focc.2	0.199113216754968	-0.17504128882713046	2	none	False	COHA	focc	4699	5_5	10_10	248	church_nocomp	ppmi	0.24237266849863515
church_nocomp.10_10.none.ppmi.nobound.COHA.10_10.5000.2	0.21806391215863075	-0.1886535734511587	2	none	False	COHA	5000	5000	10_10	10_10	248	church_nocomp	ppmi	0.223820762433317
church_nocomp.10_10.none.ppmi.nobound.COHA.10_10.10000.2	0.24496195350013067	-0.18322763209921708	2	none	False	COHA	10000	10000	10_10	10_10	248	church_nocomp	ppmi	0.2296404985511063
church_nocomp.10_10.none.ppmi.nobound.COHA.10_10.focc.2	0.22231616648231828	-0.1872120284475634	2	none	False	COHA	focc	4699	10_10	10_10	248	church_nocomp	ppmi	0.23759726260225164
church_nocomp.10_10.none.ppmi.nobound.COHA.5_5.5000.3	0.23446466032945887	-0.15136053248738027	3	none	False	COHA	5000	5000	5_5	10_10	247	church_nocomp	ppmi	0.2375564842415113
church_nocomp.10_10.none.ppmi.nobound.COHA.5_5.10000.3	0.22796554802169336	-0.16284207509079596	3	none	False	COHA	10000	10000	5_5	10_10	247	church_nocomp	ppmi	0.2395357988133517
church_nocomp.10_10.none.ppmi.nobound.COHA.5_5.focc.3	0.1848227273352087	-0.16696567462260575	3	none	False	COHA	focc	4699	5_5	10_10	247	church_nocomp	ppmi	0.2422518915602492
church_nocomp.10_10.none.ppmi.nobound.COHA.10_10.5000.3	0.2348002694834321	-0.1765317303363451	3	none	False	COHA	5000	5000	10_10	10_10	247	church_nocomp	ppmi	0.22477227775439465
church_nocomp.10_10.none.ppmi.nobound.COHA.10_10.10000.3	0.23755852994650098	-0.17815547807378784	3	none	False	COHA	10000	10000	10_10	10_10	247	church_nocomp	ppmi	0.2292705383701906
church_nocomp.10_10.none.ppmi.nobound.COHA.10_10.focc.3	0.198778727807355	-0.20764490227173246	3	none	False	COHA	focc	4699	10_10	10_10	247	church_nocomp	ppmi	0.23655295162629253
church_nocomp.10_10.none.noweight.nobound.COHA.5_5.5000.2	-0.08964973840922077	0.011012701232440083	2	none	False	COHA	5000	5000	5_5	10_10	249	church_nocomp	noweight	0.2019782603719413
church_nocomp.10_10.none.noweight.nobound.COHA.5_5.10000.2	-0.09818717520284054	0.014470753819576996	2	none	False	COHA	10000	10000	5_5	10_10	249	church_nocomp	noweight	0.21446255283731258
church_nocomp.10_10.none.noweight.nobound.COHA.5_5.focc.2	-0.1598321702206072	0.038982017809730436	2	none	False	COHA	focc	27085	5_5	10_10	249	church_nocomp	noweight	0.23301357195015843
church_nocomp.10_10.none.noweight.nobound.COHA.10_10.5000.2	-0.07297465706920732	-0.0015251817087840493	2	none	False	COHA	5000	5000	10_10	10_10	249	church_nocomp	noweight	0.18905258042328857
church_nocomp.10_10.none.noweight.nobound.COHA.10_10.10000.2	-0.0781332199152064	-0.0027118814146925535	2	none	False	COHA	10000	10000	10_10	10_10	249	church_nocomp	noweight	0.20236696949452682
church_nocomp.10_10.none.noweight.nobound.COHA.10_10.focc.2	-0.11333026117905357	0.017941303637100118	2	none	False	COHA	focc	27085	10_10	10_10	249	church_nocomp	noweight	0.22154484024570809
church_nocomp.10_10.none.noweight.nobound.COHA.5_5.5000.3	-0.0881316665742127	0.011090180685051177	3	none	False	COHA	5000	5000	5_5	10_10	249	church_nocomp	noweight	0.20243126372799497
church_nocomp.10_10.none.noweight.nobound.COHA.5_5.10000.3	-0.0984744029775545	0.01707692078838042	3	none	False	COHA	10000	10000	5_5	10_10	249	church_nocomp	noweight	0.21445448943909773
church_nocomp.10_10.none.noweight.nobound.COHA.5_5.focc.3	-0.1598321702206072	0.038982017809730436	3	none	False	COHA	focc	27085	5_5	10_10	249	church_nocomp	noweight	0.23301357195015843
church_nocomp.10_10.none.noweight.nobound.COHA.10_10.5000.3	-0.0725240024939864	3.6515710022634763e-4	3	none	False	COHA	5000	5000	10_10	10_10	249	church_nocomp	noweight	0.18915493877453127
church_nocomp.10_10.none.noweight.nobound.COHA.10_10.10000.3	-0.0781332199152064	-0.0027118814146925535	3	none	False	COHA	10000	10000	10_10	10_10	249	church_nocomp	noweight	0.20236696949452682
church_nocomp.10_10.none.noweight.nobound.COHA.10_10.focc.3	-0.11333026117905357	0.017941303637100118	3	none	False	COHA	focc	27085	10_10	10_10	249	church_nocomp	noweight	0.22154484024570809
church_nocomp.10_10.nvj.ppmi.nobound.Semcor.5_5.5000.2	0.2515282976673348	0.05066307402888172	2	nvj	False	Semcor	5000	5000	5_5	10_10	249	church_nocomp	ppmi	0.2799726213610626
church_nocomp.10_10.nvj.ppmi.nobound.Semcor.5_5.10000.2	0.2830147607331026	0.04588687033234668	2	nvj	False	Semcor	10000	10000	5_5	10_10	249	church_nocomp	ppmi	0.28293640788315894
church_nocomp.10_10.nvj.ppmi.nobound.Semcor.5_5.focc.2	0.29577387382995696	0.1856808235611207	2	nvj	False	Semcor	focc	1296	5_5	10_10	249	church_nocomp	ppmi	0.2831970330615388
church_nocomp.10_10.nvj.ppmi.nobound.Semcor.10_10.5000.2	0.19526116741170202	0.0716240262590989	2	nvj	False	Semcor	5000	5000	10_10	10_10	249	church_nocomp	ppmi	0.2683098125359236
church_nocomp.10_10.nvj.ppmi.nobound.Semcor.10_10.10000.2	0.22763908248908418	0.022678257509876478	2	nvj	False	Semcor	10000	10000	10_10	10_10	249	church_nocomp	ppmi	0.2705258338690711
church_nocomp.10_10.nvj.ppmi.nobound.Semcor.10_10.focc.2	0.2196895364536659	0.0780587676462223	2	nvj	False	Semcor	focc	1296	10_10	10_10	249	church_nocomp	ppmi	0.27799482269753506
church_nocomp.10_10.nvj.ppmi.nobound.Semcor.5_5.5000.3	0.32904871881618997	0.07868269950815937	3	nvj	False	Semcor	5000	5000	5_5	10_10	247	church_nocomp	ppmi	0.2851775128919368
church_nocomp.10_10.nvj.ppmi.nobound.Semcor.5_5.10000.3	0.31192057671778717	0.05897563939075109	3	nvj	False	Semcor	10000	10000	5_5	10_10	247	church_nocomp	ppmi	0.2887364544758988
church_nocomp.10_10.nvj.ppmi.nobound.Semcor.5_5.focc.3	0.31535252640535094	0.15010462308546105	3	nvj	False	Semcor	focc	1296	5_5	10_10	247	church_nocomp	ppmi	0.2867470235762673
church_nocomp.10_10.nvj.ppmi.nobound.Semcor.10_10.5000.3	0.22720666689034164	0.056740944415029554	3	nvj	False	Semcor	5000	5000	10_10	10_10	247	church_nocomp	ppmi	0.27119523481617974
church_nocomp.10_10.nvj.ppmi.nobound.Semcor.10_10.10000.3	0.2342737698339974	0.018976110759051083	3	nvj	False	Semcor	10000	10000	10_10	10_10	247	church_nocomp	ppmi	0.27515534517003754
church_nocomp.10_10.nvj.ppmi.nobound.Semcor.10_10.focc.3	0.19623687624695818	0.0780785731148773	3	nvj	False	Semcor	focc	1296	10_10	10_10	247	church_nocomp	ppmi	0.27847331459879093
church_nocomp.10_10.nvj.noweight.nobound.Semcor.5_5.5000.2	-0.03398425322048165	0.1350747603637823	2	nvj	False	Semcor	5000	5000	5_5	10_10	249	church_nocomp	noweight	0.2596210828482612
church_nocomp.10_10.nvj.noweight.nobound.Semcor.5_5.10000.2	-0.04709490147355596	0.17598457984963642	2	nvj	False	Semcor	10000	10000	5_5	10_10	249	church_nocomp	noweight	0.26084133578716606
church_nocomp.10_10.nvj.noweight.nobound.Semcor.5_5.focc.2	-0.3517764181268944	0.3723224304160683	2	nvj	False	Semcor	focc	31447	5_5	10_10	249	church_nocomp	noweight	0.246390076907736
church_nocomp.10_10.nvj.noweight.nobound.Semcor.10_10.5000.2	0.012938853951951412	0.10042679710055813	2	nvj	False	Semcor	5000	5000	10_10	10_10	249	church_nocomp	noweight	0.2465726862948394
church_nocomp.10_10.nvj.noweight.nobound.Semcor.10_10.10000.2	-0.021041088780669907	0.16398444940511314	2	nvj	False	Semcor	10000	10000	10_10	10_10	249	church_nocomp	noweight	0.25460539026142
church_nocomp.10_10.nvj.noweight.nobound.Semcor.10_10.focc.2	-0.17396921713544591	0.28622908725983004	2	nvj	False	Semcor	focc	31447	10_10	10_10	249	church_nocomp	noweight	0.25446502450647085
church_nocomp.10_10.nvj.noweight.nobound.Semcor.5_5.5000.3	-0.025862161723479243	0.12763404439416345	3	nvj	False	Semcor	5000	5000	5_5	10_10	249	church_nocomp	noweight	0.2588446346380541
church_nocomp.10_10.nvj.noweight.nobound.Semcor.5_5.10000.3	-0.05698001251970447	0.1831836737891597	3	nvj	False	Semcor	10000	10000	5_5	10_10	249	church_nocomp	noweight	0.2605326625374191
church_nocomp.10_10.nvj.noweight.nobound.Semcor.5_5.focc.3	-0.2696702890352774	0.3623119491612405	3	nvj	False	Semcor	focc	31447	5_5	10_10	249	church_nocomp	noweight	0.245256756742589
church_nocomp.10_10.nvj.noweight.nobound.Semcor.10_10.5000.3	0.0018152634872346755	0.11558920777115249	3	nvj	False	Semcor	5000	5000	10_10	10_10	249	church_nocomp	noweight	0.24681959829353403
church_nocomp.10_10.nvj.noweight.nobound.Semcor.10_10.10000.3	-0.017025506529360964	0.1359367398225973	3	nvj	False	Semcor	10000	10000	10_10	10_10	249	church_nocomp	noweight	0.253194735157442
church_nocomp.10_10.nvj.noweight.nobound.Semcor.10_10.focc.3	-0.18684347799710788	0.28939136613184724	3	nvj	False	Semcor	focc	31447	10_10	10_10	249	church_nocomp	noweight	0.2561919172732436
church_nocomp.10_10.nvjid.ppmi.nobound.Semcor.5_5.5000.2	0.2543013531616159	0.06525723664125907	2	nvjid	False	Semcor	5000	5000	5_5	10_10	249	church_nocomp	ppmi	0.23626032199440108
church_nocomp.10_10.nvjid.ppmi.nobound.Semcor.5_5.10000.2	0.27797764141511777	0.018612477923295827	2	nvjid	False	Semcor	10000	10000	5_5	10_10	249	church_nocomp	ppmi	0.18922970786160576
church_nocomp.10_10.nvjid.ppmi.nobound.Semcor.5_5.focc.2	0.26856348738380176	0.15563117702268603	2	nvjid	False	Semcor	focc	1337	5_5	10_10	249	church_nocomp	ppmi	0.2805905930099699
church_nocomp.10_10.nvjid.ppmi.nobound.Semcor.10_10.5000.2	0.2022953779247857	0.02692614965192725	2	nvjid	False	Semcor	5000	5000	10_10	10_10	249	church_nocomp	ppmi	0.2688689285337326
church_nocomp.10_10.nvjid.ppmi.nobound.Semcor.10_10.10000.2	0.18259401702510514	-0.01301713601363309	2	nvjid	False	Semcor	10000	10000	10_10	10_10	249	church_nocomp	ppmi	0.27210224611078154
church_nocomp.10_10.nvjid.ppmi.nobound.Semcor.10_10.focc.2	0.2146152172331925	-0.0116502478035267	2	nvjid	False	Semcor	focc	1337	10_10	10_10	249	church_nocomp	ppmi	0.27521037769929046
church_nocomp.10_10.nvjid.ppmi.nobound.Semcor.5_5.5000.3	0.2351312582417243	0.03952970978996746	3	nvjid	False	Semcor	5000	5000	5_5	10_10	248	church_nocomp	ppmi	0.28428000586619395
church_nocomp.10_10.nvjid.ppmi.nobound.Semcor.5_5.10000.3	0.2297128011538361	0.03786895252195323	3	nvjid	False	Semcor	10000	10000	5_5	10_10	248	church_nocomp	ppmi	0.28628204525292367
church_nocomp.10_10.nvjid.ppmi.nobound.Semcor.5_5.focc.3	0.3012408993480797	0.09961462130106587	3	nvjid	False	Semcor	focc	1337	5_5	10_10	248	church_nocomp	ppmi	0.286737041641579
church_nocomp.10_10.nvjid.ppmi.nobound.Semcor.10_10.5000.3	0.19970638360984422	0.03447841514941016	3	nvjid	False	Semcor	5000	5000	10_10	10_10	248	church_nocomp	ppmi	0.27133145578148454
church_nocomp.10_10.nvjid.ppmi.nobound.Semcor.10_10.10000.3	0.18248580977150974	-0.01463939450895138	3	nvjid	False	Semcor	10000	10000	10_10	10_10	248	church_nocomp	ppmi	0.2754903608708699
church_nocomp.10_10.nvjid.ppmi.nobound.Semcor.10_10.focc.3	0.2133525523155722	-0.013094573376496322	3	nvjid	False	Semcor	focc	1337	10_10	10_10	248	church_nocomp	ppmi	0.2763904414669281
church_nocomp.10_10.nvjid.noweight.nobound.Semcor.5_5.5000.2	-0.11048578337930838	0.09039758139817394	2	nvjid	False	Semcor	5000	5000	5_5	10_10	249	church_nocomp	noweight	0.2527156542692363
church_nocomp.10_10.nvjid.noweight.nobound.Semcor.5_5.10000.2	-0.19448094082775422	0.12193434741750293	2	nvjid	False	Semcor	10000	10000	5_5	10_10	249	church_nocomp	noweight	0.2608575413892324
church_nocomp.10_10.nvjid.noweight.nobound.Semcor.5_5.focc.2	-0.39160990243464133	0.22762416888379497	2	nvjid	False	Semcor	focc	31607	5_5	10_10	249	church_nocomp	noweight	0.2484377163234263
church_nocomp.10_10.nvjid.noweight.nobound.Semcor.10_10.5000.2	-0.036860602573359005	0.051055468842456916	2	nvjid	False	Semcor	5000	5000	10_10	10_10	249	church_nocomp	noweight	0.24286350456304157
church_nocomp.10_10.nvjid.noweight.nobound.Semcor.10_10.10000.2	-0.10034953927535153	0.09655985299401111	2	nvjid	False	Semcor	10000	10000	10_10	10_10	249	church_nocomp	noweight	0.25707264842280464
church_nocomp.10_10.nvjid.noweight.nobound.Semcor.10_10.focc.2	-0.3227989428786761	0.1275740515072698	2	nvjid	False	Semcor	focc	31607	10_10	10_10	249	church_nocomp	noweight	0.26257150277997593
church_nocomp.10_10.nvjid.noweight.nobound.Semcor.5_5.5000.3	-0.11048578337930838	0.09039758139817394	3	nvjid	False	Semcor	5000	5000	5_5	10_10	249	church_nocomp	noweight	0.2527156542692363
church_nocomp.10_10.nvjid.noweight.nobound.Semcor.5_5.10000.3	-0.19232311544834751	0.11443471928968454	3	nvjid	False	Semcor	10000	10000	5_5	10_10	249	church_nocomp	noweight	0.26167548497958687
church_nocomp.10_10.nvjid.noweight.nobound.Semcor.5_5.focc.3	-0.39160990243464133	0.22762416888379497	3	nvjid	False	Semcor	focc	31607	5_5	10_10	249	church_nocomp	noweight	0.2484377163234263
church_nocomp.10_10.nvjid.noweight.nobound.Semcor.10_10.5000.3	-0.036860602573359005	0.051055468842456916	3	nvjid	False	Semcor	5000	5000	10_10	10_10	249	church_nocomp	noweight	0.24286350456304157
church_nocomp.10_10.nvjid.noweight.nobound.Semcor.10_10.10000.3	-0.07076329562549741	0.06674320586620199	3	nvjid	False	Semcor	10000	10000	10_10	10_10	249	church_nocomp	noweight	0.2581113762074378
church_nocomp.10_10.nvjid.noweight.nobound.Semcor.10_10.focc.3	-0.26551467061635203	0.12569029490674008	3	nvjid	False	Semcor	focc	31607	10_10	10_10	249	church_nocomp	noweight	0.2605342539433617
church_nocomp.10_10.none.ppmi.nobound.Semcor.5_5.5000.2	0.16558915261046314	0.06744423081267695	2	none	False	Semcor	5000	5000	5_5	10_10	249	church_nocomp	ppmi	0.28247872914754935
church_nocomp.10_10.none.ppmi.nobound.Semcor.5_5.10000.2	0.17892453634174413	0.056764635338605963	2	none	False	Semcor	10000	10000	5_5	10_10	249	church_nocomp	ppmi	0.2839273424276602
church_nocomp.10_10.none.ppmi.nobound.Semcor.5_5.focc.2	0.30233367712267034	0.11360760624179825	2	none	False	Semcor	focc	1510	5_5	10_10	249	church_nocomp	ppmi	0.2849925231393643
church_nocomp.10_10.none.ppmi.nobound.Semcor.10_10.5000.2	0.13683795423269446	-0.019700432367942337	2	none	False	Semcor	5000	5000	10_10	10_10	249	church_nocomp	ppmi	0.2720546829567306
church_nocomp.10_10.none.ppmi.nobound.Semcor.10_10.10000.2	0.1597794558656639	-0.018833392000200837	2	none	False	Semcor	10000	10000	10_10	10_10	249	church_nocomp	ppmi	0.27516956994784547
church_nocomp.10_10.none.ppmi.nobound.Semcor.10_10.focc.2	0.1955337049295759	0.00939406447727877	2	none	False	Semcor	focc	1510	10_10	10_10	249	church_nocomp	ppmi	0.27718003395514873
church_nocomp.10_10.none.ppmi.nobound.Semcor.5_5.5000.3	0.1668398344935788	0.0806082599023571	3	none	False	Semcor	5000	5000	5_5	10_10	249	church_nocomp	ppmi	0.28239019540328036
church_nocomp.10_10.none.ppmi.nobound.Semcor.5_5.10000.3	0.17892453634174413	0.056764635338605963	3	none	False	Semcor	10000	10000	5_5	10_10	249	church_nocomp	ppmi	0.2839273424276602
church_nocomp.10_10.none.ppmi.nobound.Semcor.5_5.focc.3	0.2342630876645381	0.09174647192008478	3	none	False	Semcor	focc	1510	5_5	10_10	249	church_nocomp	ppmi	0.28523082327643845
church_nocomp.10_10.none.ppmi.nobound.Semcor.10_10.5000.3	0.13683795423269446	-0.019700432367942337	3	none	False	Semcor	5000	5000	10_10	10_10	249	church_nocomp	ppmi	0.2720546829567306
church_nocomp.10_10.none.ppmi.nobound.Semcor.10_10.10000.3	0.12836265725171703	0.03688242007412542	3	none	False	Semcor	10000	10000	10_10	10_10	249	church_nocomp	ppmi	0.2745172218991353
church_nocomp.10_10.none.ppmi.nobound.Semcor.10_10.focc.3	0.18467945878174052	-0.025122830524480666	3	none	False	Semcor	focc	1510	10_10	10_10	249	church_nocomp	ppmi	0.2771933132661091
church_nocomp.10_10.none.noweight.nobound.Semcor.5_5.5000.2	-0.15493331528941606	0.10185725697321195	2	none	False	Semcor	5000	5000	5_5	10_10	249	church_nocomp	noweight	0.23655141591631274
church_nocomp.10_10.none.noweight.nobound.Semcor.5_5.10000.2	-0.19491103986722277	0.13266041294349692	2	none	False	Semcor	10000	10000	5_5	10_10	249	church_nocomp	noweight	0.25275400745753246
church_nocomp.10_10.none.noweight.nobound.Semcor.5_5.focc.2	-0.5127336129042669	0.20477322215757837	2	none	False	Semcor	focc	34786	5_5	10_10	249	church_nocomp	noweight	0.2753912698057583
church_nocomp.10_10.none.noweight.nobound.Semcor.10_10.5000.2	-0.10004154011137174	0.0721437855757357	2	none	False	Semcor	5000	5000	10_10	10_10	249	church_nocomp	noweight	0.2282223718196598
church_nocomp.10_10.none.noweight.nobound.Semcor.10_10.10000.2	-0.1262807918062651	0.08800543475126991	2	none	False	Semcor	10000	10000	10_10	10_10	249	church_nocomp	noweight	0.2397261796633015
church_nocomp.10_10.none.noweight.nobound.Semcor.10_10.focc.2	-0.2484332006707559	0.1475974517210699	2	none	False	Semcor	focc	34786	10_10	10_10	249	church_nocomp	noweight	0.27417781567298066
church_nocomp.10_10.none.noweight.nobound.Semcor.5_5.5000.3	-0.15493331528941606	0.10185725697321195	3	none	False	Semcor	5000	5000	5_5	10_10	249	church_nocomp	noweight	0.23655141591631274
church_nocomp.10_10.none.noweight.nobound.Semcor.5_5.10000.3	-0.19491103986722277	0.13266041294349692	3	none	False	Semcor	10000	10000	5_5	10_10	249	church_nocomp	noweight	0.25275400745753246
church_nocomp.10_10.none.noweight.nobound.Semcor.5_5.focc.3	-0.5127336129042669	0.20477322215757837	3	none	False	Semcor	focc	34786	5_5	10_10	249	church_nocomp	noweight	0.2753912698057583
church_nocomp.10_10.none.noweight.nobound.Semcor.10_10.5000.3	-0.10004154011137174	0.0721437855757357	3	none	False	Semcor	5000	5000	10_10	10_10	249	church_nocomp	noweight	0.2282223718196598
church_nocomp.10_10.none.noweight.nobound.Semcor.10_10.10000.3	-0.1262807918062651	0.08800543475126991	3	none	False	Semcor	10000	10000	10_10	10_10	249	church_nocomp	noweight	0.2397261796633015
church_nocomp.10_10.none.noweight.nobound.Semcor.10_10.focc.3	-0.2484332006707559	0.1475974517210699	3	none	False	Semcor	focc	34786	10_10	10_10	249	church_nocomp	noweight	0.27417781567298066
