_model	model.x	model.y	foc_minimum_features	soc_length	soc_length_num	tokens	type	LEMMAPATH	LEMMAREL	foc_boundaries	foc_context_words	foc_foc_pos	foc_foc_win	foc_ppmi	soc_soc_pos	soc_soc_win	stress	foc_base	base
horde.BOWbound10lex.PPMIweight.LENGTH5000.SOCPOSnav	-0.740223589923917	-0.2436721117764323	1	5000	5000	268	horde			bound	480	lex	10_10	weight	nav	4_4	0.1642559670882817	BOW	
horde.BOWbound10lex.PPMIweight.LENGTH5000.SOCPOSall	-0.5094163056870058	-1.112606494513971	1	5000	5000	268	horde			bound	480	lex	10_10	weight	all	4_4	0.17613725262248586	BOW	
horde.BOWbound10lex.PPMIweight.LENGTHFOC.SOCPOSnav	-0.7843845727565101	0.10611078983729844	1	FOC	354	268	horde			bound	480	lex	10_10	weight	nav	4_4	0.16873160989051186	BOW	
horde.BOWbound10lex.PPMIweight.LENGTHFOC.SOCPOSall	-0.7437882373098594	0.06945262838053033	1	FOC	480	268	horde			bound	480	lex	10_10	weight	all	4_4	0.1590513701460823	BOW	
horde.BOWbound10lex.PPMIselection.LENGTH5000.SOCPOSnav	-0.8555000921825382	-0.17773954593412994	1	5000	5000	268	horde			bound	480	lex	10_10	selection	nav	4_4	0.18891975346553186	BOW	
horde.BOWbound10lex.PPMIselection.LENGTH5000.SOCPOSall	-0.6259625951985319	-1.0355854281013868	1	5000	5000	268	horde			bound	480	lex	10_10	selection	all	4_4	0.1880964513249571	BOW	
horde.BOWbound10lex.PPMIselection.LENGTHFOC.SOCPOSnav	-0.7124984684910768	0.2330255577340374	1	FOC	354	268	horde			bound	480	lex	10_10	selection	nav	4_4	0.17068627282737658	BOW	
horde.BOWbound10lex.PPMIselection.LENGTHFOC.SOCPOSall	-0.6920403557232231	0.2063083163028469	1	FOC	480	268	horde			bound	480	lex	10_10	selection	all	4_4	0.16426748212838174	BOW	
horde.BOWbound10lex.PPMIno.LENGTH5000.SOCPOSnav	-1.2363756497411649	0.7832674207538878	1	5000	5000	273	horde			bound	926	lex	10_10	no	nav	4_4	0.212157994803984	BOW	
horde.BOWbound10lex.PPMIno.LENGTH5000.SOCPOSall	-1.465800560783142	-1.2787005757867889	1	5000	5000	273	horde			bound	926	lex	10_10	no	all	4_4	0.20505468033989332	BOW	
horde.BOWbound10lex.PPMIno.LENGTHFOC.SOCPOSnav	-1.0004048964150072	0.7006905342820761	1	FOC	685	273	horde			bound	926	lex	10_10	no	nav	4_4	0.17375066941181394	BOW	
horde.BOWbound10lex.PPMIno.LENGTHFOC.SOCPOSall	-1.0107754626837344	0.6743736699324308	1	FOC	926	273	horde			bound	926	lex	10_10	no	all	4_4	0.1749969335140099	BOW	
horde.BOWbound10all.PPMIweight.LENGTH5000.SOCPOSnav	-0.1646855762781637	-0.2615238945730748	1	5000	5000	277	horde			bound	659	all	10_10	weight	nav	4_4	0.13888401620690188	BOW	
horde.BOWbound10all.PPMIweight.LENGTH5000.SOCPOSall	-0.03430142335285891	-1.046381564155006	1	5000	5000	277	horde			bound	659	all	10_10	weight	all	4_4	0.16699339086316775	BOW	
horde.BOWbound10all.PPMIweight.LENGTHFOC.SOCPOSnav	-0.4026269224640441	0.262339260622848	1	FOC	354	277	horde			bound	659	all	10_10	weight	nav	4_4	0.14224024217627135	BOW	
horde.BOWbound10all.PPMIweight.LENGTHFOC.SOCPOSall	-0.3658354075874461	0.19619576286770649	1	FOC	659	277	horde			bound	659	all	10_10	weight	all	4_4	0.13338026752442506	BOW	
horde.BOWbound10all.PPMIselection.LENGTH5000.SOCPOSnav	0.4030892341690029	1.056646971974984	1	5000	5000	277	horde			bound	659	all	10_10	selection	nav	4_4	0.2226248369152736	BOW	
horde.BOWbound10all.PPMIselection.LENGTH5000.SOCPOSall	0.5326180027186551	-1.073706151244959	1	5000	5000	277	horde			bound	659	all	10_10	selection	all	4_4	0.19971445277600025	BOW	
horde.BOWbound10all.PPMIselection.LENGTHFOC.SOCPOSnav	-0.10652934704505784	0.6309410622718779	1	FOC	354	277	horde			bound	659	all	10_10	selection	nav	4_4	0.15758547556363384	BOW	
horde.BOWbound10all.PPMIselection.LENGTHFOC.SOCPOSall	-0.12405088019157615	0.5962228361827789	1	FOC	659	277	horde			bound	659	all	10_10	selection	all	4_4	0.1614552718334476	BOW	
horde.BOWbound10all.PPMIno.LENGTH5000.SOCPOSnav	0.2416641285637161	1.7630876618626865	1	5000	5000	277	horde			bound	1319	all	10_10	no	nav	4_4	0.2269758552301639	BOW	
horde.BOWbound10all.PPMIno.LENGTH5000.SOCPOSall	0.04949410585173965	2.228415068030587	1	5000	5000	277	horde			bound	1319	all	10_10	no	all	4_4	0.2111690309365336	BOW	
horde.BOWbound10all.PPMIno.LENGTHFOC.SOCPOSnav	-0.12421328777804412	1.4082745719112344	1	FOC	685	277	horde			bound	1319	all	10_10	no	nav	4_4	0.1696084500602066	BOW	
horde.BOWbound10all.PPMIno.LENGTHFOC.SOCPOSall	-0.2474464282354811	1.4718730482200657	1	FOC	1319	277	horde			bound	1319	all	10_10	no	all	4_4	0.155150713250624	BOW	
horde.BOWbound5lex.PPMIweight.LENGTH5000.SOCPOSnav	-0.6497082790217098	-0.2428421850823565	1	5000	5000	259	horde			bound	402	lex	5_5	weight	nav	4_4	0.17642328310111932	BOW	
horde.BOWbound5lex.PPMIweight.LENGTH5000.SOCPOSall	-0.4807049519867571	-1.0468657017876162	1	5000	5000	259	horde			bound	402	lex	5_5	weight	all	4_4	0.1771542282977001	BOW	
horde.BOWbound5lex.PPMIweight.LENGTHFOC.SOCPOSnav	-0.6459896734640739	0.006181111025569736	1	FOC	295	259	horde			bound	402	lex	5_5	weight	nav	4_4	0.17098985393813235	BOW	
horde.BOWbound5lex.PPMIweight.LENGTHFOC.SOCPOSall	-0.6214476707778256	-0.02031965002892478	1	FOC	402	259	horde			bound	402	lex	5_5	weight	all	4_4	0.16201546309903692	BOW	
horde.BOWbound5lex.PPMIselection.LENGTH5000.SOCPOSnav	-0.6945316598807691	-0.2462295160621631	1	5000	5000	259	horde			bound	402	lex	5_5	selection	nav	4_4	0.18691398041481094	BOW	
horde.BOWbound5lex.PPMIselection.LENGTH5000.SOCPOSall	-0.5329473787934983	-1.0039859807896188	1	5000	5000	259	horde			bound	402	lex	5_5	selection	all	4_4	0.1819644362456846	BOW	
horde.BOWbound5lex.PPMIselection.LENGTHFOC.SOCPOSnav	-0.5921927622210067	0.045644305372408496	1	FOC	295	259	horde			bound	402	lex	5_5	selection	nav	4_4	0.17301696047331236	BOW	
horde.BOWbound5lex.PPMIselection.LENGTHFOC.SOCPOSall	-0.5765158489568686	0.024357569495364544	1	FOC	402	259	horde			bound	402	lex	5_5	selection	all	4_4	0.16573364243180894	BOW	
horde.BOWbound5lex.PPMIno.LENGTH5000.SOCPOSnav	-1.239507604345326	-0.11198440739261656	1	5000	5000	271	horde			bound	580	lex	5_5	no	nav	4_4	0.19789623467745995	BOW	
horde.BOWbound5lex.PPMIno.LENGTH5000.SOCPOSall	-0.9492346237995216	-1.3507140453734556	1	5000	5000	271	horde			bound	580	lex	5_5	no	all	4_4	0.2011686748562258	BOW	
horde.BOWbound5lex.PPMIno.LENGTHFOC.SOCPOSnav	-0.8568597721347592	0.25457579912443323	1	FOC	436	271	horde			bound	580	lex	5_5	no	nav	4_4	0.15988420488184396	BOW	
horde.BOWbound5lex.PPMIno.LENGTHFOC.SOCPOSall	-0.8832815768561493	0.23884710867755	1	FOC	580	271	horde			bound	580	lex	5_5	no	all	4_4	0.1588493071198381	BOW	
horde.BOWbound5all.PPMIweight.LENGTH5000.SOCPOSnav	-0.04094837341125622	-0.21104217709714773	1	5000	5000	276	horde			bound	545	all	5_5	weight	nav	4_4	0.1446170137730329	BOW	
horde.BOWbound5all.PPMIweight.LENGTH5000.SOCPOSall	0.08028103718051448	-0.9545628673258281	1	5000	5000	276	horde			bound	545	all	5_5	weight	all	4_4	0.16756150775500586	BOW	
horde.BOWbound5all.PPMIweight.LENGTHFOC.SOCPOSnav	-0.2457255426137868	0.0569449520321965	1	FOC	295	276	horde			bound	545	all	5_5	weight	nav	4_4	0.1395345736417395	BOW	
horde.BOWbound5all.PPMIweight.LENGTHFOC.SOCPOSall	-0.22926062514363876	0.022256111384739912	1	FOC	545	276	horde			bound	545	all	5_5	weight	all	4_4	0.13657057321411806	BOW	
horde.BOWbound5all.PPMIselection.LENGTH5000.SOCPOSnav	0.5618841332896417	0.6757844554320775	1	5000	5000	276	horde			bound	545	all	5_5	selection	nav	4_4	0.17935763929808707	BOW	
horde.BOWbound5all.PPMIselection.LENGTH5000.SOCPOSall	0.6055942520542229	-0.7625713456986931	1	5000	5000	276	horde			bound	545	all	5_5	selection	all	4_4	0.18805724983391886	BOW	
horde.BOWbound5all.PPMIselection.LENGTHFOC.SOCPOSnav	0.029221670382698905	0.3280719564869244	1	FOC	295	276	horde			bound	545	all	5_5	selection	nav	4_4	0.163552478654716	BOW	
horde.BOWbound5all.PPMIselection.LENGTHFOC.SOCPOSall	0.03056588983325805	0.2966434574770042	1	FOC	545	276	horde			bound	545	all	5_5	selection	all	4_4	0.17094386748382182	BOW	
horde.BOWbound5all.PPMIno.LENGTH5000.SOCPOSnav	0.6078061028944342	1.11513387972748	1	5000	5000	276	horde			bound	812	all	5_5	no	nav	4_4	0.2048909798496706	BOW	
horde.BOWbound5all.PPMIno.LENGTH5000.SOCPOSall	0.9891532350868733	-1.2210779860690817	1	5000	5000	276	horde			bound	812	all	5_5	no	all	4_4	0.22159352613368888	BOW	
horde.BOWbound5all.PPMIno.LENGTHFOC.SOCPOSnav	0.07498332897536553	0.7436039259069479	1	FOC	436	276	horde			bound	812	all	5_5	no	nav	4_4	0.1565839457542879	BOW	
horde.BOWbound5all.PPMIno.LENGTHFOC.SOCPOSall	0.024269008382732687	0.7848500378347012	1	FOC	812	276	horde			bound	812	all	5_5	no	all	4_4	0.15175107235444746	BOW	
horde.BOWbound3lex.PPMIweight.LENGTH5000.SOCPOSnav	-0.501217200443396	-0.26033945933895536	1	5000	5000	248	horde			bound	313	lex	3_3	weight	nav	4_4	0.1936676030667676	BOW	
horde.BOWbound3lex.PPMIweight.LENGTH5000.SOCPOSall	-0.3279394539774874	-1.008698085309451	1	5000	5000	248	horde			bound	313	lex	3_3	weight	all	4_4	0.19283519623983686	BOW	
horde.BOWbound3lex.PPMIweight.LENGTHFOC.SOCPOSnav	-0.4960600159094256	-0.0508914503793174	1	FOC	233	248	horde			bound	313	lex	3_3	weight	nav	4_4	0.18762407793965288	BOW	
horde.BOWbound3lex.PPMIweight.LENGTHFOC.SOCPOSall	-0.4740492249445981	-0.07172844773444638	1	FOC	313	248	horde			bound	313	lex	3_3	weight	all	4_4	0.17332057184086908	BOW	
horde.BOWbound3lex.PPMIselection.LENGTH5000.SOCPOSnav	-0.5629956825171621	-0.2892942952681458	1	5000	5000	248	horde			bound	313	lex	3_3	selection	nav	4_4	0.20350704565636327	BOW	
horde.BOWbound3lex.PPMIselection.LENGTH5000.SOCPOSall	-0.3574259915590273	-1.026965488471361	1	5000	5000	248	horde			bound	313	lex	3_3	selection	all	4_4	0.19263731115791807	BOW	
horde.BOWbound3lex.PPMIselection.LENGTHFOC.SOCPOSnav	-0.5005257745531022	-0.011558991213073813	1	FOC	233	248	horde			bound	313	lex	3_3	selection	nav	4_4	0.18816885153650648	BOW	
horde.BOWbound3lex.PPMIselection.LENGTHFOC.SOCPOSall	-0.4836787607164729	-0.03760967170413376	1	FOC	313	248	horde			bound	313	lex	3_3	selection	all	4_4	0.17200108968603595	BOW	
horde.BOWbound3lex.PPMIno.LENGTH5000.SOCPOSnav	-0.9996204839261243	-0.276740515319163	1	5000	5000	259	horde			bound	388	lex	3_3	no	nav	4_4	0.20430381878904189	BOW	
horde.BOWbound3lex.PPMIno.LENGTH5000.SOCPOSall	-0.5561572566106737	-1.3651425704020692	1	5000	5000	259	horde			bound	388	lex	3_3	no	all	4_4	0.18965463904391225	BOW	
horde.BOWbound3lex.PPMIno.LENGTHFOC.SOCPOSnav	-0.7252575758966577	0.13964957437553888	1	FOC	289	259	horde			bound	388	lex	3_3	no	nav	4_4	0.17728110295271973	BOW	
horde.BOWbound3lex.PPMIno.LENGTHFOC.SOCPOSall	-0.7219916589005455	0.12130146527381452	1	FOC	388	259	horde			bound	388	lex	3_3	no	all	4_4	0.16561203663983193	BOW	
horde.BOWbound3all.PPMIweight.LENGTH5000.SOCPOSnav	0.15900085330864894	-0.27490356691258216	1	5000	5000	274	horde			bound	403	all	3_3	weight	nav	4_4	0.14791677387973975	BOW	
horde.BOWbound3all.PPMIweight.LENGTH5000.SOCPOSall	0.27880421703123376	-1.002244330470927	1	5000	5000	274	horde			bound	403	all	3_3	weight	all	4_4	0.17102134546568834	BOW	
horde.BOWbound3all.PPMIweight.LENGTHFOC.SOCPOSnav	-0.10350217251303502	-0.028631170920816306	1	FOC	233	274	horde			bound	403	all	3_3	weight	nav	4_4	0.14713315815656886	BOW	
horde.BOWbound3all.PPMIweight.LENGTHFOC.SOCPOSall	-0.07507575677101318	-0.06236469577942558	1	FOC	403	274	horde			bound	403	all	3_3	weight	all	4_4	0.13942604092185315	BOW	
horde.BOWbound3all.PPMIselection.LENGTH5000.SOCPOSnav	0.8353460535407911	0.3964382126565272	1	5000	5000	274	horde			bound	403	all	3_3	selection	nav	4_4	0.16336485627127478	BOW	
horde.BOWbound3all.PPMIselection.LENGTH5000.SOCPOSall	0.8506019457729305	-0.7672357220238273	1	5000	5000	274	horde			bound	403	all	3_3	selection	all	4_4	0.1841784904562007	BOW	
horde.BOWbound3all.PPMIselection.LENGTHFOC.SOCPOSnav	0.20058761401237926	0.2302795918113107	1	FOC	233	274	horde			bound	403	all	3_3	selection	nav	4_4	0.17381670876387362	BOW	
horde.BOWbound3all.PPMIselection.LENGTHFOC.SOCPOSall	0.2069627745864648	0.17622483188187288	1	FOC	403	274	horde			bound	403	all	3_3	selection	all	4_4	0.17418252610327506	BOW	
horde.BOWbound3all.PPMIno.LENGTH5000.SOCPOSnav	0.9482038845702622	0.6848582974633048	1	5000	5000	275	horde			bound	527	all	3_3	no	nav	4_4	0.18468271144334308	BOW	
horde.BOWbound3all.PPMIno.LENGTH5000.SOCPOSall	1.1868456506062142	-0.9028437674282712	1	5000	5000	275	horde			bound	527	all	3_3	no	all	4_4	0.2164834978394643	BOW	
horde.BOWbound3all.PPMIno.LENGTHFOC.SOCPOSnav	0.2580987283292983	0.4835077385925577	1	FOC	289	275	horde			bound	527	all	3_3	no	nav	4_4	0.1694259294416294	BOW	
horde.BOWbound3all.PPMIno.LENGTHFOC.SOCPOSall	0.2466241253235727	0.4582568213578048	1	FOC	527	275	horde			bound	527	all	3_3	no	all	4_4	0.1606496492948497	BOW	
horde.BOWnobound10lex.PPMIweight.LENGTH5000.SOCPOSnav	-1.087755230977821	-0.2306814836262845	1	5000	5000	273	horde			nobound	583	lex	10_10	weight	nav	4_4	0.17098053852587014	BOW	
horde.BOWnobound10lex.PPMIweight.LENGTH5000.SOCPOSall	-0.8060597942625278	-1.2197665403501592	1	5000	5000	273	horde			nobound	583	lex	10_10	weight	all	4_4	0.18574919433557552	BOW	
horde.BOWnobound10lex.PPMIweight.LENGTHFOC.SOCPOSnav	-1.199698145113753	0.11575456190150694	1	FOC	422	273	horde			nobound	583	lex	10_10	weight	nav	4_4	0.16931023112071075	BOW	
horde.BOWnobound10lex.PPMIweight.LENGTHFOC.SOCPOSall	-1.1389900822996768	0.060608478185651835	1	FOC	583	273	horde			nobound	583	lex	10_10	weight	all	4_4	0.16435446202822349	BOW	
horde.BOWnobound10lex.PPMIselection.LENGTH5000.SOCPOSnav	-1.2716967600191722	-0.040440619211549664	1	5000	5000	273	horde			nobound	583	lex	10_10	selection	nav	4_4	0.1969860816091664	BOW	
horde.BOWnobound10lex.PPMIselection.LENGTH5000.SOCPOSall	-1.0469391995379285	-1.1383308940623174	1	5000	5000	273	horde			nobound	583	lex	10_10	selection	all	4_4	0.1905683795413554	BOW	
horde.BOWnobound10lex.PPMIselection.LENGTHFOC.SOCPOSnav	-1.1227583921117548	0.2972423862318544	1	FOC	422	273	horde			nobound	583	lex	10_10	selection	nav	4_4	0.16891393160914098	BOW	
horde.BOWnobound10lex.PPMIselection.LENGTHFOC.SOCPOSall	-1.082429308133374	0.2764025007369624	1	FOC	583	273	horde			nobound	583	lex	10_10	selection	all	4_4	0.16685398079045208	BOW	
horde.BOWnobound10lex.PPMIno.LENGTH5000.SOCPOSnav	-1.7473043356982667	0.7175488503124843	1	5000	5000	276	horde			nobound	1238	lex	10_10	no	nav	4_4	0.2059023618230349	BOW	
horde.BOWnobound10lex.PPMIno.LENGTH5000.SOCPOSall	-2.0480313758050945	-1.1465567331046316	1	5000	5000	276	horde			nobound	1238	lex	10_10	no	all	4_4	0.1994439028747323	BOW	
horde.BOWnobound10lex.PPMIno.LENGTHFOC.SOCPOSnav	-1.4721034458352524	0.7918270366748843	1	FOC	894	276	horde			nobound	1238	lex	10_10	no	nav	4_4	0.17622991900850785	BOW	
horde.BOWnobound10lex.PPMIno.LENGTHFOC.SOCPOSall	-1.4865216692130887	0.7504893441097273	1	FOC	1238	276	horde			nobound	1238	lex	10_10	no	all	4_4	0.17584251912101365	BOW	
horde.BOWnobound10all.PPMIweight.LENGTH5000.SOCPOSnav	-0.4101982574358052	-0.3527297750166913	1	5000	5000	277	horde			nobound	790	all	10_10	weight	nav	4_4	0.14618100956771815	BOW	
horde.BOWnobound10all.PPMIweight.LENGTH5000.SOCPOSall	-0.19610322396838606	-1.1838457306542152	1	5000	5000	277	horde			nobound	790	all	10_10	weight	all	4_4	0.16620523428041367	BOW	
horde.BOWnobound10all.PPMIweight.LENGTHFOC.SOCPOSnav	-0.6604888059952796	0.4718073617016289	1	FOC	422	277	horde			nobound	790	all	10_10	weight	nav	4_4	0.14413338777337756	BOW	
horde.BOWnobound10all.PPMIweight.LENGTHFOC.SOCPOSall	-0.6217020257385509	0.413191006036615	1	FOC	790	277	horde			nobound	790	all	10_10	weight	all	4_4	0.135308038359336	BOW	
horde.BOWnobound10all.PPMIselection.LENGTH5000.SOCPOSnav	-0.03015100422880137	1.3179181150977315	1	5000	5000	277	horde			nobound	790	all	10_10	selection	nav	4_4	0.21667269742599207	BOW	
horde.BOWnobound10all.PPMIselection.LENGTH5000.SOCPOSall	0.17083883097072608	-1.4250917427946288	1	5000	5000	277	horde			nobound	790	all	10_10	selection	all	4_4	0.1970403946953634	BOW	
horde.BOWnobound10all.PPMIselection.LENGTHFOC.SOCPOSnav	-0.4027268241546843	0.8484353461477774	1	FOC	422	277	horde			nobound	790	all	10_10	selection	nav	4_4	0.15338387554093816	BOW	
horde.BOWnobound10all.PPMIselection.LENGTHFOC.SOCPOSall	-0.4157025297734445	0.8265290675824771	1	FOC	790	277	horde			nobound	790	all	10_10	selection	all	4_4	0.15266312024047282	BOW	
horde.BOWnobound10all.PPMIno.LENGTH5000.SOCPOSnav	-0.29103042253234185	1.9587970864109836	1	5000	5000	278	horde			nobound	1723	all	10_10	no	nav	4_4	0.2377710946853806	BOW	
horde.BOWnobound10all.PPMIno.LENGTH5000.SOCPOSall	-1.1993799068033395	2.2557177807490687	1	5000	5000	278	horde			nobound	1723	all	10_10	no	all	4_4	0.1921545721121616	BOW	
horde.BOWnobound10all.PPMIno.LENGTHFOC.SOCPOSnav	-0.6127592358487709	1.6517062643150284	1	FOC	894	278	horde			nobound	1723	all	10_10	no	nav	4_4	0.1908966792479988	BOW	
horde.BOWnobound10all.PPMIno.LENGTHFOC.SOCPOSall	-0.7265879472226143	1.6895623680617722	1	FOC	1723	278	horde			nobound	1723	all	10_10	no	all	4_4	0.1739093371177075	BOW	
horde.BOWnobound5lex.PPMIweight.LENGTH5000.SOCPOSnav	-0.8526796605951631	-0.26035602335199226	1	5000	5000	264	horde			nobound	453	lex	5_5	weight	nav	4_4	0.18654145424968085	BOW	
horde.BOWnobound5lex.PPMIweight.LENGTH5000.SOCPOSall	-0.6754907155337236	-1.1289421230251482	1	5000	5000	264	horde			nobound	453	lex	5_5	weight	all	4_4	0.18531890273282348	BOW	
horde.BOWnobound5lex.PPMIweight.LENGTHFOC.SOCPOSnav	-0.8378920949046632	-0.0008771901730355383	1	FOC	330	264	horde			nobound	453	lex	5_5	weight	nav	4_4	0.17668663387535638	BOW	
horde.BOWnobound5lex.PPMIweight.LENGTHFOC.SOCPOSall	-0.8105803913402513	-0.02981412890282798	1	FOC	453	264	horde			nobound	453	lex	5_5	weight	all	4_4	0.174430673674194	BOW	
horde.BOWnobound5lex.PPMIselection.LENGTH5000.SOCPOSnav	-0.9369997050958424	-0.2541890031261254	1	5000	5000	264	horde			nobound	453	lex	5_5	selection	nav	4_4	0.19365112261370773	BOW	
horde.BOWnobound5lex.PPMIselection.LENGTH5000.SOCPOSall	-0.7404471738109181	-1.054819692690731	1	5000	5000	264	horde			nobound	453	lex	5_5	selection	all	4_4	0.18690204120010706	BOW	
horde.BOWnobound5lex.PPMIselection.LENGTHFOC.SOCPOSnav	-0.7705949093802565	0.02693283360184497	1	FOC	330	264	horde			nobound	453	lex	5_5	selection	nav	4_4	0.17498322057449955	BOW	
horde.BOWnobound5lex.PPMIselection.LENGTHFOC.SOCPOSall	-0.7546006348807043	-0.00724738003897808	1	FOC	453	264	horde			nobound	453	lex	5_5	selection	all	4_4	0.17149902010261053	BOW	
horde.BOWnobound5lex.PPMIno.LENGTH5000.SOCPOSnav	-1.4709543187527183	-0.011805304359396385	1	5000	5000	274	horde			nobound	669	lex	5_5	no	nav	4_4	0.20429710942235316	BOW	
horde.BOWnobound5lex.PPMIno.LENGTH5000.SOCPOSall	-1.2016212871897611	-1.3463253780866078	1	5000	5000	274	horde			nobound	669	lex	5_5	no	all	4_4	0.20193896274307405	BOW	
horde.BOWnobound5lex.PPMIno.LENGTHFOC.SOCPOSnav	-1.0956629748762037	0.22341365679950556	1	FOC	494	274	horde			nobound	669	lex	5_5	no	nav	4_4	0.16637277068917414	BOW	
horde.BOWnobound5lex.PPMIno.LENGTHFOC.SOCPOSall	-1.1313499336732953	0.20597481057053213	1	FOC	669	274	horde			nobound	669	lex	5_5	no	all	4_4	0.16678601807617038	BOW	
horde.BOWnobound5all.PPMIweight.LENGTH5000.SOCPOSnav	-0.16105065577530933	-0.2244264527814917	1	5000	5000	276	horde			nobound	614	all	5_5	weight	nav	4_4	0.14918168936291967	BOW	
horde.BOWnobound5all.PPMIweight.LENGTH5000.SOCPOSall	-0.03873438581878829	-1.0178854463454179	1	5000	5000	276	horde			nobound	614	all	5_5	weight	all	4_4	0.1658766979650846	BOW	
horde.BOWnobound5all.PPMIweight.LENGTHFOC.SOCPOSnav	-0.3495629267782606	0.13367582510394985	1	FOC	330	276	horde			nobound	614	all	5_5	weight	nav	4_4	0.14364241785213905	BOW	
horde.BOWnobound5all.PPMIweight.LENGTHFOC.SOCPOSall	-0.32672765687857697	0.08468427341715389	1	FOC	614	276	horde			nobound	614	all	5_5	weight	all	4_4	0.14319670557216385	BOW	
horde.BOWnobound5all.PPMIselection.LENGTH5000.SOCPOSnav	0.4464517991463279	0.8415323713373244	1	5000	5000	276	horde			nobound	614	all	5_5	selection	nav	4_4	0.18850417146870732	BOW	
horde.BOWnobound5all.PPMIselection.LENGTH5000.SOCPOSall	0.4717183919841978	-0.9482512635062104	1	5000	5000	276	horde			nobound	614	all	5_5	selection	all	4_4	0.1903223676384637	BOW	
horde.BOWnobound5all.PPMIselection.LENGTHFOC.SOCPOSnav	-0.0690427401089496	0.39862927562434586	1	FOC	330	276	horde			nobound	614	all	5_5	selection	nav	4_4	0.1592745396112304	BOW	
horde.BOWnobound5all.PPMIselection.LENGTHFOC.SOCPOSall	-0.06871381155741058	0.3739490444899651	1	FOC	614	276	horde			nobound	614	all	5_5	selection	all	4_4	0.16716650350235038	BOW	
horde.BOWnobound5all.PPMIno.LENGTH5000.SOCPOSnav	0.41663392824328094	1.288457739437436	1	5000	5000	278	horde			nobound	932	all	5_5	no	nav	4_4	0.21691181326446465	BOW	
horde.BOWnobound5all.PPMIno.LENGTH5000.SOCPOSall	0.7403706083012203	-1.6350224793322277	1	5000	5000	278	horde			nobound	932	all	5_5	no	all	4_4	0.22264312121701813	BOW	
horde.BOWnobound5all.PPMIno.LENGTHFOC.SOCPOSnav	-0.0524073119540904	0.8721888270930417	1	FOC	494	278	horde			nobound	932	all	5_5	no	nav	4_4	0.1705921296782572	BOW	
horde.BOWnobound5all.PPMIno.LENGTHFOC.SOCPOSall	-0.12731387001016606	0.9084389076000547	1	FOC	932	278	horde			nobound	932	all	5_5	no	all	4_4	0.16775809552154805	BOW	
horde.BOWnobound3lex.PPMIweight.LENGTH5000.SOCPOSnav	-0.6044229408506285	-0.29820680694524115	1	5000	5000	252	horde			nobound	333	lex	3_3	weight	nav	4_4	0.19710740651626854	BOW	
horde.BOWnobound3lex.PPMIweight.LENGTH5000.SOCPOSall	-0.4083726954542757	-1.0991586766347825	1	5000	5000	252	horde			nobound	333	lex	3_3	weight	all	4_4	0.19457309713246965	BOW	
horde.BOWnobound3lex.PPMIweight.LENGTHFOC.SOCPOSnav	-0.6003468326373202	-0.06486301926460199	1	FOC	247	252	horde			nobound	333	lex	3_3	weight	nav	4_4	0.19382482455647895	BOW	
horde.BOWnobound3lex.PPMIweight.LENGTHFOC.SOCPOSall	-0.5642809708344282	-0.07866087003305397	1	FOC	333	252	horde			nobound	333	lex	3_3	weight	all	4_4	0.1803131720367916	BOW	
horde.BOWnobound3lex.PPMIselection.LENGTH5000.SOCPOSnav	-0.6934996460333059	-0.33083706047698885	1	5000	5000	252	horde			nobound	333	lex	3_3	selection	nav	4_4	0.2055606959204055	BOW	
horde.BOWnobound3lex.PPMIselection.LENGTH5000.SOCPOSall	-0.44035799000120496	-1.121884970225479	1	5000	5000	252	horde			nobound	333	lex	3_3	selection	all	4_4	0.19474481903252355	BOW	
horde.BOWnobound3lex.PPMIselection.LENGTHFOC.SOCPOSnav	-0.5867716631931409	-0.022769684916282045	1	FOC	247	252	horde			nobound	333	lex	3_3	selection	nav	4_4	0.18854172824342372	BOW	
horde.BOWnobound3lex.PPMIselection.LENGTHFOC.SOCPOSall	-0.5677011177293403	-0.048770045464236585	1	FOC	333	252	horde			nobound	333	lex	3_3	selection	all	4_4	0.17858486986223704	BOW	
horde.BOWnobound3lex.PPMIno.LENGTH5000.SOCPOSnav	-1.1959894113822946	-0.256212646671264	1	5000	5000	263	horde			nobound	415	lex	3_3	no	nav	4_4	0.20769764672792745	BOW	
horde.BOWnobound3lex.PPMIno.LENGTH5000.SOCPOSall	-0.7139202393521801	-1.4464576774078983	1	5000	5000	263	horde			nobound	415	lex	3_3	no	all	4_4	0.1919812695870568	BOW	
horde.BOWnobound3lex.PPMIno.LENGTHFOC.SOCPOSnav	-0.9003120309828273	0.1362579990699441	1	FOC	309	263	horde			nobound	415	lex	3_3	no	nav	4_4	0.18467074349275087	BOW	
horde.BOWnobound3lex.PPMIno.LENGTHFOC.SOCPOSall	-0.8964800441712111	0.10297007678542132	1	FOC	415	263	horde			nobound	415	lex	3_3	no	all	4_4	0.17627568195133475	BOW	
horde.BOWnobound3all.PPMIweight.LENGTH5000.SOCPOSnav	0.1152248755996314	-0.3259608980995928	1	5000	5000	275	horde			nobound	434	all	3_3	weight	nav	4_4	0.15079864404313228	BOW	
horde.BOWnobound3all.PPMIweight.LENGTH5000.SOCPOSall	0.24162125688818736	-1.0791202757716547	1	5000	5000	275	horde			nobound	434	all	3_3	weight	all	4_4	0.1702178941662687	BOW	
horde.BOWnobound3all.PPMIweight.LENGTHFOC.SOCPOSnav	-0.1670304441758348	-0.029214116222396738	1	FOC	247	275	horde			nobound	434	all	3_3	weight	nav	4_4	0.15585205344880834	BOW	
horde.BOWnobound3all.PPMIweight.LENGTHFOC.SOCPOSall	-0.12640780935070015	-0.07799258161672505	1	FOC	434	275	horde			nobound	434	all	3_3	weight	all	4_4	0.14944296611686236	BOW	
horde.BOWnobound3all.PPMIselection.LENGTH5000.SOCPOSnav	0.8645050488808989	0.4755113237355126	1	5000	5000	275	horde			nobound	434	all	3_3	selection	nav	4_4	0.1700406869732796	BOW	
horde.BOWnobound3all.PPMIselection.LENGTH5000.SOCPOSall	0.8647915796350215	-0.8431242676865116	1	5000	5000	275	horde			nobound	434	all	3_3	selection	all	4_4	0.1873835183652368	BOW	
horde.BOWnobound3all.PPMIselection.LENGTHFOC.SOCPOSnav	0.1758342132554674	0.24861599792399075	1	FOC	247	275	horde			nobound	434	all	3_3	selection	nav	4_4	0.1767217655341249	BOW	
horde.BOWnobound3all.PPMIselection.LENGTHFOC.SOCPOSall	0.19546318004066865	0.18626964969341667	1	FOC	434	275	horde			nobound	434	all	3_3	selection	all	4_4	0.1835955794456037	BOW	
horde.BOWnobound3all.PPMIno.LENGTH5000.SOCPOSnav	0.9561602318537552	0.7271096732042915	1	5000	5000	275	horde			nobound	568	all	3_3	no	nav	4_4	0.1999455265392744	BOW	
horde.BOWnobound3all.PPMIno.LENGTH5000.SOCPOSall	1.1857960194374402	-1.0303586344072877	1	5000	5000	275	horde			nobound	568	all	3_3	no	all	4_4	0.2163113447977868	BOW	
horde.BOWnobound3all.PPMIno.LENGTHFOC.SOCPOSnav	0.2378422897371943	0.5156615740464844	1	FOC	309	275	horde			nobound	568	all	3_3	no	nav	4_4	0.17360265689667062	BOW	
horde.BOWnobound3all.PPMIno.LENGTHFOC.SOCPOSall	0.2287401498095118	0.4932363962983838	1	FOC	568	275	horde			nobound	568	all	3_3	no	all	4_4	0.1648032762813488	BOW	
horde.LEMMAPATHselection2.PPMIweight.LENGTH5000.SOCPOSnav	0.3133379171549617	-0.23535946018193055	1	5000	5000	275	horde	selection2		bound	395			weight	nav	4_4	0.14888277714376508	LEMMAPATH	
horde.LEMMAPATHselection2.PPMIweight.LENGTH5000.SOCPOSall	0.5005181834524124	-1.0007209030150992	1	5000	5000	275	horde	selection2		bound	395			weight	all	4_4	0.16757774788915794	LEMMAPATH	
horde.LEMMAPATHselection2.PPMIweight.LENGTHFOC.SOCPOSnav	0.02678289769570729	-0.027419455104660838	1	FOC	234	275	horde	selection2		bound	395			weight	nav	4_4	0.1533582604499679	LEMMAPATH	
horde.LEMMAPATHselection2.PPMIweight.LENGTHFOC.SOCPOSall	0.05265212790613639	-0.0570645920636374	1	FOC	395	275	horde	selection2		bound	395			weight	all	4_4	0.14232269725252533	LEMMAPATH	
horde.LEMMAPATHselection2.PPMIselection.LENGTH5000.SOCPOSnav	0.9012613548562952	0.277397366017065	1	5000	5000	275	horde	selection2		bound	395			selection	nav	4_4	0.17146097056085408	LEMMAPATH	
horde.LEMMAPATHselection2.PPMIselection.LENGTH5000.SOCPOSall	1.020354365889823	-0.5396237443226378	1	5000	5000	275	horde	selection2		bound	395			selection	all	4_4	0.17725297253984315	LEMMAPATH	
horde.LEMMAPATHselection2.PPMIselection.LENGTHFOC.SOCPOSnav	0.3692874174756348	0.19890394220295265	1	FOC	234	275	horde	selection2		bound	395			selection	nav	4_4	0.16402328972515004	LEMMAPATH	
horde.LEMMAPATHselection2.PPMIselection.LENGTHFOC.SOCPOSall	0.3780645940118321	0.1568265532095776	1	FOC	395	275	horde	selection2		bound	395			selection	all	4_4	0.16398340767782885	LEMMAPATH	
horde.LEMMAPATHselection2.PPMIno.LENGTH5000.SOCPOSnav	1.1070294152794329	0.6003553474931524	1	5000	5000	277	horde	selection2		bound	587			no	nav	4_4	0.1900571648801715	LEMMAPATH	
horde.LEMMAPATHselection2.PPMIno.LENGTH5000.SOCPOSall	1.5310786670793617	-0.5593355130396006	1	5000	5000	277	horde	selection2		bound	587			no	all	4_4	0.19847725014105666	LEMMAPATH	
horde.LEMMAPATHselection2.PPMIno.LENGTHFOC.SOCPOSnav	0.4752673622039071	0.4631373834974054	1	FOC	319	277	horde	selection2		bound	587			no	nav	4_4	0.16522093484184702	LEMMAPATH	
horde.LEMMAPATHselection2.PPMIno.LENGTHFOC.SOCPOSall	0.4778802483976961	0.4191639301585949	1	FOC	587	277	horde	selection2		bound	587			no	all	4_4	0.1583070667469786	LEMMAPATH	
horde.LEMMAPATHselection3.PPMIweight.LENGTH5000.SOCPOSnav	0.11076979461637147	-0.258087305378149	1	5000	5000	277	horde	selection3		bound	537			weight	nav	4_4	0.1546200700012348	LEMMAPATH	
horde.LEMMAPATHselection3.PPMIweight.LENGTH5000.SOCPOSall	0.2364978656500783	-0.989026691069432	1	5000	5000	277	horde	selection3		bound	537			weight	all	4_4	0.16743891820386916	LEMMAPATH	
horde.LEMMAPATHselection3.PPMIweight.LENGTHFOC.SOCPOSnav	-0.1355980832418331	0.0403019904922969	1	FOC	293	277	horde	selection3		bound	537			weight	nav	4_4	0.1445074111347141	LEMMAPATH	
horde.LEMMAPATHselection3.PPMIweight.LENGTHFOC.SOCPOSall	-0.11108748869350032	-0.005568497258018227	1	FOC	537	277	horde	selection3		bound	537			weight	all	4_4	0.14063466514761358	LEMMAPATH	
horde.LEMMAPATHselection3.PPMIselection.LENGTH5000.SOCPOSnav	0.8226249888608539	0.625625716100463	1	5000	5000	277	horde	selection3		bound	537			selection	nav	4_4	0.20476163135590247	LEMMAPATH	
horde.LEMMAPATHselection3.PPMIselection.LENGTH5000.SOCPOSall	0.8756299287904524	-0.6808094118002261	1	5000	5000	277	horde	selection3		bound	537			selection	all	4_4	0.19532951745428212	LEMMAPATH	
horde.LEMMAPATHselection3.PPMIselection.LENGTHFOC.SOCPOSnav	0.1891446880865123	0.3643464017434658	1	FOC	293	277	horde	selection3		bound	537			selection	nav	4_4	0.1622691803386723	LEMMAPATH	
horde.LEMMAPATHselection3.PPMIselection.LENGTHFOC.SOCPOSall	0.2045020313641186	0.32059431852727605	1	FOC	537	277	horde	selection3		bound	537			selection	all	4_4	0.17180594580054342	LEMMAPATH	
horde.LEMMAPATHselection3.PPMIno.LENGTH5000.SOCPOSnav	0.9945892081670972	1.0132140445152942	1	5000	5000	277	horde	selection3		bound	939			no	nav	4_4	0.22533617392725785	LEMMAPATH	
horde.LEMMAPATHselection3.PPMIno.LENGTH5000.SOCPOSall	1.611215584912644	-0.8572397282313899	1	5000	5000	277	horde	selection3		bound	939			no	all	4_4	0.2335348351651712	LEMMAPATH	
horde.LEMMAPATHselection3.PPMIno.LENGTHFOC.SOCPOSnav	0.334017527297303	0.7843193731130912	1	FOC	470	277	horde	selection3		bound	939			no	nav	4_4	0.1692766420535212	LEMMAPATH	
horde.LEMMAPATHselection3.PPMIno.LENGTHFOC.SOCPOSall	0.3108645207424084	0.8359825315519903	1	FOC	939	277	horde	selection3		bound	939			no	all	4_4	0.16391962179840466	LEMMAPATH	
horde.LEMMAPATHweight.PPMIselection.LENGTH5000.SOCPOSnav	0.9653300336651894	0.2893454172031885	1	5000	5000	277	horde	weight		bound	537			selection	nav	4_4	0.16863970982171378	LEMMAPATH	
horde.LEMMAPATHweight.PPMIselection.LENGTH5000.SOCPOSall	1.0122697825818685	-0.4535741313766043	1	5000	5000	277	horde	weight		bound	537			selection	all	4_4	0.17264784456348511	LEMMAPATH	
horde.LEMMAPATHweight.PPMIselection.LENGTHFOC.SOCPOSnav	0.3785231906072107	0.1982997032883375	1	FOC	293	277	horde	weight		bound	537			selection	nav	4_4	0.15244565195157944	LEMMAPATH	
horde.LEMMAPATHweight.PPMIselection.LENGTHFOC.SOCPOSall	0.3897284454966538	0.1585803151659788	1	FOC	537	277	horde	weight		bound	537			selection	all	4_4	0.15725149806462904	LEMMAPATH	
horde.LEMMAPATHweight.PPMIno.LENGTH5000.SOCPOSnav	1.1112944503836808	0.5556044841421056	1	5000	5000	277	horde	weight		bound	939			no	nav	4_4	0.19302776181633566	LEMMAPATH	
horde.LEMMAPATHweight.PPMIno.LENGTH5000.SOCPOSall	1.4526213443800775	-0.3898026998572983	1	5000	5000	277	horde	weight		bound	939			no	all	4_4	0.1972142193782002	LEMMAPATH	
horde.LEMMAPATHweight.PPMIno.LENGTHFOC.SOCPOSnav	0.5165145215539856	0.4181809134298338	1	FOC	470	277	horde	weight		bound	939			no	nav	4_4	0.16328035880423086	LEMMAPATH	
horde.LEMMAPATHweight.PPMIno.LENGTHFOC.SOCPOSall	0.5231091038290178	0.40185680856927664	1	FOC	939	277	horde	weight		bound	939			no	all	4_4	0.1583612226360991	LEMMAPATH	
horde.LEMMAREL1.PPMIweight.LENGTH5000.SOCPOSnav	0.976010316652708	-0.0107390404203565	1	5000	5000	262	horde		group1	bound	184			weight	nav	4_4	0.15020096351592152	LEMMAREL	
horde.LEMMAREL1.PPMIweight.LENGTH5000.SOCPOSall	1.2122073325057547	-0.6645459759571213	1	5000	5000	262	horde		group1	bound	184			weight	all	4_4	0.1922691526755072	LEMMAREL	
horde.LEMMAREL1.PPMIweight.LENGTHFOC.SOCPOSnav	0.8573586402974921	-0.037246446402291536	1	FOC	122	262	horde		group1	bound	184			weight	nav	4_4	0.20964801914365094	LEMMAREL	
horde.LEMMAREL1.PPMIweight.LENGTHFOC.SOCPOSall	0.8315336404410523	-0.035867551226499685	1	FOC	184	262	horde		group1	bound	184			weight	all	4_4	0.19522783209159608	LEMMAREL	
horde.LEMMAREL1.PPMIselection.LENGTH5000.SOCPOSnav	1.250239731230561	0.2626161998596753	1	5000	5000	262	horde		group1	bound	184			selection	nav	4_4	0.1356921402850791	LEMMAREL	
horde.LEMMAREL1.PPMIselection.LENGTH5000.SOCPOSall	1.4698821422075297	-0.22459713025808695	1	5000	5000	262	horde		group1	bound	184			selection	all	4_4	0.1972688750871309	LEMMAREL	
horde.LEMMAREL1.PPMIselection.LENGTHFOC.SOCPOSnav	1.047648693650307	0.2346185268258929	1	FOC	122	262	horde		group1	bound	184			selection	nav	4_4	0.18234775850583496	LEMMAREL	
horde.LEMMAREL1.PPMIselection.LENGTHFOC.SOCPOSall	1.0221817366609651	0.18549519893560792	1	FOC	184	262	horde		group1	bound	184			selection	all	4_4	0.18018494325293447	LEMMAREL	
horde.LEMMAREL1.PPMIno.LENGTH5000.SOCPOSnav	1.5088056066321562	0.4322994420055823	1	5000	5000	270	horde		group1	bound	232			no	nav	4_4	0.15037110064164486	LEMMAREL	
horde.LEMMAREL1.PPMIno.LENGTH5000.SOCPOSall	1.7894698241943314	-0.18274838606799929	1	5000	5000	270	horde		group1	bound	232			no	all	4_4	0.199233975719876	LEMMAREL	
horde.LEMMAREL1.PPMIno.LENGTHFOC.SOCPOSnav	1.1849008275536173	0.3896744643093514	1	FOC	146	270	horde		group1	bound	232			no	nav	4_4	0.19042502049446533	LEMMAREL	
horde.LEMMAREL1.PPMIno.LENGTHFOC.SOCPOSall	1.1616744786642863	0.32919078775455024	1	FOC	232	270	horde		group1	bound	232			no	all	4_4	0.18966726076025925	LEMMAREL	
horde.LEMMAREL2.PPMIweight.LENGTH5000.SOCPOSnav	0.6956228374193101	-0.16558556742772598	1	5000	5000	264	horde		group2	bound	249			weight	nav	4_4	0.14473517010371034	LEMMAREL	
horde.LEMMAREL2.PPMIweight.LENGTH5000.SOCPOSall	0.8447122929102479	-0.9497220110608064	1	5000	5000	264	horde		group2	bound	249			weight	all	4_4	0.17024254573341596	LEMMAREL	
horde.LEMMAREL2.PPMIweight.LENGTHFOC.SOCPOSnav	0.4338075038980008	-0.11814824328603656	1	FOC	165	264	horde		group2	bound	249			weight	nav	4_4	0.1689749247005268	LEMMAREL	
horde.LEMMAREL2.PPMIweight.LENGTHFOC.SOCPOSall	0.4288460093492637	-0.13896748164879572	1	FOC	249	264	horde		group2	bound	249			weight	all	4_4	0.15953636601790672	LEMMAREL	
horde.LEMMAREL2.PPMIselection.LENGTH5000.SOCPOSnav	1.118570756340855	0.2004805260568536	1	5000	5000	264	horde		group2	bound	249			selection	nav	4_4	0.13315414951109086	LEMMAREL	
horde.LEMMAREL2.PPMIselection.LENGTH5000.SOCPOSall	1.2394634480371116	-0.4080819718590796	1	5000	5000	264	horde		group2	bound	249			selection	all	4_4	0.17973660448523496	LEMMAREL	
horde.LEMMAREL2.PPMIselection.LENGTHFOC.SOCPOSnav	0.7193811289695399	0.14937577841789124	1	FOC	165	264	horde		group2	bound	249			selection	nav	4_4	0.1560922313715502	LEMMAREL	
horde.LEMMAREL2.PPMIselection.LENGTHFOC.SOCPOSall	0.7092879137158002	0.11298234342926372	1	FOC	249	264	horde		group2	bound	249			selection	all	4_4	0.1542149285183739	LEMMAREL	
horde.LEMMAREL2.PPMIno.LENGTH5000.SOCPOSnav	1.3540916935016742	0.3633280084573319	1	5000	5000	271	horde		group2	bound	312			no	nav	4_4	0.14988399916337386	LEMMAREL	
horde.LEMMAREL2.PPMIno.LENGTH5000.SOCPOSall	1.5606620714738415	-0.3233235822495025	1	5000	5000	271	horde		group2	bound	312			no	all	4_4	0.19291729171302732	LEMMAREL	
horde.LEMMAREL2.PPMIno.LENGTHFOC.SOCPOSnav	0.8207470214621351	0.2698844433709401	1	FOC	199	271	horde		group2	bound	312			no	nav	4_4	0.15247897141536476	LEMMAREL	
horde.LEMMAREL2.PPMIno.LENGTHFOC.SOCPOSall	0.8091264535171038	0.20080244919890572	1	FOC	312	271	horde		group2	bound	312			no	all	4_4	0.15328929603052788	LEMMAREL	
horde.LEMMAREL3.PPMIweight.LENGTH5000.SOCPOSnav	0.5708424329280087	-0.1846513228836348	1	5000	5000	265	horde		group3	bound	313			weight	nav	4_4	0.14488890648091945	LEMMAREL	
horde.LEMMAREL3.PPMIweight.LENGTH5000.SOCPOSall	0.738291575033225	-0.949767342707607	1	5000	5000	265	horde		group3	bound	313			weight	all	4_4	0.16494606913282334	LEMMAREL	
horde.LEMMAREL3.PPMIweight.LENGTHFOC.SOCPOSnav	0.2530229593849654	-0.06769427927616592	1	FOC	196	265	horde		group3	bound	313			weight	nav	4_4	0.16218342441323955	LEMMAREL	
horde.LEMMAREL3.PPMIweight.LENGTHFOC.SOCPOSall	0.2686241897875315	-0.09552726918894493	1	FOC	313	265	horde		group3	bound	313			weight	all	4_4	0.1585344083034914	LEMMAREL	
horde.LEMMAREL3.PPMIselection.LENGTH5000.SOCPOSnav	1.0042666208695827	0.19905784439021126	1	5000	5000	265	horde		group3	bound	313			selection	nav	4_4	0.14975626872966993	LEMMAREL	
horde.LEMMAREL3.PPMIselection.LENGTH5000.SOCPOSall	1.1539274383325968	-0.4752667354646751	1	5000	5000	265	horde		group3	bound	313			selection	all	4_4	0.18092874562760264	LEMMAREL	
horde.LEMMAREL3.PPMIselection.LENGTHFOC.SOCPOSnav	0.5326969416365683	0.1557607338509817	1	FOC	196	265	horde		group3	bound	313			selection	nav	4_4	0.16215475627012765	LEMMAREL	
horde.LEMMAREL3.PPMIselection.LENGTHFOC.SOCPOSall	0.5381751375511249	0.12796481395315246	1	FOC	313	265	horde		group3	bound	313			selection	all	4_4	0.16233367155379408	LEMMAREL	
horde.LEMMAREL3.PPMIno.LENGTH5000.SOCPOSnav	1.3174549216370668	0.41142917541949386	1	5000	5000	271	horde		group3	bound	425			no	nav	4_4	0.17382133061231775	LEMMAREL	
horde.LEMMAREL3.PPMIno.LENGTH5000.SOCPOSall	1.649097398545354	-0.4063138099972591	1	5000	5000	271	horde		group3	bound	425			no	all	4_4	0.20967546086432176	LEMMAREL	
horde.LEMMAREL3.PPMIno.LENGTHFOC.SOCPOSnav	0.6726561385367443	0.3415865904388595	1	FOC	244	271	horde		group3	bound	425			no	nav	4_4	0.1654168689328651	LEMMAREL	
horde.LEMMAREL3.PPMIno.LENGTHFOC.SOCPOSall	0.6815961040175367	0.2964597121925032	1	FOC	425	271	horde		group3	bound	425			no	all	4_4	0.1744308924068968	LEMMAREL	
horde.BOWbound10lex.PPMIweight.LENGTH5000.SOCPOSnav			1	5000	5000	268	horde			bound	480	lex	10_10	weight	nav	4_4			BOW
horde.BOWbound10lex.PPMIweight.LENGTH5000.SOCPOSall			1	5000	5000	268	horde			bound	480	lex	10_10	weight	all	4_4			BOW
horde.BOWbound10lex.PPMIweight.LENGTHFOC.SOCPOSnav			1	FOC	354	268	horde			bound	480	lex	10_10	weight	nav	4_4			BOW
horde.BOWbound10lex.PPMIweight.LENGTHFOC.SOCPOSall			1	FOC	480	268	horde			bound	480	lex	10_10	weight	all	4_4			BOW
horde.BOWbound10lex.PPMIselection.LENGTH5000.SOCPOSnav			1	5000	5000	268	horde			bound	480	lex	10_10	selection	nav	4_4			BOW
horde.BOWbound10lex.PPMIselection.LENGTH5000.SOCPOSall			1	5000	5000	268	horde			bound	480	lex	10_10	selection	all	4_4			BOW
horde.BOWbound10lex.PPMIselection.LENGTHFOC.SOCPOSnav			1	FOC	354	268	horde			bound	480	lex	10_10	selection	nav	4_4			BOW
horde.BOWbound10lex.PPMIselection.LENGTHFOC.SOCPOSall			1	FOC	480	268	horde			bound	480	lex	10_10	selection	all	4_4			BOW
horde.BOWbound10lex.PPMIno.LENGTH5000.SOCPOSnav			1	5000	5000	273	horde			bound	926	lex	10_10	no	nav	4_4			BOW
horde.BOWbound10lex.PPMIno.LENGTH5000.SOCPOSall			1	5000	5000	273	horde			bound	926	lex	10_10	no	all	4_4			BOW
horde.BOWbound10lex.PPMIno.LENGTHFOC.SOCPOSnav			1	FOC	685	273	horde			bound	926	lex	10_10	no	nav	4_4			BOW
horde.BOWbound10lex.PPMIno.LENGTHFOC.SOCPOSall			1	FOC	926	273	horde			bound	926	lex	10_10	no	all	4_4			BOW
horde.BOWbound10all.PPMIweight.LENGTH5000.SOCPOSnav			1	5000	5000	277	horde			bound	659	all	10_10	weight	nav	4_4			BOW
horde.BOWbound10all.PPMIweight.LENGTH5000.SOCPOSall			1	5000	5000	277	horde			bound	659	all	10_10	weight	all	4_4			BOW
horde.BOWbound10all.PPMIweight.LENGTHFOC.SOCPOSnav			1	FOC	354	277	horde			bound	659	all	10_10	weight	nav	4_4			BOW
horde.BOWbound10all.PPMIweight.LENGTHFOC.SOCPOSall			1	FOC	659	277	horde			bound	659	all	10_10	weight	all	4_4			BOW
horde.BOWbound10all.PPMIselection.LENGTH5000.SOCPOSnav			1	5000	5000	277	horde			bound	659	all	10_10	selection	nav	4_4			BOW
horde.BOWbound10all.PPMIselection.LENGTH5000.SOCPOSall			1	5000	5000	277	horde			bound	659	all	10_10	selection	all	4_4			BOW
horde.BOWbound10all.PPMIselection.LENGTHFOC.SOCPOSnav			1	FOC	354	277	horde			bound	659	all	10_10	selection	nav	4_4			BOW
horde.BOWbound10all.PPMIselection.LENGTHFOC.SOCPOSall			1	FOC	659	277	horde			bound	659	all	10_10	selection	all	4_4			BOW
horde.BOWbound10all.PPMIno.LENGTH5000.SOCPOSnav			1	5000	5000	277	horde			bound	1319	all	10_10	no	nav	4_4			BOW
horde.BOWbound10all.PPMIno.LENGTH5000.SOCPOSall			1	5000	5000	277	horde			bound	1319	all	10_10	no	all	4_4			BOW
horde.BOWbound10all.PPMIno.LENGTHFOC.SOCPOSnav			1	FOC	685	277	horde			bound	1319	all	10_10	no	nav	4_4			BOW
horde.BOWbound10all.PPMIno.LENGTHFOC.SOCPOSall			1	FOC	1319	277	horde			bound	1319	all	10_10	no	all	4_4			BOW
horde.BOWbound5lex.PPMIweight.LENGTH5000.SOCPOSnav			1	5000	5000	259	horde			bound	402	lex	5_5	weight	nav	4_4			BOW
horde.BOWbound5lex.PPMIweight.LENGTH5000.SOCPOSall			1	5000	5000	259	horde			bound	402	lex	5_5	weight	all	4_4			BOW
horde.BOWbound5lex.PPMIweight.LENGTHFOC.SOCPOSnav			1	FOC	295	259	horde			bound	402	lex	5_5	weight	nav	4_4			BOW
horde.BOWbound5lex.PPMIweight.LENGTHFOC.SOCPOSall			1	FOC	402	259	horde			bound	402	lex	5_5	weight	all	4_4			BOW
horde.BOWbound5lex.PPMIselection.LENGTH5000.SOCPOSnav			1	5000	5000	259	horde			bound	402	lex	5_5	selection	nav	4_4			BOW
horde.BOWbound5lex.PPMIselection.LENGTH5000.SOCPOSall			1	5000	5000	259	horde			bound	402	lex	5_5	selection	all	4_4			BOW
horde.BOWbound5lex.PPMIselection.LENGTHFOC.SOCPOSnav			1	FOC	295	259	horde			bound	402	lex	5_5	selection	nav	4_4			BOW
horde.BOWbound5lex.PPMIselection.LENGTHFOC.SOCPOSall			1	FOC	402	259	horde			bound	402	lex	5_5	selection	all	4_4			BOW
horde.BOWbound5lex.PPMIno.LENGTH5000.SOCPOSnav			1	5000	5000	271	horde			bound	580	lex	5_5	no	nav	4_4			BOW
horde.BOWbound5lex.PPMIno.LENGTH5000.SOCPOSall			1	5000	5000	271	horde			bound	580	lex	5_5	no	all	4_4			BOW
horde.BOWbound5lex.PPMIno.LENGTHFOC.SOCPOSnav			1	FOC	436	271	horde			bound	580	lex	5_5	no	nav	4_4			BOW
horde.BOWbound5lex.PPMIno.LENGTHFOC.SOCPOSall			1	FOC	580	271	horde			bound	580	lex	5_5	no	all	4_4			BOW
horde.BOWbound5all.PPMIweight.LENGTH5000.SOCPOSnav			1	5000	5000	276	horde			bound	545	all	5_5	weight	nav	4_4			BOW
horde.BOWbound5all.PPMIweight.LENGTH5000.SOCPOSall			1	5000	5000	276	horde			bound	545	all	5_5	weight	all	4_4			BOW
horde.BOWbound5all.PPMIweight.LENGTHFOC.SOCPOSnav			1	FOC	295	276	horde			bound	545	all	5_5	weight	nav	4_4			BOW
horde.BOWbound5all.PPMIweight.LENGTHFOC.SOCPOSall			1	FOC	545	276	horde			bound	545	all	5_5	weight	all	4_4			BOW
horde.BOWbound5all.PPMIselection.LENGTH5000.SOCPOSnav			1	5000	5000	276	horde			bound	545	all	5_5	selection	nav	4_4			BOW
horde.BOWbound5all.PPMIselection.LENGTH5000.SOCPOSall			1	5000	5000	276	horde			bound	545	all	5_5	selection	all	4_4			BOW
horde.BOWbound5all.PPMIselection.LENGTHFOC.SOCPOSnav			1	FOC	295	276	horde			bound	545	all	5_5	selection	nav	4_4			BOW
horde.BOWbound5all.PPMIselection.LENGTHFOC.SOCPOSall			1	FOC	545	276	horde			bound	545	all	5_5	selection	all	4_4			BOW
horde.BOWbound5all.PPMIno.LENGTH5000.SOCPOSnav			1	5000	5000	276	horde			bound	812	all	5_5	no	nav	4_4			BOW
horde.BOWbound5all.PPMIno.LENGTH5000.SOCPOSall			1	5000	5000	276	horde			bound	812	all	5_5	no	all	4_4			BOW
horde.BOWbound5all.PPMIno.LENGTHFOC.SOCPOSnav			1	FOC	436	276	horde			bound	812	all	5_5	no	nav	4_4			BOW
horde.BOWbound5all.PPMIno.LENGTHFOC.SOCPOSall			1	FOC	812	276	horde			bound	812	all	5_5	no	all	4_4			BOW
horde.BOWbound3lex.PPMIweight.LENGTH5000.SOCPOSnav			1	5000	5000	248	horde			bound	313	lex	3_3	weight	nav	4_4			BOW
horde.BOWbound3lex.PPMIweight.LENGTH5000.SOCPOSall			1	5000	5000	248	horde			bound	313	lex	3_3	weight	all	4_4			BOW
horde.BOWbound3lex.PPMIweight.LENGTHFOC.SOCPOSnav			1	FOC	233	248	horde			bound	313	lex	3_3	weight	nav	4_4			BOW
horde.BOWbound3lex.PPMIweight.LENGTHFOC.SOCPOSall			1	FOC	313	248	horde			bound	313	lex	3_3	weight	all	4_4			BOW
horde.BOWbound3lex.PPMIselection.LENGTH5000.SOCPOSnav			1	5000	5000	248	horde			bound	313	lex	3_3	selection	nav	4_4			BOW
horde.BOWbound3lex.PPMIselection.LENGTH5000.SOCPOSall			1	5000	5000	248	horde			bound	313	lex	3_3	selection	all	4_4			BOW
horde.BOWbound3lex.PPMIselection.LENGTHFOC.SOCPOSnav			1	FOC	233	248	horde			bound	313	lex	3_3	selection	nav	4_4			BOW
horde.BOWbound3lex.PPMIselection.LENGTHFOC.SOCPOSall			1	FOC	313	248	horde			bound	313	lex	3_3	selection	all	4_4			BOW
horde.BOWbound3lex.PPMIno.LENGTH5000.SOCPOSnav			1	5000	5000	259	horde			bound	388	lex	3_3	no	nav	4_4			BOW
horde.BOWbound3lex.PPMIno.LENGTH5000.SOCPOSall			1	5000	5000	259	horde			bound	388	lex	3_3	no	all	4_4			BOW
horde.BOWbound3lex.PPMIno.LENGTHFOC.SOCPOSnav			1	FOC	289	259	horde			bound	388	lex	3_3	no	nav	4_4			BOW
horde.BOWbound3lex.PPMIno.LENGTHFOC.SOCPOSall			1	FOC	388	259	horde			bound	388	lex	3_3	no	all	4_4			BOW
horde.BOWbound3all.PPMIweight.LENGTH5000.SOCPOSnav			1	5000	5000	274	horde			bound	403	all	3_3	weight	nav	4_4			BOW
horde.BOWbound3all.PPMIweight.LENGTH5000.SOCPOSall			1	5000	5000	274	horde			bound	403	all	3_3	weight	all	4_4			BOW
horde.BOWbound3all.PPMIweight.LENGTHFOC.SOCPOSnav			1	FOC	233	274	horde			bound	403	all	3_3	weight	nav	4_4			BOW
horde.BOWbound3all.PPMIweight.LENGTHFOC.SOCPOSall			1	FOC	403	274	horde			bound	403	all	3_3	weight	all	4_4			BOW
horde.BOWbound3all.PPMIselection.LENGTH5000.SOCPOSnav			1	5000	5000	274	horde			bound	403	all	3_3	selection	nav	4_4			BOW
horde.BOWbound3all.PPMIselection.LENGTH5000.SOCPOSall			1	5000	5000	274	horde			bound	403	all	3_3	selection	all	4_4			BOW
horde.BOWbound3all.PPMIselection.LENGTHFOC.SOCPOSnav			1	FOC	233	274	horde			bound	403	all	3_3	selection	nav	4_4			BOW
horde.BOWbound3all.PPMIselection.LENGTHFOC.SOCPOSall			1	FOC	403	274	horde			bound	403	all	3_3	selection	all	4_4			BOW
horde.BOWbound3all.PPMIno.LENGTH5000.SOCPOSnav			1	5000	5000	275	horde			bound	527	all	3_3	no	nav	4_4			BOW
horde.BOWbound3all.PPMIno.LENGTH5000.SOCPOSall			1	5000	5000	275	horde			bound	527	all	3_3	no	all	4_4			BOW
horde.BOWbound3all.PPMIno.LENGTHFOC.SOCPOSnav			1	FOC	289	275	horde			bound	527	all	3_3	no	nav	4_4			BOW
horde.BOWbound3all.PPMIno.LENGTHFOC.SOCPOSall			1	FOC	527	275	horde			bound	527	all	3_3	no	all	4_4			BOW
horde.BOWnobound10lex.PPMIweight.LENGTH5000.SOCPOSnav			1	5000	5000	273	horde			nobound	583	lex	10_10	weight	nav	4_4			BOW
horde.BOWnobound10lex.PPMIweight.LENGTH5000.SOCPOSall			1	5000	5000	273	horde			nobound	583	lex	10_10	weight	all	4_4			BOW
horde.BOWnobound10lex.PPMIweight.LENGTHFOC.SOCPOSnav			1	FOC	422	273	horde			nobound	583	lex	10_10	weight	nav	4_4			BOW
horde.BOWnobound10lex.PPMIweight.LENGTHFOC.SOCPOSall			1	FOC	583	273	horde			nobound	583	lex	10_10	weight	all	4_4			BOW
horde.BOWnobound10lex.PPMIselection.LENGTH5000.SOCPOSnav			1	5000	5000	273	horde			nobound	583	lex	10_10	selection	nav	4_4			BOW
horde.BOWnobound10lex.PPMIselection.LENGTH5000.SOCPOSall			1	5000	5000	273	horde			nobound	583	lex	10_10	selection	all	4_4			BOW
horde.BOWnobound10lex.PPMIselection.LENGTHFOC.SOCPOSnav			1	FOC	422	273	horde			nobound	583	lex	10_10	selection	nav	4_4			BOW
horde.BOWnobound10lex.PPMIselection.LENGTHFOC.SOCPOSall			1	FOC	583	273	horde			nobound	583	lex	10_10	selection	all	4_4			BOW
horde.BOWnobound10lex.PPMIno.LENGTH5000.SOCPOSnav			1	5000	5000	276	horde			nobound	1238	lex	10_10	no	nav	4_4			BOW
horde.BOWnobound10lex.PPMIno.LENGTH5000.SOCPOSall			1	5000	5000	276	horde			nobound	1238	lex	10_10	no	all	4_4			BOW
horde.BOWnobound10lex.PPMIno.LENGTHFOC.SOCPOSnav			1	FOC	894	276	horde			nobound	1238	lex	10_10	no	nav	4_4			BOW
horde.BOWnobound10lex.PPMIno.LENGTHFOC.SOCPOSall			1	FOC	1238	276	horde			nobound	1238	lex	10_10	no	all	4_4			BOW
horde.BOWnobound10all.PPMIweight.LENGTH5000.SOCPOSnav			1	5000	5000	277	horde			nobound	790	all	10_10	weight	nav	4_4			BOW
horde.BOWnobound10all.PPMIweight.LENGTH5000.SOCPOSall			1	5000	5000	277	horde			nobound	790	all	10_10	weight	all	4_4			BOW
horde.BOWnobound10all.PPMIweight.LENGTHFOC.SOCPOSnav			1	FOC	422	277	horde			nobound	790	all	10_10	weight	nav	4_4			BOW
horde.BOWnobound10all.PPMIweight.LENGTHFOC.SOCPOSall			1	FOC	790	277	horde			nobound	790	all	10_10	weight	all	4_4			BOW
horde.BOWnobound10all.PPMIselection.LENGTH5000.SOCPOSnav			1	5000	5000	277	horde			nobound	790	all	10_10	selection	nav	4_4			BOW
horde.BOWnobound10all.PPMIselection.LENGTH5000.SOCPOSall			1	5000	5000	277	horde			nobound	790	all	10_10	selection	all	4_4			BOW
horde.BOWnobound10all.PPMIselection.LENGTHFOC.SOCPOSnav			1	FOC	422	277	horde			nobound	790	all	10_10	selection	nav	4_4			BOW
horde.BOWnobound10all.PPMIselection.LENGTHFOC.SOCPOSall			1	FOC	790	277	horde			nobound	790	all	10_10	selection	all	4_4			BOW
horde.BOWnobound10all.PPMIno.LENGTH5000.SOCPOSnav			1	5000	5000	278	horde			nobound	1723	all	10_10	no	nav	4_4			BOW
horde.BOWnobound10all.PPMIno.LENGTH5000.SOCPOSall			1	5000	5000	278	horde			nobound	1723	all	10_10	no	all	4_4			BOW
horde.BOWnobound10all.PPMIno.LENGTHFOC.SOCPOSnav			1	FOC	894	278	horde			nobound	1723	all	10_10	no	nav	4_4			BOW
horde.BOWnobound10all.PPMIno.LENGTHFOC.SOCPOSall			1	FOC	1723	278	horde			nobound	1723	all	10_10	no	all	4_4			BOW
horde.BOWnobound5lex.PPMIweight.LENGTH5000.SOCPOSnav			1	5000	5000	264	horde			nobound	453	lex	5_5	weight	nav	4_4			BOW
horde.BOWnobound5lex.PPMIweight.LENGTH5000.SOCPOSall			1	5000	5000	264	horde			nobound	453	lex	5_5	weight	all	4_4			BOW
horde.BOWnobound5lex.PPMIweight.LENGTHFOC.SOCPOSnav			1	FOC	330	264	horde			nobound	453	lex	5_5	weight	nav	4_4			BOW
horde.BOWnobound5lex.PPMIweight.LENGTHFOC.SOCPOSall			1	FOC	453	264	horde			nobound	453	lex	5_5	weight	all	4_4			BOW
horde.BOWnobound5lex.PPMIselection.LENGTH5000.SOCPOSnav			1	5000	5000	264	horde			nobound	453	lex	5_5	selection	nav	4_4			BOW
horde.BOWnobound5lex.PPMIselection.LENGTH5000.SOCPOSall			1	5000	5000	264	horde			nobound	453	lex	5_5	selection	all	4_4			BOW
horde.BOWnobound5lex.PPMIselection.LENGTHFOC.SOCPOSnav			1	FOC	330	264	horde			nobound	453	lex	5_5	selection	nav	4_4			BOW
horde.BOWnobound5lex.PPMIselection.LENGTHFOC.SOCPOSall			1	FOC	453	264	horde			nobound	453	lex	5_5	selection	all	4_4			BOW
horde.BOWnobound5lex.PPMIno.LENGTH5000.SOCPOSnav			1	5000	5000	274	horde			nobound	669	lex	5_5	no	nav	4_4			BOW
horde.BOWnobound5lex.PPMIno.LENGTH5000.SOCPOSall			1	5000	5000	274	horde			nobound	669	lex	5_5	no	all	4_4			BOW
horde.BOWnobound5lex.PPMIno.LENGTHFOC.SOCPOSnav			1	FOC	494	274	horde			nobound	669	lex	5_5	no	nav	4_4			BOW
horde.BOWnobound5lex.PPMIno.LENGTHFOC.SOCPOSall			1	FOC	669	274	horde			nobound	669	lex	5_5	no	all	4_4			BOW
horde.BOWnobound5all.PPMIweight.LENGTH5000.SOCPOSnav			1	5000	5000	276	horde			nobound	614	all	5_5	weight	nav	4_4			BOW
horde.BOWnobound5all.PPMIweight.LENGTH5000.SOCPOSall			1	5000	5000	276	horde			nobound	614	all	5_5	weight	all	4_4			BOW
horde.BOWnobound5all.PPMIweight.LENGTHFOC.SOCPOSnav			1	FOC	330	276	horde			nobound	614	all	5_5	weight	nav	4_4			BOW
horde.BOWnobound5all.PPMIweight.LENGTHFOC.SOCPOSall			1	FOC	614	276	horde			nobound	614	all	5_5	weight	all	4_4			BOW
horde.BOWnobound5all.PPMIselection.LENGTH5000.SOCPOSnav			1	5000	5000	276	horde			nobound	614	all	5_5	selection	nav	4_4			BOW
horde.BOWnobound5all.PPMIselection.LENGTH5000.SOCPOSall			1	5000	5000	276	horde			nobound	614	all	5_5	selection	all	4_4			BOW
horde.BOWnobound5all.PPMIselection.LENGTHFOC.SOCPOSnav			1	FOC	330	276	horde			nobound	614	all	5_5	selection	nav	4_4			BOW
horde.BOWnobound5all.PPMIselection.LENGTHFOC.SOCPOSall			1	FOC	614	276	horde			nobound	614	all	5_5	selection	all	4_4			BOW
horde.BOWnobound5all.PPMIno.LENGTH5000.SOCPOSnav			1	5000	5000	278	horde			nobound	932	all	5_5	no	nav	4_4			BOW
horde.BOWnobound5all.PPMIno.LENGTH5000.SOCPOSall			1	5000	5000	278	horde			nobound	932	all	5_5	no	all	4_4			BOW
horde.BOWnobound5all.PPMIno.LENGTHFOC.SOCPOSnav			1	FOC	494	278	horde			nobound	932	all	5_5	no	nav	4_4			BOW
horde.BOWnobound5all.PPMIno.LENGTHFOC.SOCPOSall			1	FOC	932	278	horde			nobound	932	all	5_5	no	all	4_4			BOW
horde.BOWnobound3lex.PPMIweight.LENGTH5000.SOCPOSnav			1	5000	5000	252	horde			nobound	333	lex	3_3	weight	nav	4_4			BOW
horde.BOWnobound3lex.PPMIweight.LENGTH5000.SOCPOSall			1	5000	5000	252	horde			nobound	333	lex	3_3	weight	all	4_4			BOW
horde.BOWnobound3lex.PPMIweight.LENGTHFOC.SOCPOSnav			1	FOC	247	252	horde			nobound	333	lex	3_3	weight	nav	4_4			BOW
horde.BOWnobound3lex.PPMIweight.LENGTHFOC.SOCPOSall			1	FOC	333	252	horde			nobound	333	lex	3_3	weight	all	4_4			BOW
horde.BOWnobound3lex.PPMIselection.LENGTH5000.SOCPOSnav			1	5000	5000	252	horde			nobound	333	lex	3_3	selection	nav	4_4			BOW
horde.BOWnobound3lex.PPMIselection.LENGTH5000.SOCPOSall			1	5000	5000	252	horde			nobound	333	lex	3_3	selection	all	4_4			BOW
horde.BOWnobound3lex.PPMIselection.LENGTHFOC.SOCPOSnav			1	FOC	247	252	horde			nobound	333	lex	3_3	selection	nav	4_4			BOW
horde.BOWnobound3lex.PPMIselection.LENGTHFOC.SOCPOSall			1	FOC	333	252	horde			nobound	333	lex	3_3	selection	all	4_4			BOW
horde.BOWnobound3lex.PPMIno.LENGTH5000.SOCPOSnav			1	5000	5000	263	horde			nobound	415	lex	3_3	no	nav	4_4			BOW
horde.BOWnobound3lex.PPMIno.LENGTH5000.SOCPOSall			1	5000	5000	263	horde			nobound	415	lex	3_3	no	all	4_4			BOW
horde.BOWnobound3lex.PPMIno.LENGTHFOC.SOCPOSnav			1	FOC	309	263	horde			nobound	415	lex	3_3	no	nav	4_4			BOW
horde.BOWnobound3lex.PPMIno.LENGTHFOC.SOCPOSall			1	FOC	415	263	horde			nobound	415	lex	3_3	no	all	4_4			BOW
horde.BOWnobound3all.PPMIweight.LENGTH5000.SOCPOSnav			1	5000	5000	275	horde			nobound	434	all	3_3	weight	nav	4_4			BOW
horde.BOWnobound3all.PPMIweight.LENGTH5000.SOCPOSall			1	5000	5000	275	horde			nobound	434	all	3_3	weight	all	4_4			BOW
horde.BOWnobound3all.PPMIweight.LENGTHFOC.SOCPOSnav			1	FOC	247	275	horde			nobound	434	all	3_3	weight	nav	4_4			BOW
horde.BOWnobound3all.PPMIweight.LENGTHFOC.SOCPOSall			1	FOC	434	275	horde			nobound	434	all	3_3	weight	all	4_4			BOW
horde.BOWnobound3all.PPMIselection.LENGTH5000.SOCPOSnav			1	5000	5000	275	horde			nobound	434	all	3_3	selection	nav	4_4			BOW
horde.BOWnobound3all.PPMIselection.LENGTH5000.SOCPOSall			1	5000	5000	275	horde			nobound	434	all	3_3	selection	all	4_4			BOW
horde.BOWnobound3all.PPMIselection.LENGTHFOC.SOCPOSnav			1	FOC	247	275	horde			nobound	434	all	3_3	selection	nav	4_4			BOW
horde.BOWnobound3all.PPMIselection.LENGTHFOC.SOCPOSall			1	FOC	434	275	horde			nobound	434	all	3_3	selection	all	4_4			BOW
horde.BOWnobound3all.PPMIno.LENGTH5000.SOCPOSnav			1	5000	5000	275	horde			nobound	568	all	3_3	no	nav	4_4			BOW
horde.BOWnobound3all.PPMIno.LENGTH5000.SOCPOSall			1	5000	5000	275	horde			nobound	568	all	3_3	no	all	4_4			BOW
horde.BOWnobound3all.PPMIno.LENGTHFOC.SOCPOSnav			1	FOC	309	275	horde			nobound	568	all	3_3	no	nav	4_4			BOW
horde.BOWnobound3all.PPMIno.LENGTHFOC.SOCPOSall			1	FOC	568	275	horde			nobound	568	all	3_3	no	all	4_4			BOW
horde.LEMMAPATHselection2.PPMIweight.LENGTH5000.SOCPOSnav			1	5000	5000	275	horde	selection2		bound	395			weight	nav	4_4			dependency
horde.LEMMAPATHselection2.PPMIweight.LENGTH5000.SOCPOSall			1	5000	5000	275	horde	selection2		bound	395			weight	all	4_4			dependency
horde.LEMMAPATHselection2.PPMIweight.LENGTHFOC.SOCPOSnav			1	FOC	234	275	horde	selection2		bound	395			weight	nav	4_4			dependency
horde.LEMMAPATHselection2.PPMIweight.LENGTHFOC.SOCPOSall			1	FOC	395	275	horde	selection2		bound	395			weight	all	4_4			dependency
horde.LEMMAPATHselection2.PPMIselection.LENGTH5000.SOCPOSnav			1	5000	5000	275	horde	selection2		bound	395			selection	nav	4_4			dependency
horde.LEMMAPATHselection2.PPMIselection.LENGTH5000.SOCPOSall			1	5000	5000	275	horde	selection2		bound	395			selection	all	4_4			dependency
horde.LEMMAPATHselection2.PPMIselection.LENGTHFOC.SOCPOSnav			1	FOC	234	275	horde	selection2		bound	395			selection	nav	4_4			dependency
horde.LEMMAPATHselection2.PPMIselection.LENGTHFOC.SOCPOSall			1	FOC	395	275	horde	selection2		bound	395			selection	all	4_4			dependency
horde.LEMMAPATHselection2.PPMIno.LENGTH5000.SOCPOSnav			1	5000	5000	277	horde	selection2		bound	587			no	nav	4_4			dependency
horde.LEMMAPATHselection2.PPMIno.LENGTH5000.SOCPOSall			1	5000	5000	277	horde	selection2		bound	587			no	all	4_4			dependency
horde.LEMMAPATHselection2.PPMIno.LENGTHFOC.SOCPOSnav			1	FOC	319	277	horde	selection2		bound	587			no	nav	4_4			dependency
horde.LEMMAPATHselection2.PPMIno.LENGTHFOC.SOCPOSall			1	FOC	587	277	horde	selection2		bound	587			no	all	4_4			dependency
horde.LEMMAPATHselection3.PPMIweight.LENGTH5000.SOCPOSnav			1	5000	5000	277	horde	selection3		bound	537			weight	nav	4_4			dependency
horde.LEMMAPATHselection3.PPMIweight.LENGTH5000.SOCPOSall			1	5000	5000	277	horde	selection3		bound	537			weight	all	4_4			dependency
horde.LEMMAPATHselection3.PPMIweight.LENGTHFOC.SOCPOSnav			1	FOC	293	277	horde	selection3		bound	537			weight	nav	4_4			dependency
horde.LEMMAPATHselection3.PPMIweight.LENGTHFOC.SOCPOSall			1	FOC	537	277	horde	selection3		bound	537			weight	all	4_4			dependency
horde.LEMMAPATHselection3.PPMIselection.LENGTH5000.SOCPOSnav			1	5000	5000	277	horde	selection3		bound	537			selection	nav	4_4			dependency
horde.LEMMAPATHselection3.PPMIselection.LENGTH5000.SOCPOSall			1	5000	5000	277	horde	selection3		bound	537			selection	all	4_4			dependency
horde.LEMMAPATHselection3.PPMIselection.LENGTHFOC.SOCPOSnav			1	FOC	293	277	horde	selection3		bound	537			selection	nav	4_4			dependency
horde.LEMMAPATHselection3.PPMIselection.LENGTHFOC.SOCPOSall			1	FOC	537	277	horde	selection3		bound	537			selection	all	4_4			dependency
horde.LEMMAPATHselection3.PPMIno.LENGTH5000.SOCPOSnav			1	5000	5000	277	horde	selection3		bound	939			no	nav	4_4			dependency
horde.LEMMAPATHselection3.PPMIno.LENGTH5000.SOCPOSall			1	5000	5000	277	horde	selection3		bound	939			no	all	4_4			dependency
horde.LEMMAPATHselection3.PPMIno.LENGTHFOC.SOCPOSnav			1	FOC	470	277	horde	selection3		bound	939			no	nav	4_4			dependency
horde.LEMMAPATHselection3.PPMIno.LENGTHFOC.SOCPOSall			1	FOC	939	277	horde	selection3		bound	939			no	all	4_4			dependency
horde.LEMMAPATHweight.PPMIselection.LENGTH5000.SOCPOSnav			1	5000	5000	277	horde	weight		bound	537			selection	nav	4_4			dependency
horde.LEMMAPATHweight.PPMIselection.LENGTH5000.SOCPOSall			1	5000	5000	277	horde	weight		bound	537			selection	all	4_4			dependency
horde.LEMMAPATHweight.PPMIselection.LENGTHFOC.SOCPOSnav			1	FOC	293	277	horde	weight		bound	537			selection	nav	4_4			dependency
horde.LEMMAPATHweight.PPMIselection.LENGTHFOC.SOCPOSall			1	FOC	537	277	horde	weight		bound	537			selection	all	4_4			dependency
horde.LEMMAPATHweight.PPMIno.LENGTH5000.SOCPOSnav			1	5000	5000	277	horde	weight		bound	939			no	nav	4_4			dependency
horde.LEMMAPATHweight.PPMIno.LENGTH5000.SOCPOSall			1	5000	5000	277	horde	weight		bound	939			no	all	4_4			dependency
horde.LEMMAPATHweight.PPMIno.LENGTHFOC.SOCPOSnav			1	FOC	470	277	horde	weight		bound	939			no	nav	4_4			dependency
horde.LEMMAPATHweight.PPMIno.LENGTHFOC.SOCPOSall			1	FOC	939	277	horde	weight		bound	939			no	all	4_4			dependency
horde.LEMMAREL1.PPMIweight.LENGTH5000.SOCPOSnav			1	5000	5000	262	horde		group1	bound	184			weight	nav	4_4			dependency
horde.LEMMAREL1.PPMIweight.LENGTH5000.SOCPOSall			1	5000	5000	262	horde		group1	bound	184			weight	all	4_4			dependency
horde.LEMMAREL1.PPMIweight.LENGTHFOC.SOCPOSnav			1	FOC	122	262	horde		group1	bound	184			weight	nav	4_4			dependency
horde.LEMMAREL1.PPMIweight.LENGTHFOC.SOCPOSall			1	FOC	184	262	horde		group1	bound	184			weight	all	4_4			dependency
horde.LEMMAREL1.PPMIselection.LENGTH5000.SOCPOSnav			1	5000	5000	262	horde		group1	bound	184			selection	nav	4_4			dependency
horde.LEMMAREL1.PPMIselection.LENGTH5000.SOCPOSall			1	5000	5000	262	horde		group1	bound	184			selection	all	4_4			dependency
horde.LEMMAREL1.PPMIselection.LENGTHFOC.SOCPOSnav			1	FOC	122	262	horde		group1	bound	184			selection	nav	4_4			dependency
horde.LEMMAREL1.PPMIselection.LENGTHFOC.SOCPOSall			1	FOC	184	262	horde		group1	bound	184			selection	all	4_4			dependency
horde.LEMMAREL1.PPMIno.LENGTH5000.SOCPOSnav			1	5000	5000	270	horde		group1	bound	232			no	nav	4_4			dependency
horde.LEMMAREL1.PPMIno.LENGTH5000.SOCPOSall			1	5000	5000	270	horde		group1	bound	232			no	all	4_4			dependency
horde.LEMMAREL1.PPMIno.LENGTHFOC.SOCPOSnav			1	FOC	146	270	horde		group1	bound	232			no	nav	4_4			dependency
horde.LEMMAREL1.PPMIno.LENGTHFOC.SOCPOSall			1	FOC	232	270	horde		group1	bound	232			no	all	4_4			dependency
horde.LEMMAREL2.PPMIweight.LENGTH5000.SOCPOSnav			1	5000	5000	264	horde		group2	bound	249			weight	nav	4_4			dependency
horde.LEMMAREL2.PPMIweight.LENGTH5000.SOCPOSall			1	5000	5000	264	horde		group2	bound	249			weight	all	4_4			dependency
horde.LEMMAREL2.PPMIweight.LENGTHFOC.SOCPOSnav			1	FOC	165	264	horde		group2	bound	249			weight	nav	4_4			dependency
horde.LEMMAREL2.PPMIweight.LENGTHFOC.SOCPOSall			1	FOC	249	264	horde		group2	bound	249			weight	all	4_4			dependency
horde.LEMMAREL2.PPMIselection.LENGTH5000.SOCPOSnav			1	5000	5000	264	horde		group2	bound	249			selection	nav	4_4			dependency
horde.LEMMAREL2.PPMIselection.LENGTH5000.SOCPOSall			1	5000	5000	264	horde		group2	bound	249			selection	all	4_4			dependency
horde.LEMMAREL2.PPMIselection.LENGTHFOC.SOCPOSnav			1	FOC	165	264	horde		group2	bound	249			selection	nav	4_4			dependency
horde.LEMMAREL2.PPMIselection.LENGTHFOC.SOCPOSall			1	FOC	249	264	horde		group2	bound	249			selection	all	4_4			dependency
horde.LEMMAREL2.PPMIno.LENGTH5000.SOCPOSnav			1	5000	5000	271	horde		group2	bound	312			no	nav	4_4			dependency
horde.LEMMAREL2.PPMIno.LENGTH5000.SOCPOSall			1	5000	5000	271	horde		group2	bound	312			no	all	4_4			dependency
horde.LEMMAREL2.PPMIno.LENGTHFOC.SOCPOSnav			1	FOC	199	271	horde		group2	bound	312			no	nav	4_4			dependency
horde.LEMMAREL2.PPMIno.LENGTHFOC.SOCPOSall			1	FOC	312	271	horde		group2	bound	312			no	all	4_4			dependency
horde.LEMMAREL3.PPMIweight.LENGTH5000.SOCPOSnav			1	5000	5000	265	horde		group3	bound	313			weight	nav	4_4			dependency
horde.LEMMAREL3.PPMIweight.LENGTH5000.SOCPOSall			1	5000	5000	265	horde		group3	bound	313			weight	all	4_4			dependency
horde.LEMMAREL3.PPMIweight.LENGTHFOC.SOCPOSnav			1	FOC	196	265	horde		group3	bound	313			weight	nav	4_4			dependency
horde.LEMMAREL3.PPMIweight.LENGTHFOC.SOCPOSall			1	FOC	313	265	horde		group3	bound	313			weight	all	4_4			dependency
horde.LEMMAREL3.PPMIselection.LENGTH5000.SOCPOSnav			1	5000	5000	265	horde		group3	bound	313			selection	nav	4_4			dependency
horde.LEMMAREL3.PPMIselection.LENGTH5000.SOCPOSall			1	5000	5000	265	horde		group3	bound	313			selection	all	4_4			dependency
horde.LEMMAREL3.PPMIselection.LENGTHFOC.SOCPOSnav			1	FOC	196	265	horde		group3	bound	313			selection	nav	4_4			dependency
horde.LEMMAREL3.PPMIselection.LENGTHFOC.SOCPOSall			1	FOC	313	265	horde		group3	bound	313			selection	all	4_4			dependency
horde.LEMMAREL3.PPMIno.LENGTH5000.SOCPOSnav			1	5000	5000	271	horde		group3	bound	425			no	nav	4_4			dependency
horde.LEMMAREL3.PPMIno.LENGTH5000.SOCPOSall			1	5000	5000	271	horde		group3	bound	425			no	all	4_4			dependency
horde.LEMMAREL3.PPMIno.LENGTHFOC.SOCPOSnav			1	FOC	244	271	horde		group3	bound	425			no	nav	4_4			dependency
horde.LEMMAREL3.PPMIno.LENGTHFOC.SOCPOSall			1	FOC	425	271	horde		group3	bound	425			no	all	4_4			dependency
